segmento,n_entidades,ventas_total,venta_media,promo_media,pct_demanda_alta,tasa_ceros,cv_ventas,sensibilidad_promo,etiqueta_narrativa
0,26,1.5013903e+07,165.10406,1.637105724397886,0.2417655527809922,0.25991990986052743,1.6322573754789356,85.54021,"Familias: volumen medio, venta continua"
1,3,2.2770731e+08,2504.039,14.441218732588487,0.24997800651007304,0.14826544676109205,1.1162398921618037,1754.209,"Familias: alto volumen, venta continua"
2,4,40390.0,0.44415852,0.0007532770299991203,0.0864784023928917,0.7811647752265329,4.365256818495334,0.93140006,"Familias: bajo volumen, intermitente"
