segmento,ventas_total,venta_media,promociones_media,pct_demanda_alta,n
0,1.3017435e+07,143.14941,1.4189253980821677,0.22106059939591213,30
1,2.2770731e+08,2504.039,14.441218732588487,0.24997800651007304,3
