k,silueta,inercia
2,0.6075180537561553,118.51127411861873
3,0.46625153264365743,68.18675431528229
4,0.39992573630420175,45.73205860838476
5,0.35387763746032974,37.80602080796046
6,0.3560911333402731,31.072758488747677
7,0.3844096455982345,24.60036323210128
8,0.3394406450239558,20.77690187603524
