demanda_alta,filas,pct
No,2329621,77.63105454118914
Si,671267,22.36894545881086
