month,indice_estacional,anios_observados
1,0.92411053,5
2,0.8620969,5
3,0.96159476,5
4,0.91027814,5
5,0.92189944,5
6,0.96141493,5
7,1.0176237,5
8,0.9527731,5
9,1.0735769,4
10,1.0680356,4
11,1.1110845,4
12,1.3492529,4
