Modelo,MAE,RMSE,RMSLE,MAPE,WAPE,R2
Ridge Regression,450.53580665928166,1049.184460527166,2.7470408328543057,2022.434275323312,91.33018477095331,0.362000332699396
Random Forest,343.0075698263801,850.9892319029333,2.129980236477378,762.408559615351,69.53264150605017,0.5802749568485301
Gradient Boosting,319.7922844668053,831.6285442239173,1.9432067080229602,498.6430770972706,64.82656427520352,0.5991558704458936
