Modelo,Silhouette,Calinski-Harabasz,Davies-Bouldin,Inercia
KMeans Tiendas (k=2),0.6075180537561553,90.16368970210145,0.5638788109225298,118.51127411861873
KMeans Familias (k=2),0.70521829208321,39.11166643330059,0.5606745293545637,58.36403851408733
