Modelo,Accuracy,Precision,Recall,F1,AUC-ROC
Logistic Regression,0.7811447811447811,0.7198748043818466,0.5311778290993071,0.6112956810631229,0.8258798539423924
Random Forest,0.7931163486719043,0.7520128824476651,0.5392609699769053,0.6281102891728312,0.8502395099376174
Gradient Boosting,0.7938645716423495,0.7154582763337893,0.6039260969976905,0.6549780839073263,0.8576091693708454
