segmento,ventas_total,venta_media,venta_mediana,promociones_media,transacciones_media,pct_demanda_alta,familias_activas,n
0,1.4598207e+07,262.68997,10.305898,2.4495286213462633,1194.8627051392787,0.1367063531013002,33.0,44
1,4.3132388e+07,776.1532,46.4,3.2770333981141584,3143.9666270783846,0.6064151011300656,33.0,10
