type,filas,ventas_total,media_sales,mediana_sales
A,500148,3.5304384e+08,705.8787,24.0
D,1000296,3.510833e+08,350.9794,16.0
C,833580,1.6443474e+08,197.26329,5.0
B,444576,1.4526064e+08,326.73972,7.0
E,222288,5.9822436e+07,269.1213,4.0
