k,silueta,inercia
2,0.70521829208321,58.36403851408733
3,0.65901295516915,29.685765665677046
4,0.6602017494392384,14.567359569997988
5,0.636344113773581,10.06611347766693
6,0.5163944397245113,6.494038088405459
