variable,conteo,nulos,media,mediana,desv_std,asimetria,min,p25,p75,max
onpromotion_train,3000888,0,2.6027702466736513,0.0,12.218882346424387,11.166556349085486,0.0,0.0,0.0,741.0
transactions,83488,0,1694.6021583940208,1393.0,963.2866435167257,1.5183240782684675,5.0,1046.0,2079.0,8359.0
dcoilwtico,1175,43,67.71436309814453,53.189998626708984,25.630475997924805,0.3212379515171051,26.190000534057617,46.404998779296875,95.66000366210938,110.62000274658203
