year,dias_observados,ventas_total,venta_media_diaria,anio_completo,yoy_media_diaria_pct
2013,364,1.40419e+08,385766.5,True,
2014,364,2.0947424e+08,575478.7,True,49.17798
2015,364,2.408801e+08,661758.5,True,14.9927025
2016,365,2.8865453e+08,790834.3,True,19.504976
2017,227,1.9421707e+08,855581.8,False,8.187235
