fecha_orden,id_proveedor,sku,categoria,cantidad_pedida,precio_unitario_compra,costo_total,lead_time_dias,cantidad_recibida,cumplimiento,metodo_pago,descuento_volumen
2016-12-27,PROV-01,SKU-121964,AUTOMOTIVE,3,3.38,10.14,7,2.94,0.98,contado,1.52
2016-12-27,PROV-01,SKU-172995,AUTOMOTIVE,8,6.73,53.84,11,6.3,0.7875,contado,5.33
2016-12-27,PROV-04,SKU-1047679,BEVERAGES,1829,22.41,40987.89,2,1705.75,0.9326,credito_15,10.65
2016-12-27,PROV-04,SKU-119624,BEVERAGES,82,2.86,234.52,8,78.63,0.9589,credito_15,7.65
2016-12-27,PROV-04,SKU-1430040,BEVERAGES,1185,9.67,11458.95,2,1144.05,0.9654,credito_15,8.28
2016-12-27,PROV-04,SKU-1463992,BEVERAGES,2321,20.67,47975.07,7,2087.6,0.8994,credito_15,8.32
2016-12-27,PROV-04,SKU-1463993,BEVERAGES,1758,8.61,15136.38,7,1480.03,0.8419,credito_15,9.69
2016-12-27,PROV-04,SKU-165550,BEVERAGES,301,10.86,3268.86,3,280.24,0.931,credito_15,3.29
2016-12-27,PROV-04,SKU-165551,BEVERAGES,106,24.82,2630.92,2,101.64,0.9589,credito_15,5.98
2016-12-27,PROV-04,SKU-165553,BEVERAGES,51,2.93,149.43,7,47.85,0.9382,credito_15,1.86
2016-12-27,PROV-04,SKU-174081,BEVERAGES,65,7.23,469.95,5,65,1,credito_15,8.87
2016-12-27,PROV-04,SKU-2006812,BEVERAGES,907,19.22,17432.54,5,742.44,0.8186,credito_15,5.04
2016-12-27,PROV-04,SKU-2042941,BEVERAGES,50,10.12,506,8,45.55,0.911,credito_15,10.03
2016-12-27,PROV-04,SKU-2042947,BEVERAGES,121,17.61,2130.81,6,112.58,0.9304,credito_15,3.19
2016-12-27,PROV-04,SKU-219147,BEVERAGES,74,16.82,1244.68,4,62.35,0.8426,credito_15,4.33
2016-12-27,PROV-04,SKU-219150,BEVERAGES,7,1.52,10.64,8,6.37,0.91,credito_15,7.8
2016-12-27,PROV-04,SKU-219152,BEVERAGES,9,23.63,212.67,3,7.94,0.8822,credito_15,2.42
2016-12-27,PROV-04,SKU-257848,BEVERAGES,28,5.96,166.88,3,25.06,0.895,credito_15,0.96
2016-12-27,PROV-04,SKU-364738,BEVERAGES,1558,14.62,22777.96,4,1480.01,0.9499,credito_15,4
2016-12-27,PROV-04,SKU-819932,BEVERAGES,69,20.65,1424.85,4,61.29,0.8883,credito_15,6.63
2016-12-27,PROV-06,SKU-103665,BREAD/BAKERY,34,8.68,295.12,9,32.11,0.9444,credito_15,1.27
2016-12-27,PROV-06,SKU-1333307,BREAD/BAKERY,246,11.69,2875.74,10,229.48,0.9328,credito_15,9.77
2016-12-27,PROV-06,SKU-153239,BREAD/BAKERY,71,9.2,653.2,4,69.94,0.9851,credito_15,1.27
2016-12-27,PROV-06,SKU-153395,BREAD/BAKERY,49,14.3,700.7,5,44.81,0.9145,credito_15,9.97
2016-12-27,PROV-06,SKU-153398,BREAD/BAKERY,54,10.58,571.32,7,48.42,0.8967,credito_15,8.01
2016-12-27,PROV-06,SKU-165718,BREAD/BAKERY,128,8.98,1149.44,7,118.18,0.9233,credito_15,7.62
2016-12-27,PROV-06,SKU-215370,BREAD/BAKERY,104,19.96,2075.84,9,92.43,0.8888,credito_15,8.45
2016-12-27,PROV-06,SKU-253103,BREAD/BAKERY,28,2.6,72.8,7,25.94,0.9264,credito_15,6.65
2016-12-27,PROV-08,SKU-103501,CLEANING,60,9.62,577.2,6,60,1,credito_15,8.69
2016-12-27,PROV-08,SKU-108786,CLEANING,107,4.58,490.06,8,105.91,0.9898,credito_15,3.46
2016-12-27,PROV-08,SKU-108952,CLEANING,79,10.81,853.99,8,79,1,credito_15,6.92
2016-12-27,PROV-08,SKU-115267,CLEANING,136,1.77,240.72,5,127.72,0.9391,credito_15,11.54
2016-12-27,PROV-08,SKU-116311,CLEANING,12,17.2,206.4,4,11.19,0.9325,credito_15,0.69
2016-12-27,PROV-08,SKU-119023,CLEANING,38,24.77,941.26,8,38,1,credito_15,8.23
2016-12-27,PROV-08,SKU-119024,CLEANING,72,6.05,435.6,5,66.05,0.9174,credito_15,11.59
2016-12-27,PROV-08,SKU-119026,CLEANING,130,8.19,1064.7,8,128.74,0.9903,credito_15,2.94
2016-12-27,PROV-08,SKU-119187,CLEANING,46,13.85,637.1,5,44.39,0.965,credito_15,7.41
2016-12-27,PROV-08,SKU-119191,CLEANING,26,15.12,393.12,5,25.07,0.9642,credito_15,0.56
2016-12-27,PROV-08,SKU-119193,CLEANING,23,13.08,300.84,9,23,1,credito_15,7.88
2016-12-27,PROV-08,SKU-122425,CLEANING,40,8.09,323.6,8,38.82,0.9705,credito_15,5.18
2016-12-27,PROV-08,SKU-153078,CLEANING,52,6.87,357.24,8,45.36,0.8723,credito_15,3.4
2016-12-27,PROV-08,SKU-158788,CLEANING,106,22.36,2370.16,8,97.9,0.9236,credito_15,7.19
2016-12-27,PROV-08,SKU-158789,CLEANING,137,24.65,3377.05,6,137,1,credito_15,4.87
2016-12-27,PROV-08,SKU-158956,CLEANING,47,24.55,1153.85,6,45.4,0.966,credito_15,11.34
2016-12-27,PROV-08,SKU-159242,CLEANING,81,2.52,204.12,6,70.37,0.8688,credito_15,3.16
2016-12-27,PROV-08,SKU-164647,CLEANING,356,18.9,6728.4,9,350.47,0.9845,credito_15,5.65
2016-12-27,PROV-08,SKU-168927,CLEANING,225,6.22,1399.5,8,219.15,0.974,credito_15,2.36
2016-12-27,PROV-08,SKU-168930,CLEANING,193,2.51,484.43,7,169.8,0.8798,credito_15,10.16
2016-12-27,PROV-08,SKU-168931,CLEANING,74,3.83,283.42,8,74,1,credito_15,3.65
2016-12-27,PROV-08,SKU-169101,CLEANING,6,9.59,57.54,8,5.86,0.9767,credito_15,10.19
2016-12-27,PROV-08,SKU-169104,CLEANING,2,9.36,18.72,8,1.91,0.955,credito_15,4.31
2016-12-27,PROV-08,SKU-171890,CLEANING,13,10.02,130.26,4,11.87,0.9131,credito_15,0.71
2016-12-27,PROV-08,SKU-176411,CLEANING,11,16.05,176.55,7,10.16,0.9236,credito_15,10.1
2016-12-27,PROV-08,SKU-208498,CLEANING,51,19.45,991.95,9,51,1,credito_15,6.98
2016-12-27,PROV-08,SKU-209085,CLEANING,74,4.68,346.32,5,63.75,0.8615,credito_15,11.82
2016-12-27,PROV-08,SKU-214381,CLEANING,179,9.45,1691.55,8,179,1,credito_15,8.83
2016-12-27,PROV-08,SKU-214859,CLEANING,67,22.21,1488.07,9,63.32,0.9451,credito_15,3.39
2016-12-27,PROV-08,SKU-214860,CLEANING,43,16.03,689.29,8,42.62,0.9912,credito_15,9.67
2016-12-27,PROV-08,SKU-214862,CLEANING,86,4.59,394.74,7,77.14,0.897,credito_15,10.81
2016-12-27,PROV-08,SKU-218726,CLEANING,14,13.04,182.56,7,12.57,0.8979,credito_15,3.89
2016-12-27,PROV-08,SKU-218728,CLEANING,22,8.65,190.3,5,20.4,0.9273,credito_15,9.61
2016-12-27,PROV-08,SKU-221506,CLEANING,70,13.87,970.9,10,66.91,0.9559,credito_15,2.57
2016-12-27,PROV-08,SKU-224081,CLEANING,44,20.04,881.76,9,41.22,0.9368,credito_15,1.26
2016-12-27,PROV-08,SKU-226126,CLEANING,99,22.27,2204.73,4,94.96,0.9592,credito_15,8.28
2016-12-27,PROV-08,SKU-252970,CLEANING,79,8.03,634.37,9,65.78,0.8327,credito_15,1.41
2016-12-27,PROV-08,SKU-252972,CLEANING,77,4,308,10,77,1,credito_15,8.15
2016-12-27,PROV-08,SKU-258376,CLEANING,209,12.72,2658.48,9,209,1,credito_15,9.61
2016-12-27,PROV-09,SKU-122095,DAIRY,49,6.17,302.33,9,49,1,contado,4.2
2016-12-27,PROV-09,SKU-123347,DAIRY,58,16.24,941.92,12,58,1,contado,2.47
2016-12-27,PROV-09,SKU-1427659,DAIRY,616,20.77,12794.32,8,527.93,0.857,contado,5.87
2016-12-27,PROV-09,SKU-164088,DAIRY,78,6.09,475.02,8,70.76,0.9072,contado,0.61
2016-12-27,PROV-09,SKU-173113,DAIRY,14,13.89,194.46,9,13.12,0.9371,contado,0.57
2016-12-27,PROV-09,SKU-179615,DAIRY,83,23.7,1967.1,12,78.5,0.9458,contado,11.16
2016-12-27,PROV-09,SKU-205486,DAIRY,36,22.33,803.88,8,32.73,0.9092,contado,8.22
2016-12-27,PROV-10,SKU-108696,DELI,85,14.5,1232.5,11,83.88,0.9868,credito_15,6.85
2016-12-27,PROV-10,SKU-108698,DELI,66,4.36,287.76,7,60.32,0.9139,credito_15,0.37
2016-12-27,PROV-10,SKU-108701,DELI,47,8.18,384.46,10,44.45,0.9457,credito_15,1.35
2016-12-27,PROV-10,SKU-208426,DELI,36,18.13,652.68,9,33.61,0.9336,credito_15,9.7
2016-12-27,PROV-10,SKU-220613,DELI,32,5.5,176,10,32,1,credito_15,10.64
2016-12-27,PROV-11,SKU-108833,EGGS,36,13.17,474.12,7,33.57,0.9325,credito_30,9.82
2016-12-27,PROV-11,SKU-127547,EGGS,72,21.95,1580.4,10,63.67,0.8843,credito_30,10.18
2016-12-27,PROV-11,SKU-158680,EGGS,115,15.57,1790.55,10,108.52,0.9437,credito_30,3.92
2016-12-27,PROV-11,SKU-208384,EGGS,274,13.6,3726.4,10,232.74,0.8494,credito_30,7.81
2016-12-27,PROV-11,SKU-208386,EGGS,97,17.06,1654.82,12,86.57,0.8925,credito_30,6.32
2016-12-27,PROV-11,SKU-258268,EGGS,92,3.54,325.68,6,81.61,0.8871,credito_30,0.73
2016-12-27,PROV-12,SKU-258411,FROZEN FOODS,73,20.23,1476.79,8,68.9,0.9438,credito_15,9.84
2016-12-27,PROV-13,SKU-103520,GROCERY I,24,24.61,590.64,7,19.4,0.8083,credito_15,4.19
2016-12-27,PROV-13,SKU-105574,GROCERY I,95,1.76,167.2,6,95,1,credito_15,10.52
2016-12-27,PROV-13,SKU-105576,GROCERY I,185,13.13,2429.05,11,170.57,0.922,credito_15,5.21
2016-12-27,PROV-13,SKU-105577,GROCERY I,16,8.29,132.64,8,16,1,credito_15,10.66
2016-12-27,PROV-13,SKU-105693,GROCERY I,36,1.51,54.36,7,33.73,0.9369,credito_15,5.73
2016-12-27,PROV-13,SKU-105737,GROCERY I,40,12.04,481.6,6,36.85,0.9212,credito_15,7.51
2016-12-27,PROV-13,SKU-105857,GROCERY I,80,22.71,1816.8,9,80,1,credito_15,9.17
2016-12-27,PROV-13,SKU-106716,GROCERY I,107,16.92,1810.44,8,102.9,0.9617,credito_15,5.05
2016-12-27,PROV-13,SKU-108079,GROCERY I,18,24.15,434.7,8,16.99,0.9439,credito_15,9.51
2016-12-27,PROV-13,SKU-108797,GROCERY I,88,23.15,2037.2,10,81.67,0.9281,credito_15,4.03
2016-12-27,PROV-13,SKU-108862,GROCERY I,16,17.93,286.88,12,16,1,credito_15,1.47
2016-12-27,PROV-13,SKU-111223,GROCERY I,190,17.97,3414.3,9,166.55,0.8766,credito_15,4.17
2016-12-27,PROV-13,SKU-111397,GROCERY I,56,10.24,573.44,9,52.62,0.9396,credito_15,2.23
2016-12-27,PROV-13,SKU-112830,GROCERY I,39,10.99,428.61,6,34.34,0.8805,credito_15,1.42
2016-12-27,PROV-13,SKU-114790,GROCERY I,273,24.29,6631.17,8,260.95,0.9559,credito_15,6.65
2016-12-27,PROV-13,SKU-115611,GROCERY I,142,22.31,3168.02,6,135.52,0.9544,credito_15,4.13
2016-12-27,PROV-13,SKU-115693,GROCERY I,38,23.46,891.48,12,37.32,0.9821,credito_15,5.42
2016-12-27,PROV-13,SKU-115720,GROCERY I,122,21.56,2630.32,6,117.74,0.9651,credito_15,0.01
2016-12-27,PROV-13,SKU-115850,GROCERY I,346,16.03,5546.38,10,338.78,0.9791,credito_15,11.94
2016-12-27,PROV-13,SKU-115891,GROCERY I,76,15.3,1162.8,11,64.95,0.8546,credito_15,11.14
2016-12-27,PROV-13,SKU-115892,GROCERY I,208,10.31,2144.48,6,194.15,0.9334,credito_15,1.29
2016-12-27,PROV-13,SKU-115893,GROCERY I,131,7.16,937.96,6,131,1,credito_15,5.62
2016-12-27,PROV-13,SKU-115894,GROCERY I,241,4.91,1183.31,8,221.12,0.9175,credito_15,4.29
2016-12-27,PROV-13,SKU-116017,GROCERY I,456,5.48,2498.88,10,405.04,0.8882,credito_15,5.71
2016-12-27,PROV-13,SKU-116018,GROCERY I,167,9.79,1634.93,8,142.18,0.8514,credito_15,2.31
2016-12-27,PROV-13,SKU-122419,GROCERY I,38,21.05,799.9,6,36.5,0.9605,credito_15,0.79
2016-12-27,PROV-13,SKU-123601,GROCERY I,137,20.21,2768.77,10,135.65,0.9901,credito_15,10.66
2016-12-27,PROV-13,SKU-123927,GROCERY I,18,12.89,232.02,11,17.06,0.9478,credito_15,1.78
2016-12-27,PROV-13,SKU-125430,GROCERY I,105,5.35,561.75,8,96.06,0.9149,credito_15,11.1
2016-12-27,PROV-13,SKU-127534,GROCERY I,34,9.78,332.52,8,30.48,0.8965,credito_15,1.96
2016-12-27,PROV-13,SKU-129296,GROCERY I,88,17.27,1519.76,9,87.68,0.9964,credito_15,5.98
2016-12-27,PROV-13,SKU-129297,GROCERY I,36,6.14,221.04,9,36,1,credito_15,0.68
2016-12-27,PROV-13,SKU-155499,GROCERY I,60,11.6,696,9,56.8,0.9467,credito_15,7.31
2016-12-27,PROV-13,SKU-155500,GROCERY I,271,5.43,1471.53,6,247.46,0.9131,credito_15,1.26
2016-12-27,PROV-13,SKU-155601,GROCERY I,29,17.53,508.37,6,29,1,credito_15,9.96
2016-12-27,PROV-13,SKU-155607,GROCERY I,21,13.99,293.79,7,19.38,0.9229,credito_15,2.31
2016-12-27,PROV-13,SKU-155610,GROCERY I,75,1.62,121.5,6,70.17,0.9356,credito_15,9.27
2016-12-27,PROV-13,SKU-155621,GROCERY I,28,15.2,425.6,7,27.95,0.9982,credito_15,0.65
2016-12-27,PROV-13,SKU-155625,GROCERY I,39,20.43,796.77,9,36.34,0.9318,credito_15,7.65
2016-12-27,PROV-13,SKU-157956,GROCERY I,23,22.53,518.19,8,21.94,0.9539,credito_15,9.68
2016-12-27,PROV-13,SKU-158875,GROCERY I,24,10.06,241.44,7,24,1,credito_15,0.02
2016-12-27,PROV-13,SKU-164036,GROCERY I,80,10.4,832,12,69.6,0.87,credito_15,11.11
2016-12-27,PROV-13,SKU-164037,GROCERY I,189,20.02,3783.78,6,189,1,credito_15,8.62
2016-12-27,PROV-13,SKU-165594,GROCERY I,147,15.04,2210.88,12,146.31,0.9953,credito_15,5.83
2016-12-27,PROV-13,SKU-165693,GROCERY I,111,4.38,486.18,11,111,1,credito_15,0.75
2016-12-27,PROV-13,SKU-165704,GROCERY I,249,24.86,6190.14,9,244.65,0.9825,credito_15,8.69
2016-12-27,PROV-13,SKU-165705,GROCERY I,44,12.35,543.4,12,44,1,credito_15,9.51
2016-12-27,PROV-13,SKU-165727,GROCERY I,34,21.7,737.8,10,29.68,0.8729,credito_15,4.98
2016-12-27,PROV-13,SKU-168989,GROCERY I,33,5.77,190.41,9,29.14,0.883,credito_15,2.11
2016-12-27,PROV-13,SKU-169028,GROCERY I,71,3.63,257.73,9,62.9,0.8859,credito_15,0.37
2016-12-27,PROV-13,SKU-170791,GROCERY I,126,7.87,991.62,6,110.36,0.8759,credito_15,4.61
2016-12-27,PROV-13,SKU-172343,GROCERY I,109,22.32,2432.88,12,109,1,credito_15,6.56
2016-12-27,PROV-13,SKU-173111,GROCERY I,101,18.85,1903.85,12,95.52,0.9457,credito_15,11.89
2016-12-27,PROV-13,SKU-177395,GROCERY I,93,18.86,1753.98,8,86.56,0.9308,credito_15,5.91
2016-12-27,PROV-13,SKU-179564,GROCERY I,13,7.98,103.74,9,11.67,0.8977,credito_15,7.45
2016-12-27,PROV-13,SKU-179579,GROCERY I,29,16.68,483.72,8,28.86,0.9952,credito_15,11.68
2016-12-27,PROV-13,SKU-205381,GROCERY I,19,10.63,201.97,8,19,1,credito_15,5.53
2016-12-27,PROV-13,SKU-205387,GROCERY I,156,24.72,3856.32,10,142.27,0.912,credito_15,8.55
2016-12-27,PROV-13,SKU-205557,GROCERY I,17,8.19,139.23,7,15.93,0.9371,credito_15,8.16
2016-12-27,PROV-13,SKU-207857,GROCERY I,65,8.15,529.75,8,60.66,0.9332,credito_15,0.78
2016-12-27,PROV-13,SKU-208514,GROCERY I,89,23.73,2111.97,10,80.5,0.9045,credito_15,6.96
2016-12-27,PROV-13,SKU-208699,GROCERY I,36,6.33,227.88,9,36,1,credito_15,9.02
2016-12-27,PROV-13,SKU-210798,GROCERY I,33,22.64,747.12,12,28.72,0.8703,credito_15,9.54
2016-12-27,PROV-13,SKU-211203,GROCERY I,368,20.69,7613.92,11,326.11,0.8862,credito_15,8.7
2016-12-27,PROV-13,SKU-211205,GROCERY I,206,11.7,2410.2,8,184.87,0.8974,credito_15,11.59
2016-12-27,PROV-13,SKU-211206,GROCERY I,92,12.84,1181.28,7,85.17,0.9258,credito_15,4.3
2016-12-27,PROV-13,SKU-211999,GROCERY I,25,22,550,8,23,0.92,credito_15,0.75
2016-12-27,PROV-13,SKU-212552,GROCERY I,49,17.57,860.93,7,44.58,0.9098,credito_15,0.47
2016-12-27,PROV-13,SKU-213788,GROCERY I,104,15.73,1635.92,6,97.82,0.9406,credito_15,11.41
2016-12-27,PROV-13,SKU-215303,GROCERY I,156,22.99,3586.44,7,149.96,0.9613,credito_15,1.73
2016-12-27,PROV-13,SKU-215304,GROCERY I,62,20.98,1300.76,8,61.66,0.9945,credito_15,0.46
2016-12-27,PROV-13,SKU-215327,GROCERY I,112,4.39,491.68,8,109.16,0.9746,credito_15,11.74
2016-12-27,PROV-13,SKU-215331,GROCERY I,334,20.73,6923.82,6,302.97,0.9071,credito_15,0.29
2016-12-27,PROV-13,SKU-215332,GROCERY I,79,18.14,1433.06,9,78.1,0.9886,credito_15,7.61
2016-12-27,PROV-13,SKU-215352,GROCERY I,331,19.77,6543.87,8,299.65,0.9053,credito_15,0.19
2016-12-27,PROV-13,SKU-215356,GROCERY I,23,7.24,166.52,9,23,1,credito_15,3.19
2016-12-27,PROV-13,SKU-215896,GROCERY I,182,13.91,2531.62,10,163.81,0.9001,credito_15,7.71
2016-12-27,PROV-13,SKU-217827,GROCERY I,49,2.53,123.97,7,45.44,0.9273,credito_15,2.77
2016-12-27,PROV-13,SKU-220432,GROCERY I,93,17.17,1596.81,7,79.2,0.8516,credito_15,4.63
2016-12-27,PROV-13,SKU-222975,GROCERY I,63,16.35,1030.05,6,61.13,0.9703,credito_15,1.16
2016-12-27,PROV-13,SKU-223068,GROCERY I,10,17.11,171.1,9,9.54,0.954,credito_15,7.04
2016-12-27,PROV-13,SKU-223136,GROCERY I,295,15.36,4531.2,9,273,0.9254,credito_15,6.68
2016-12-27,PROV-13,SKU-223434,GROCERY I,133,11.22,1492.26,6,120.84,0.9086,credito_15,4.5
2016-12-27,PROV-13,SKU-223463,GROCERY I,37,15.36,568.32,9,36.58,0.9886,credito_15,1.2
2016-12-27,PROV-13,SKU-229368,GROCERY I,32,19.18,613.76,6,31.15,0.9734,credito_15,4.44
2016-12-27,PROV-13,SKU-253145,GROCERY I,38,5.87,223.06,10,36.23,0.9534,credito_15,10.33
2016-12-27,PROV-13,SKU-255161,GROCERY I,43,17.46,750.78,7,42.04,0.9777,credito_15,11.28
2016-12-27,PROV-13,SKU-255198,GROCERY I,48,8.35,400.8,8,44.64,0.93,credito_15,4.74
2016-12-27,PROV-13,SKU-255199,GROCERY I,122,20.85,2543.7,11,109.44,0.897,credito_15,11.45
2016-12-27,PROV-13,SKU-255202,GROCERY I,25,8.12,203,8,22.67,0.9068,credito_15,7.57
2016-12-27,PROV-13,SKU-258395,GROCERY I,17,7.79,132.43,12,15.15,0.8912,credito_15,4.92
2016-12-27,PROV-13,SKU-258396,GROCERY I,160,16.42,2627.2,9,160,1,credito_15,0.78
2016-12-27,PROV-13,SKU-314384,GROCERY I,723,4.03,2913.69,10,683.18,0.9449,credito_15,6.66
2016-12-27,PROV-13,SKU-364606,GROCERY I,730,22.34,16308.2,10,709.51,0.9719,credito_15,3.71
2016-12-27,PROV-14,SKU-167437,GROCERY II,67,21.71,1454.57,3,65.97,0.9846,credito_30,10.63
2016-12-27,PROV-14,SKU-210520,GROCERY II,2,21.47,42.94,6,1.87,0.935,credito_30,6.79
2016-12-27,PROV-18,SKU-250782,HOME APPLIANCES,9,22.99,206.91,11,8.09,0.8989,contado,7.75
2016-12-27,PROV-22,SKU-115847,LINGERIE,1,24.3,24.3,9,0.83,0.83,contado,3.39
2016-12-27,PROV-22,SKU-177050,LINGERIE,2,19.6,39.2,6,1.71,0.855,contado,7.94
2016-12-27,PROV-22,SKU-215468,LINGERIE,10,5.11,51.1,10,8.15,0.815,contado,7.72
2016-12-27,PROV-25,SKU-205209,MEATS,15.13,3.26,49.32,12,15.13,1,credito_30,1.36
2016-12-27,PROV-25,SKU-584028,MEATS,483.04,24.29,11733.04,10,481.7,0.9972,credito_30,3.56
2016-12-27,PROV-26,SKU-114799,PERSONAL CARE,88,11.47,1009.36,2,77.18,0.877,contado,10.15
2016-12-27,PROV-26,SKU-114800,PERSONAL CARE,57,21.01,1197.57,1,54.88,0.9628,contado,0.3
2016-12-27,PROV-29,SKU-108831,POULTRY,114.59,13.2,1512.59,8,104.16,0.909,credito_15,3.37
2016-12-27,PROV-29,SKU-159156,POULTRY,482.1,24.7,11907.87,7,471.86,0.9788,credito_15,11.37
2016-12-27,PROV-29,SKU-208539,POULTRY,12.07,9.37,113.1,6,10.25,0.8492,credito_15,5.37
2016-12-27,PROV-31,SKU-1473410,PRODUCE,693.79,20.04,13903.55,8,581.9,0.8387,credito_30,7.81
2016-12-27,PROV-31,SKU-1473474,PRODUCE,1845.48,10.26,18934.62,6,1758.63,0.9529,credito_30,7.85
2016-12-27,PROV-31,SKU-1502392,PRODUCE,692.36,5.27,3648.74,6,665.05,0.9606,credito_30,7.28
2016-12-27,PROV-31,SKU-1503844,PRODUCE,2378.69,2.17,5161.76,4,2048.77,0.8613,credito_30,8.42
2016-12-27,PROV-31,SKU-1503847,PRODUCE,587.57,8.42,4947.34,7,486.45,0.8279,credito_30,7.56
2016-12-27,PROV-31,SKU-1584575,PRODUCE,1039,3.25,3376.75,8,966.01,0.9297,credito_30,11.81
2016-12-27,PROV-31,SKU-1642399,PRODUCE,948.02,24.92,23624.66,8,946.08,0.998,credito_30,6.89
2016-12-27,PROV-31,SKU-1686656,PRODUCE,681,8.68,5911.08,9,681,1,credito_30,11.97
2016-12-27,PROV-31,SKU-1695835,PRODUCE,1109.39,5.86,6501.03,5,932.32,0.8404,credito_30,8.88
2016-12-27,PROV-31,SKU-1751174,PRODUCE,540.04,10.13,5470.6,7,480.45,0.8897,credito_30,6.69
2016-12-27,PROV-31,SKU-1926217,PRODUCE,654,6.14,4015.56,8,548.2,0.8382,credito_30,5.65
2016-12-27,PROV-33,SKU-252698,SEAFOOD,44.68,7.5,335.1,6,40.7,0.9109,contado,11.52
2017-01-03,PROV-01,SKU-121964,AUTOMOTIVE,30,3.38,101.4,6,27.44,0.9147,contado,1.52
2017-01-03,PROV-01,SKU-172995,AUTOMOTIVE,51,6.73,343.23,7,47.71,0.9355,contado,5.33
2017-01-03,PROV-04,SKU-1047679,BEVERAGES,10885,22.41,243932.85,3,9437.21,0.867,credito_15,10.65
2017-01-03,PROV-04,SKU-119624,BEVERAGES,504,2.86,1441.44,2,479.11,0.9506,credito_15,7.65
2017-01-03,PROV-04,SKU-1430040,BEVERAGES,7666,9.67,74130.22,7,6000.45,0.7827,credito_15,8.28
2017-01-03,PROV-04,SKU-1463992,BEVERAGES,10186,20.67,210544.62,8,8744.08,0.8584,credito_15,8.32
2017-01-03,PROV-04,SKU-1463993,BEVERAGES,7394,8.61,63662.34,5,6622.6,0.8957,credito_15,9.69
2017-01-03,PROV-04,SKU-165550,BEVERAGES,926,10.86,10056.36,8,824.36,0.8902,credito_15,3.29
2017-01-03,PROV-04,SKU-165551,BEVERAGES,310,24.82,7694.2,3,305.24,0.9846,credito_15,5.98
2017-01-03,PROV-04,SKU-165553,BEVERAGES,232,2.93,679.76,4,215.12,0.9272,credito_15,1.86
2017-01-03,PROV-04,SKU-174081,BEVERAGES,268,7.23,1937.64,5,229.25,0.8554,credito_15,8.87
2017-01-03,PROV-04,SKU-2006812,BEVERAGES,4159,19.22,79935.98,7,4062.72,0.9769,credito_15,5.04
2017-01-03,PROV-04,SKU-2042941,BEVERAGES,814,10.12,8237.68,6,654.8,0.8044,credito_15,10.03
2017-01-03,PROV-04,SKU-2042947,BEVERAGES,5212,17.61,91783.32,6,4927.39,0.9454,credito_15,3.19
2017-01-03,PROV-04,SKU-219147,BEVERAGES,432,16.82,7266.24,4,384.81,0.8908,credito_15,4.33
2017-01-03,PROV-04,SKU-219150,BEVERAGES,8,1.52,12.16,3,7.32,0.915,credito_15,7.8
2017-01-03,PROV-04,SKU-219152,BEVERAGES,184,23.63,4347.92,7,164.13,0.892,credito_15,2.42
2017-01-03,PROV-04,SKU-257848,BEVERAGES,336,5.96,2002.56,4,299.32,0.8908,credito_15,0.96
2017-01-03,PROV-04,SKU-364738,BEVERAGES,7215,14.62,105483.3,2,6670.9,0.9246,credito_15,4
2017-01-03,PROV-04,SKU-819932,BEVERAGES,2107,20.65,43509.55,5,1970.68,0.9353,credito_15,6.63
2017-01-03,PROV-06,SKU-103665,BREAD/BAKERY,178,8.68,1545.04,6,150.66,0.8464,credito_15,1.27
2017-01-03,PROV-06,SKU-1333307,BREAD/BAKERY,2298,11.69,26863.62,7,2287.65,0.9955,credito_15,9.77
2017-01-03,PROV-06,SKU-153239,BREAD/BAKERY,301,9.2,2769.2,4,296.2,0.9841,credito_15,1.27
2017-01-03,PROV-06,SKU-153395,BREAD/BAKERY,181,14.3,2588.3,6,167.67,0.9264,credito_15,9.97
2017-01-03,PROV-06,SKU-153398,BREAD/BAKERY,224,10.58,2369.92,5,206.65,0.9225,credito_15,8.01
2017-01-03,PROV-06,SKU-165718,BREAD/BAKERY,421,8.98,3780.58,6,383.7,0.9114,credito_15,7.62
2017-01-03,PROV-06,SKU-215370,BREAD/BAKERY,351,19.96,7005.96,6,311.55,0.8876,credito_15,8.45
2017-01-03,PROV-06,SKU-253103,BREAD/BAKERY,106,2.6,275.6,7,93.2,0.8792,credito_15,6.65
2017-01-03,PROV-08,SKU-103501,CLEANING,284,9.62,2732.08,9,277.32,0.9765,credito_15,8.69
2017-01-03,PROV-08,SKU-108786,CLEANING,610,4.58,2793.8,7,610,1,credito_15,3.46
2017-01-03,PROV-08,SKU-108952,CLEANING,254,10.81,2745.74,6,253.07,0.9963,credito_15,6.92
2017-01-03,PROV-08,SKU-115267,CLEANING,553,1.77,978.81,4,553,1,credito_15,11.54
2017-01-03,PROV-08,SKU-116311,CLEANING,58,17.2,997.6,10,54.97,0.9478,credito_15,0.69
2017-01-03,PROV-08,SKU-119023,CLEANING,198,24.77,4904.46,8,198,1,credito_15,8.23
2017-01-03,PROV-08,SKU-119024,CLEANING,374,6.05,2262.7,8,374,1,credito_15,11.59
2017-01-03,PROV-08,SKU-119026,CLEANING,807,8.19,6609.33,9,745.8,0.9242,credito_15,2.94
2017-01-03,PROV-08,SKU-119187,CLEANING,248,13.85,3434.8,8,239.36,0.9652,credito_15,7.41
2017-01-03,PROV-08,SKU-119191,CLEANING,158,15.12,2388.96,4,155.21,0.9823,credito_15,0.56
2017-01-03,PROV-08,SKU-119193,CLEANING,184,13.08,2406.72,6,179.74,0.9768,credito_15,7.88
2017-01-03,PROV-08,SKU-122425,CLEANING,168,8.09,1359.12,7,168,1,credito_15,5.18
2017-01-03,PROV-08,SKU-153078,CLEANING,269,6.87,1848.03,9,249.18,0.9263,credito_15,3.4
2017-01-03,PROV-08,SKU-158788,CLEANING,450,22.36,10062,7,450,1,credito_15,7.19
2017-01-03,PROV-08,SKU-158789,CLEANING,1308,24.65,32242.2,9,1300.24,0.9941,credito_15,4.87
2017-01-03,PROV-08,SKU-158956,CLEANING,368,24.55,9034.4,10,326.18,0.8864,credito_15,11.34
2017-01-03,PROV-08,SKU-159242,CLEANING,446,2.52,1123.92,8,441.88,0.9908,credito_15,3.16
2017-01-03,PROV-08,SKU-164647,CLEANING,1777,18.9,33585.3,8,1603.51,0.9024,credito_15,5.65
2017-01-03,PROV-08,SKU-168927,CLEANING,1171,6.22,7283.62,9,1171,1,credito_15,2.36
2017-01-03,PROV-08,SKU-168930,CLEANING,1090,2.51,2735.9,6,1090,1,credito_15,10.16
2017-01-03,PROV-08,SKU-168931,CLEANING,372,3.83,1424.76,5,349.74,0.9402,credito_15,3.65
2017-01-03,PROV-08,SKU-169101,CLEANING,58,9.59,556.22,10,54.01,0.9312,credito_15,10.19
2017-01-03,PROV-08,SKU-169104,CLEANING,60,9.36,561.6,4,55.63,0.9272,credito_15,4.31
2017-01-03,PROV-08,SKU-171890,CLEANING,137,10.02,1372.74,8,137,1,credito_15,0.71
2017-01-03,PROV-08,SKU-176411,CLEANING,42,16.05,674.1,10,40.74,0.97,credito_15,10.1
2017-01-03,PROV-08,SKU-208498,CLEANING,205,19.45,3987.25,10,193.05,0.9417,credito_15,6.98
2017-01-03,PROV-08,SKU-209085,CLEANING,369,4.68,1726.92,6,341.17,0.9246,credito_15,11.82
2017-01-03,PROV-08,SKU-214381,CLEANING,713,9.45,6737.85,8,659.81,0.9254,credito_15,8.83
2017-01-03,PROV-08,SKU-214859,CLEANING,258,22.21,5730.18,7,222.95,0.8641,credito_15,3.39
2017-01-03,PROV-08,SKU-214860,CLEANING,272,16.03,4360.16,5,247.77,0.9109,credito_15,9.67
2017-01-03,PROV-08,SKU-214862,CLEANING,321,4.59,1473.39,7,321,1,credito_15,10.81
2017-01-03,PROV-08,SKU-218726,CLEANING,100,13.04,1304,8,97.82,0.9782,credito_15,3.89
2017-01-03,PROV-08,SKU-218728,CLEANING,145,8.65,1254.25,7,141.78,0.9778,credito_15,9.61
2017-01-03,PROV-08,SKU-221506,CLEANING,386,13.87,5353.82,9,386,1,credito_15,2.57
2017-01-03,PROV-08,SKU-224081,CLEANING,250,20.04,5010,5,239.89,0.9596,credito_15,1.26
2017-01-03,PROV-08,SKU-226126,CLEANING,318,22.27,7081.86,8,278.16,0.8747,credito_15,8.28
2017-01-03,PROV-08,SKU-252970,CLEANING,372,8.03,2987.16,5,361.33,0.9713,credito_15,1.41
2017-01-03,PROV-08,SKU-252972,CLEANING,334,4,1336,10,330.06,0.9882,credito_15,8.15
2017-01-03,PROV-08,SKU-258376,CLEANING,988,12.72,12567.36,8,988,1,credito_15,9.61
2017-01-03,PROV-09,SKU-122095,DAIRY,209,6.17,1289.53,12,205.27,0.9822,contado,4.2
2017-01-03,PROV-09,SKU-123347,DAIRY,260,16.24,4222.4,7,230.2,0.8854,contado,2.47
2017-01-03,PROV-09,SKU-1427659,DAIRY,3118,20.77,64760.86,8,3107.68,0.9967,contado,5.87
2017-01-03,PROV-09,SKU-158842,DAIRY,449,19.63,8813.87,10,449,1,contado,7.14
2017-01-03,PROV-09,SKU-164088,DAIRY,299,6.09,1820.91,11,283.19,0.9471,contado,0.61
2017-01-03,PROV-09,SKU-173113,DAIRY,76,13.89,1055.64,8,76,1,contado,0.57
2017-01-03,PROV-09,SKU-179615,DAIRY,539,23.7,12774.3,7,526.78,0.9773,contado,11.16
2017-01-03,PROV-09,SKU-205486,DAIRY,183,22.33,4086.39,10,183,1,contado,8.22
2017-01-03,PROV-10,SKU-108696,DELI,352,14.5,5104,10,341.93,0.9714,credito_15,6.85
2017-01-03,PROV-10,SKU-108698,DELI,243,4.36,1059.48,10,215.31,0.886,credito_15,0.37
2017-01-03,PROV-10,SKU-108701,DELI,234,8.18,1914.12,10,234,1,credito_15,1.35
2017-01-03,PROV-10,SKU-208426,DELI,177,18.13,3209.01,11,177,1,credito_15,9.7
2017-01-03,PROV-10,SKU-220613,DELI,152,5.5,836,8,145.15,0.9549,credito_15,10.64
2017-01-03,PROV-11,SKU-108833,EGGS,128,13.17,1685.76,8,113.22,0.8845,credito_30,9.82
2017-01-03,PROV-11,SKU-127547,EGGS,256,21.95,5619.2,10,222.75,0.8701,credito_30,10.18
2017-01-03,PROV-11,SKU-158680,EGGS,498,15.57,7753.86,12,442.63,0.8888,credito_30,3.92
2017-01-03,PROV-11,SKU-208384,EGGS,1164,13.6,15830.4,6,1088.9,0.9355,credito_30,7.81
2017-01-03,PROV-11,SKU-208386,EGGS,416,17.06,7096.96,9,350.18,0.8418,credito_30,6.32
2017-01-03,PROV-11,SKU-227111,EGGS,341,15.75,5370.75,8,310.94,0.9118,credito_30,5.65
2017-01-03,PROV-11,SKU-258268,EGGS,402,3.54,1423.08,8,382.82,0.9523,credito_30,0.73
2017-01-03,PROV-12,SKU-258411,FROZEN FOODS,267,20.23,5401.41,3,249.69,0.9352,credito_15,9.84
2017-01-03,PROV-13,SKU-103520,GROCERY I,161,24.61,3962.21,10,152.37,0.9464,credito_15,4.19
2017-01-03,PROV-13,SKU-105574,GROCERY I,411,1.76,723.36,6,398.75,0.9702,credito_15,10.52
2017-01-03,PROV-13,SKU-105575,GROCERY I,983,20.25,19905.75,9,983,1,credito_15,5.98
2017-01-03,PROV-13,SKU-105576,GROCERY I,784,13.13,10293.92,8,711.55,0.9076,credito_15,5.21
2017-01-03,PROV-13,SKU-105577,GROCERY I,94,8.29,779.26,9,94,1,credito_15,10.66
2017-01-03,PROV-13,SKU-105693,GROCERY I,87,1.51,131.37,8,79.58,0.9147,credito_15,5.73
2017-01-03,PROV-13,SKU-105737,GROCERY I,207,12.04,2492.28,9,181.85,0.8785,credito_15,7.51
2017-01-03,PROV-13,SKU-105857,GROCERY I,450,22.71,10219.5,6,405.96,0.9021,credito_15,9.17
2017-01-03,PROV-13,SKU-106716,GROCERY I,562,16.92,9509.04,9,503.63,0.8961,credito_15,5.05
2017-01-03,PROV-13,SKU-108079,GROCERY I,112,24.15,2704.8,8,97.16,0.8675,credito_15,9.51
2017-01-03,PROV-13,SKU-108797,GROCERY I,448,23.15,10371.2,6,399.21,0.8911,credito_15,4.03
2017-01-03,PROV-13,SKU-108862,GROCERY I,57,17.93,1022.01,6,55.57,0.9749,credito_15,1.47
2017-01-03,PROV-13,SKU-111223,GROCERY I,1042,17.97,18724.74,7,929.32,0.8919,credito_15,4.17
2017-01-03,PROV-13,SKU-111397,GROCERY I,285,10.24,2918.4,8,285,1,credito_15,2.23
2017-01-03,PROV-13,SKU-112830,GROCERY I,250,10.99,2747.5,10,239.68,0.9587,credito_15,1.42
2017-01-03,PROV-13,SKU-114790,GROCERY I,975,24.29,23682.75,6,876.68,0.8992,credito_15,6.65
2017-01-03,PROV-13,SKU-115611,GROCERY I,918,22.31,20480.58,11,796.7,0.8679,credito_15,4.13
2017-01-03,PROV-13,SKU-115720,GROCERY I,485,21.56,10456.6,10,478.7,0.987,credito_15,0.01
2017-01-03,PROV-13,SKU-115850,GROCERY I,1783,16.03,28581.49,7,1645.16,0.9227,credito_15,11.94
2017-01-03,PROV-13,SKU-115891,GROCERY I,335,15.3,5125.5,7,323.07,0.9644,credito_15,11.14
2017-01-03,PROV-13,SKU-115892,GROCERY I,873,10.31,9000.63,9,777.08,0.8901,credito_15,1.29
2017-01-03,PROV-13,SKU-115893,GROCERY I,722,7.16,5169.52,10,693.46,0.9605,credito_15,5.62
2017-01-03,PROV-13,SKU-115894,GROCERY I,847,4.91,4158.77,7,804.04,0.9493,credito_15,4.29
2017-01-03,PROV-13,SKU-116279,GROCERY I,219,7.96,1743.24,7,196.34,0.8965,credito_15,11.83
2017-01-03,PROV-13,SKU-122419,GROCERY I,214,21.05,4504.7,11,202.39,0.9457,credito_15,0.79
2017-01-03,PROV-13,SKU-123602,GROCERY I,77,21.56,1660.12,11,77,1,credito_15,4.51
2017-01-03,PROV-13,SKU-123927,GROCERY I,67,12.89,863.63,9,62.26,0.9293,credito_15,1.78
2017-01-03,PROV-13,SKU-127534,GROCERY I,136,9.78,1330.08,9,136,1,credito_15,1.96
2017-01-03,PROV-13,SKU-129296,GROCERY I,371,17.27,6407.17,7,328.77,0.8862,credito_15,5.98
2017-01-03,PROV-13,SKU-129297,GROCERY I,301,6.14,1848.14,6,266.39,0.885,credito_15,0.68
2017-01-03,PROV-13,SKU-129759,GROCERY I,128,20.22,2588.16,6,116.95,0.9137,credito_15,9.17
2017-01-03,PROV-13,SKU-155500,GROCERY I,1225,5.43,6651.75,10,1147.14,0.9364,credito_15,1.26
2017-01-03,PROV-13,SKU-155600,GROCERY I,99,13.97,1383.03,8,95.01,0.9597,credito_15,11.42
2017-01-03,PROV-13,SKU-155601,GROCERY I,114,17.53,1998.42,7,114,1,credito_15,9.96
2017-01-03,PROV-13,SKU-155607,GROCERY I,114,13.99,1594.86,10,112.57,0.9875,credito_15,2.31
2017-01-03,PROV-13,SKU-155610,GROCERY I,237,1.62,383.94,12,237,1,credito_15,9.27
2017-01-03,PROV-13,SKU-155621,GROCERY I,147,15.2,2234.4,11,147,1,credito_15,0.65
2017-01-03,PROV-13,SKU-155625,GROCERY I,242,20.43,4944.06,8,228.19,0.9429,credito_15,7.65
2017-01-03,PROV-13,SKU-157956,GROCERY I,123,22.53,2771.19,10,117.62,0.9563,credito_15,9.68
2017-01-03,PROV-13,SKU-162066,GROCERY I,738,22.92,16914.96,7,738,1,credito_15,10.68
2017-01-03,PROV-13,SKU-164036,GROCERY I,388,10.4,4035.2,12,388,1,credito_15,11.11
2017-01-03,PROV-13,SKU-164037,GROCERY I,547,20.02,10950.94,8,524.09,0.9581,credito_15,8.62
2017-01-03,PROV-13,SKU-165594,GROCERY I,741,15.04,11144.64,6,724.86,0.9782,credito_15,5.83
2017-01-03,PROV-13,SKU-165704,GROCERY I,540,24.86,13424.4,8,496.36,0.9192,credito_15,8.69
2017-01-03,PROV-13,SKU-165705,GROCERY I,254,12.35,3136.9,9,231.42,0.9111,credito_15,9.51
2017-01-03,PROV-13,SKU-165727,GROCERY I,160,21.7,3472,9,148.37,0.9273,credito_15,4.98
2017-01-03,PROV-13,SKU-165988,GROCERY I,693,24.95,17290.35,11,693,1,credito_15,9.69
2017-01-03,PROV-13,SKU-168989,GROCERY I,248,5.77,1430.96,11,248,1,credito_15,2.11
2017-01-03,PROV-13,SKU-170791,GROCERY I,1153,7.87,9074.11,6,1108.94,0.9618,credito_15,4.61
2017-01-03,PROV-13,SKU-172184,GROCERY I,298,15.9,4738.2,8,290.65,0.9753,credito_15,9.62
2017-01-03,PROV-13,SKU-172343,GROCERY I,459,22.32,10244.88,12,426.79,0.9298,credito_15,6.56
2017-01-03,PROV-13,SKU-173111,GROCERY I,385,18.85,7257.25,8,377.58,0.9807,credito_15,11.89
2017-01-03,PROV-13,SKU-177395,GROCERY I,444,18.86,8373.84,10,372.26,0.8384,credito_15,5.91
2017-01-03,PROV-13,SKU-179274,GROCERY I,506,4.25,2150.5,9,434.02,0.8577,credito_15,3
2017-01-03,PROV-13,SKU-179564,GROCERY I,53,7.98,422.94,10,47.26,0.8917,credito_15,7.45
2017-01-03,PROV-13,SKU-179579,GROCERY I,111,16.68,1851.48,8,97.47,0.8781,credito_15,11.68
2017-01-03,PROV-13,SKU-205381,GROCERY I,98,10.63,1041.74,9,90.92,0.9278,credito_15,5.53
2017-01-03,PROV-13,SKU-205387,GROCERY I,668,24.72,16512.96,9,668,1,credito_15,8.55
2017-01-03,PROV-13,SKU-205557,GROCERY I,100,8.19,819,9,100,1,credito_15,8.16
2017-01-03,PROV-13,SKU-207857,GROCERY I,317,8.15,2583.55,8,287.88,0.9081,credito_15,0.78
2017-01-03,PROV-13,SKU-208514,GROCERY I,369,23.73,8756.37,6,369,1,credito_15,6.96
2017-01-03,PROV-13,SKU-208659,GROCERY I,149,19.11,2847.39,8,149,1,credito_15,5.12
2017-01-03,PROV-13,SKU-208699,GROCERY I,161,6.33,1019.13,10,158.32,0.9834,credito_15,9.02
2017-01-03,PROV-13,SKU-210798,GROCERY I,338,22.64,7652.32,7,336.22,0.9947,credito_15,9.54
2017-01-03,PROV-13,SKU-211205,GROCERY I,677,11.7,7920.9,6,655.31,0.968,credito_15,11.59
2017-01-03,PROV-13,SKU-211206,GROCERY I,364,12.84,4673.76,9,341.63,0.9385,credito_15,4.3
2017-01-03,PROV-13,SKU-212550,GROCERY I,159,11.44,1818.96,9,147.05,0.9248,credito_15,5.17
2017-01-03,PROV-13,SKU-212552,GROCERY I,326,17.57,5727.82,7,326,1,credito_15,0.47
2017-01-03,PROV-13,SKU-213066,GROCERY I,271,21.09,5715.39,9,267.35,0.9865,credito_15,7.3
2017-01-03,PROV-13,SKU-213652,GROCERY I,519,10.28,5335.32,8,498.83,0.9611,credito_15,1.62
2017-01-03,PROV-13,SKU-213653,GROCERY I,260,22.82,5933.2,6,253.58,0.9753,credito_15,7.03
2017-01-03,PROV-13,SKU-213788,GROCERY I,311,15.73,4892.03,12,302.25,0.9719,credito_15,11.41
2017-01-03,PROV-13,SKU-215303,GROCERY I,292,22.99,6713.08,8,275.3,0.9428,credito_15,1.73
2017-01-03,PROV-13,SKU-215304,GROCERY I,170,20.98,3566.6,7,148.19,0.8717,credito_15,0.46
2017-01-03,PROV-13,SKU-215327,GROCERY I,456,4.39,2001.84,10,441.85,0.969,credito_15,11.74
2017-01-03,PROV-13,SKU-215331,GROCERY I,832,20.73,17247.36,8,782.75,0.9408,credito_15,0.29
2017-01-03,PROV-13,SKU-215332,GROCERY I,408,18.14,7401.12,6,358.02,0.8775,credito_15,7.61
2017-01-03,PROV-13,SKU-215352,GROCERY I,1301,19.77,25720.77,7,1301,1,credito_15,0.19
2017-01-03,PROV-13,SKU-215356,GROCERY I,184,7.24,1332.16,10,184,1,credito_15,3.19
2017-01-03,PROV-13,SKU-215896,GROCERY I,852,13.91,11851.32,6,831.88,0.9764,credito_15,7.71
2017-01-03,PROV-13,SKU-217827,GROCERY I,219,2.53,554.07,7,219,1,credito_15,2.77
2017-01-03,PROV-13,SKU-220432,GROCERY I,422,17.17,7245.74,9,388.8,0.9213,credito_15,4.63
2017-01-03,PROV-13,SKU-222879,GROCERY I,1300,8.88,11544,12,1235.6,0.9505,credito_15,2.65
2017-01-03,PROV-13,SKU-223068,GROCERY I,86,17.11,1471.46,7,84.63,0.9841,credito_15,7.04
2017-01-03,PROV-13,SKU-223136,GROCERY I,1588,15.36,24391.68,9,1565.58,0.9859,credito_15,6.68
2017-01-03,PROV-13,SKU-223434,GROCERY I,588,11.22,6597.36,9,538.76,0.9163,credito_15,4.5
2017-01-03,PROV-13,SKU-229368,GROCERY I,188,19.18,3605.84,11,168.84,0.8981,credito_15,4.44
2017-01-03,PROV-13,SKU-253145,GROCERY I,151,5.87,886.37,12,151,1,credito_15,10.33
2017-01-03,PROV-13,SKU-255161,GROCERY I,155,17.46,2706.3,10,150.33,0.9699,credito_15,11.28
2017-01-03,PROV-13,SKU-255198,GROCERY I,319,8.35,2663.65,6,317.63,0.9957,credito_15,4.74
2017-01-03,PROV-13,SKU-255199,GROCERY I,497,20.85,10362.45,10,460.24,0.926,credito_15,11.45
2017-01-03,PROV-13,SKU-255202,GROCERY I,208,8.12,1688.96,12,201.84,0.9704,credito_15,7.57
2017-01-03,PROV-13,SKU-258396,GROCERY I,699,16.42,11477.58,9,610.24,0.873,credito_15,0.78
2017-01-03,PROV-13,SKU-314384,GROCERY I,3024,4.03,12186.72,10,2881.18,0.9528,credito_15,6.66
2017-01-03,PROV-13,SKU-364606,GROCERY I,3601,22.34,80446.34,7,3352.45,0.931,credito_15,3.71
2017-01-03,PROV-14,SKU-167437,GROCERY II,277,21.71,6013.67,6,265.61,0.9589,credito_30,10.63
2017-01-03,PROV-14,SKU-210520,GROCERY II,20,21.47,429.4,4,18.26,0.913,credito_30,6.79
2017-01-03,PROV-22,SKU-115847,LINGERIE,41,24.3,996.3,9,37.56,0.9161,contado,3.39
2017-01-03,PROV-22,SKU-215468,LINGERIE,45,5.11,229.95,10,43.55,0.9678,contado,7.72
2017-01-03,PROV-25,SKU-205209,MEATS,199.23,3.26,649.49,9,187.88,0.943,credito_30,1.36
2017-01-03,PROV-25,SKU-584028,MEATS,2537.41,24.29,61633.69,11,2284.72,0.9004,credito_30,3.56
2017-01-03,PROV-26,SKU-114799,PERSONAL CARE,332,11.47,3808.04,6,258.51,0.7786,contado,10.15
2017-01-03,PROV-26,SKU-114800,PERSONAL CARE,313,21.01,6576.13,4,281.24,0.8985,contado,0.3
2017-01-03,PROV-29,SKU-108831,POULTRY,482.71,13.2,6371.77,4,465.95,0.9653,credito_15,3.37
2017-01-03,PROV-29,SKU-159156,POULTRY,1652.46,24.7,40815.76,4,1544.99,0.935,credito_15,11.37
2017-01-03,PROV-29,SKU-208539,POULTRY,215.7,9.37,2021.11,4,175.56,0.8139,credito_15,5.37
2017-01-03,PROV-31,SKU-1473410,PRODUCE,4076.12,20.04,81685.45,4,4076.12,1,credito_30,7.81
2017-01-03,PROV-31,SKU-1473474,PRODUCE,10124.76,10.26,103880.04,6,8563.88,0.8458,credito_30,7.85
2017-01-03,PROV-31,SKU-1502392,PRODUCE,2819.81,5.27,14860.4,6,2377.36,0.8431,credito_30,7.28
2017-01-03,PROV-31,SKU-1503844,PRODUCE,9672.82,2.17,20990.02,6,9166.51,0.9477,credito_30,8.42
2017-01-03,PROV-31,SKU-1503847,PRODUCE,3574.98,8.42,30101.33,8,3007.62,0.8413,credito_30,7.56
2017-01-03,PROV-31,SKU-1584575,PRODUCE,4411,3.25,14335.75,7,3484.67,0.79,credito_30,11.81
2017-01-03,PROV-31,SKU-1642399,PRODUCE,4138.04,24.92,103119.96,4,3680.23,0.8894,credito_30,6.89
2017-01-03,PROV-31,SKU-1686656,PRODUCE,3459,8.68,30024.12,4,3291.91,0.9517,credito_30,11.97
2017-01-03,PROV-31,SKU-1695835,PRODUCE,4776.9,5.86,27992.63,6,4239,0.8874,credito_30,8.88
2017-01-03,PROV-31,SKU-1751174,PRODUCE,2651.15,10.13,26856.15,6,2464.21,0.9295,credito_30,6.69
2017-01-03,PROV-31,SKU-1926217,PRODUCE,4171,6.14,25609.94,9,3849.34,0.9229,credito_30,5.65
2017-01-03,PROV-33,SKU-252698,SEAFOOD,111.58,7.5,836.85,6,105.6,0.9464,contado,11.52
2017-01-10,PROV-01,SKU-121964,AUTOMOTIVE,19,3.38,64.22,7,17.49,0.9205,contado,1.52
2017-01-10,PROV-01,SKU-172995,AUTOMOTIVE,82,6.73,551.86,9,72.85,0.8884,contado,5.33
2017-01-10,PROV-04,SKU-1047679,BEVERAGES,11226,22.41,251574.66,3,11226,1,credito_15,10.65
2017-01-10,PROV-04,SKU-119624,BEVERAGES,359,2.86,1026.74,2,346.58,0.9654,credito_15,7.65
2017-01-10,PROV-04,SKU-1430040,BEVERAGES,4588,9.67,44365.96,8,3676.51,0.8013,credito_15,8.28
2017-01-10,PROV-04,SKU-1463992,BEVERAGES,8791,20.67,181709.97,6,7171.46,0.8158,credito_15,8.32
2017-01-10,PROV-04,SKU-1463993,BEVERAGES,6392,8.61,55035.12,8,5523.67,0.8642,credito_15,9.69
2017-01-10,PROV-04,SKU-165550,BEVERAGES,624,10.86,6776.64,3,526.19,0.8433,credito_15,3.29
2017-01-10,PROV-04,SKU-165551,BEVERAGES,195,24.82,4839.9,6,195,1,credito_15,5.98
2017-01-10,PROV-04,SKU-165553,BEVERAGES,208,2.93,609.44,5,182.1,0.8755,credito_15,1.86
2017-01-10,PROV-04,SKU-174081,BEVERAGES,226,7.23,1633.98,3,221.39,0.9796,credito_15,8.87
2017-01-10,PROV-04,SKU-2006812,BEVERAGES,2845,19.22,54680.9,7,2340.75,0.8228,credito_15,5.04
2017-01-10,PROV-04,SKU-2042941,BEVERAGES,13186,10.12,133442.32,7,12645.63,0.959,credito_15,10.03
2017-01-10,PROV-04,SKU-2042947,BEVERAGES,21242,17.61,374071.62,6,17756.93,0.8359,credito_15,3.19
2017-01-10,PROV-04,SKU-219147,BEVERAGES,377,16.82,6341.14,8,363.28,0.9636,credito_15,4.33
2017-01-10,PROV-04,SKU-219150,BEVERAGES,8,1.52,12.16,5,6.62,0.8275,credito_15,7.8
2017-01-10,PROV-04,SKU-219152,BEVERAGES,231,23.63,5458.53,3,171.9,0.7442,credito_15,2.42
2017-01-10,PROV-04,SKU-257848,BEVERAGES,233,5.96,1388.68,2,232.13,0.9963,credito_15,0.96
2017-01-10,PROV-04,SKU-364738,BEVERAGES,5341,14.62,78085.42,2,5095.31,0.954,credito_15,4
2017-01-10,PROV-04,SKU-819932,BEVERAGES,6427,20.65,132717.55,3,6037.39,0.9394,credito_15,6.63
2017-01-10,PROV-06,SKU-103665,BREAD/BAKERY,195,8.68,1692.6,9,185,0.9487,credito_15,1.27
2017-01-10,PROV-06,SKU-1333307,BREAD/BAKERY,2179,11.69,25472.51,8,1944.62,0.8924,credito_15,9.77
2017-01-10,PROV-06,SKU-153239,BREAD/BAKERY,265,9.2,2438,4,239.21,0.9027,credito_15,1.27
2017-01-10,PROV-06,SKU-153395,BREAD/BAKERY,150,14.3,2145,5,144.53,0.9635,credito_15,9.97
2017-01-10,PROV-06,SKU-153398,BREAD/BAKERY,235,10.58,2486.3,7,223.15,0.9496,credito_15,8.01
2017-01-10,PROV-06,SKU-165718,BREAD/BAKERY,407,8.98,3654.86,5,369.63,0.9082,credito_15,7.62
2017-01-10,PROV-06,SKU-215370,BREAD/BAKERY,325,19.96,6487,6,325,1,credito_15,8.45
2017-01-10,PROV-06,SKU-253103,BREAD/BAKERY,108,2.6,280.8,4,98.27,0.9099,credito_15,6.65
2017-01-10,PROV-08,SKU-103501,CLEANING,202,9.62,1943.24,4,183.9,0.9104,credito_15,8.69
2017-01-10,PROV-08,SKU-108786,CLEANING,511,4.58,2340.38,7,511,1,credito_15,3.46
2017-01-10,PROV-08,SKU-108952,CLEANING,219,10.81,2367.39,5,219,1,credito_15,6.92
2017-01-10,PROV-08,SKU-115267,CLEANING,432,1.77,764.64,6,395.23,0.9149,credito_15,11.54
2017-01-10,PROV-08,SKU-116311,CLEANING,30,17.2,516,9,30,1,credito_15,0.69
2017-01-10,PROV-08,SKU-119023,CLEANING,187,24.77,4631.99,8,178.45,0.9543,credito_15,8.23
2017-01-10,PROV-08,SKU-119024,CLEANING,266,6.05,1609.3,9,252.66,0.9498,credito_15,11.59
2017-01-10,PROV-08,SKU-119026,CLEANING,603,8.19,4938.57,8,603,1,credito_15,2.94
2017-01-10,PROV-08,SKU-119187,CLEANING,202,13.85,2797.7,5,194.51,0.9629,credito_15,7.41
2017-01-10,PROV-08,SKU-119191,CLEANING,146,15.12,2207.52,4,142.37,0.9751,credito_15,0.56
2017-01-10,PROV-08,SKU-119193,CLEANING,104,13.08,1360.32,5,88.81,0.8539,credito_15,7.88
2017-01-10,PROV-08,SKU-122425,CLEANING,126,8.09,1019.34,9,125.93,0.9994,credito_15,5.18
2017-01-10,PROV-08,SKU-153078,CLEANING,223,6.87,1532.01,5,223,1,credito_15,3.4
2017-01-10,PROV-08,SKU-158788,CLEANING,364,22.36,8139.04,7,350.65,0.9633,credito_15,7.19
2017-01-10,PROV-08,SKU-158789,CLEANING,755,24.65,18610.75,6,755,1,credito_15,4.87
2017-01-10,PROV-08,SKU-158956,CLEANING,282,24.55,6923.1,5,279.16,0.9899,credito_15,11.34
2017-01-10,PROV-08,SKU-159242,CLEANING,459,2.52,1156.68,9,459,1,credito_15,3.16
2017-01-10,PROV-08,SKU-164647,CLEANING,1143,18.9,21602.7,5,1143,1,credito_15,5.65
2017-01-10,PROV-08,SKU-168927,CLEANING,891,6.22,5542.02,7,891,1,credito_15,2.36
2017-01-10,PROV-08,SKU-168930,CLEANING,881,2.51,2211.31,5,841.08,0.9547,credito_15,10.16
2017-01-10,PROV-08,SKU-168931,CLEANING,315,3.83,1206.45,7,310.67,0.9863,credito_15,3.65
2017-01-10,PROV-08,SKU-169101,CLEANING,50,9.59,479.5,6,46.21,0.9242,credito_15,10.19
2017-01-10,PROV-08,SKU-169104,CLEANING,26,9.36,243.36,7,23.59,0.9073,credito_15,4.31
2017-01-10,PROV-08,SKU-171890,CLEANING,134,10.02,1342.68,9,122.46,0.9139,credito_15,0.71
2017-01-10,PROV-08,SKU-176411,CLEANING,45,16.05,722.25,5,45,1,credito_15,10.1
2017-01-10,PROV-08,SKU-208498,CLEANING,182,19.45,3539.9,7,167.34,0.9195,credito_15,6.98
2017-01-10,PROV-08,SKU-209085,CLEANING,273,4.68,1277.64,10,247.11,0.9052,credito_15,11.82
2017-01-10,PROV-08,SKU-214381,CLEANING,521,9.45,4923.45,7,521,1,credito_15,8.83
2017-01-10,PROV-08,SKU-214859,CLEANING,192,22.21,4264.32,8,187.35,0.9758,credito_15,3.39
2017-01-10,PROV-08,SKU-214860,CLEANING,225,16.03,3606.75,4,216.95,0.9642,credito_15,9.67
2017-01-10,PROV-08,SKU-214862,CLEANING,269,4.59,1234.71,8,269,1,credito_15,10.81
2017-01-10,PROV-08,SKU-218726,CLEANING,48,13.04,625.92,8,44.34,0.9238,credito_15,3.89
2017-01-10,PROV-08,SKU-218728,CLEANING,112,8.65,968.8,6,109.98,0.982,credito_15,9.61
2017-01-10,PROV-08,SKU-221506,CLEANING,273,13.87,3786.51,6,231.59,0.8483,credito_15,2.57
2017-01-10,PROV-08,SKU-224081,CLEANING,125,20.04,2505,5,120.77,0.9662,credito_15,1.26
2017-01-10,PROV-08,SKU-226126,CLEANING,272,22.27,6057.44,7,270.67,0.9951,credito_15,8.28
2017-01-10,PROV-08,SKU-252970,CLEANING,237,8.03,1903.11,9,211.65,0.893,credito_15,1.41
2017-01-10,PROV-08,SKU-252972,CLEANING,262,4,1048,8,259.32,0.9898,credito_15,8.15
2017-01-10,PROV-08,SKU-258376,CLEANING,793,12.72,10086.96,6,772.47,0.9741,credito_15,9.61
2017-01-10,PROV-09,SKU-122095,DAIRY,153,6.17,944.01,9,136.9,0.8948,contado,4.2
2017-01-10,PROV-09,SKU-123347,DAIRY,232,16.24,3767.68,10,232,1,contado,2.47
2017-01-10,PROV-09,SKU-129635,DAIRY,926,21.54,19946.04,6,838.84,0.9059,contado,4.3
2017-01-10,PROV-09,SKU-1427659,DAIRY,2591,20.77,53815.07,10,2306.71,0.8903,contado,5.87
2017-01-10,PROV-09,SKU-158842,DAIRY,405,19.63,7950.15,12,405,1,contado,7.14
2017-01-10,PROV-09,SKU-164088,DAIRY,290,6.09,1766.1,7,266.59,0.9193,contado,0.61
2017-01-10,PROV-09,SKU-173113,DAIRY,72,13.89,1000.08,7,72,1,contado,0.57
2017-01-10,PROV-09,SKU-205486,DAIRY,196,22.33,4376.68,7,195.08,0.9953,contado,8.22
2017-01-10,PROV-10,SKU-108696,DELI,349,14.5,5060.5,8,336.03,0.9628,credito_15,6.85
2017-01-10,PROV-10,SKU-108698,DELI,223,4.36,972.28,9,223,1,credito_15,0.37
2017-01-10,PROV-10,SKU-108701,DELI,184,8.18,1505.12,9,184,1,credito_15,1.35
2017-01-10,PROV-10,SKU-208426,DELI,161,18.13,2918.93,10,144.46,0.8973,credito_15,9.7
2017-01-10,PROV-10,SKU-220613,DELI,115,5.5,632.5,7,105.33,0.9159,credito_15,10.64
2017-01-10,PROV-11,SKU-127547,EGGS,181,21.95,3972.95,7,181,1,credito_30,10.18
2017-01-10,PROV-11,SKU-158680,EGGS,409,15.57,6368.13,9,400.36,0.9789,credito_30,3.92
2017-01-10,PROV-11,SKU-208384,EGGS,1017,13.6,13831.2,9,787.33,0.7742,credito_30,7.81
2017-01-10,PROV-11,SKU-208386,EGGS,352,17.06,6005.12,11,343.13,0.9748,credito_30,6.32
2017-01-10,PROV-11,SKU-227111,EGGS,284,15.75,4473,11,268.18,0.9443,credito_30,5.65
2017-01-10,PROV-11,SKU-258268,EGGS,366,3.54,1295.64,8,366,1,credito_30,0.73
2017-01-10,PROV-12,SKU-258411,FROZEN FOODS,238,20.23,4814.74,7,219.44,0.922,credito_15,9.84
2017-01-10,PROV-13,SKU-103520,GROCERY I,128,24.61,3150.08,7,117.52,0.9181,credito_15,4.19
2017-01-10,PROV-13,SKU-105574,GROCERY I,375,1.76,660,8,336.61,0.8976,credito_15,10.52
2017-01-10,PROV-13,SKU-105575,GROCERY I,700,20.25,14175,9,624.44,0.8921,credito_15,5.98
2017-01-10,PROV-13,SKU-105576,GROCERY I,573,13.13,7523.49,12,573,1,credito_15,5.21
2017-01-10,PROV-13,SKU-105577,GROCERY I,96,8.29,795.84,8,87.67,0.9132,credito_15,10.66
2017-01-10,PROV-13,SKU-105693,GROCERY I,84,1.51,126.84,8,82.45,0.9815,credito_15,5.73
2017-01-10,PROV-13,SKU-105737,GROCERY I,154,12.04,1854.16,9,141.1,0.9162,credito_15,7.51
2017-01-10,PROV-13,SKU-105857,GROCERY I,371,22.71,8425.41,8,342.71,0.9237,credito_15,9.17
2017-01-10,PROV-13,SKU-106716,GROCERY I,506,16.92,8561.52,8,421.41,0.8328,credito_15,5.05
2017-01-10,PROV-13,SKU-108079,GROCERY I,109,24.15,2632.35,10,102.01,0.9359,credito_15,9.51
2017-01-10,PROV-13,SKU-108797,GROCERY I,365,23.15,8449.75,7,342.31,0.9378,credito_15,4.03
2017-01-10,PROV-13,SKU-108862,GROCERY I,54,17.93,968.22,8,54,1,credito_15,1.47
2017-01-10,PROV-13,SKU-111223,GROCERY I,812,17.97,14591.64,12,706.79,0.8704,credito_15,4.17
2017-01-10,PROV-13,SKU-111397,GROCERY I,347,10.24,3553.28,8,332.73,0.9589,credito_15,2.23
2017-01-10,PROV-13,SKU-112830,GROCERY I,220,10.99,2417.8,11,220,1,credito_15,1.42
2017-01-10,PROV-13,SKU-114790,GROCERY I,787,24.29,19116.23,11,787,1,credito_15,6.65
2017-01-10,PROV-13,SKU-115611,GROCERY I,880,22.31,19632.8,8,880,1,credito_15,4.13
2017-01-10,PROV-13,SKU-115693,GROCERY I,518,23.46,12152.28,6,421.07,0.8129,credito_15,5.42
2017-01-10,PROV-13,SKU-115850,GROCERY I,1175,16.03,18835.25,6,1027.96,0.8749,credito_15,11.94
2017-01-10,PROV-13,SKU-115891,GROCERY I,265,15.3,4054.5,8,253.64,0.9571,credito_15,11.14
2017-01-10,PROV-13,SKU-115892,GROCERY I,843,10.31,8691.33,7,721.09,0.8554,credito_15,1.29
2017-01-10,PROV-13,SKU-115893,GROCERY I,591,7.16,4231.56,10,511.4,0.8653,credito_15,5.62
2017-01-10,PROV-13,SKU-115894,GROCERY I,748,4.91,3672.68,9,748,1,credito_15,4.29
2017-01-10,PROV-13,SKU-116017,GROCERY I,1217,5.48,6669.16,11,1173.67,0.9644,credito_15,5.71
2017-01-10,PROV-13,SKU-116018,GROCERY I,526,9.79,5149.54,6,511.36,0.9722,credito_15,2.31
2017-01-10,PROV-13,SKU-116279,GROCERY I,128,7.96,1018.88,8,114.04,0.8909,credito_15,11.83
2017-01-10,PROV-13,SKU-122419,GROCERY I,181,21.05,3810.05,7,179.52,0.9918,credito_15,0.79
2017-01-10,PROV-13,SKU-123601,GROCERY I,420,20.21,8488.2,6,420,1,credito_15,10.66
2017-01-10,PROV-13,SKU-125430,GROCERY I,589,5.35,3151.15,10,537.38,0.9124,credito_15,11.1
2017-01-10,PROV-13,SKU-129296,GROCERY I,310,17.27,5353.7,8,298.6,0.9632,credito_15,5.98
2017-01-10,PROV-13,SKU-129297,GROCERY I,268,6.14,1645.52,6,242.66,0.9054,credito_15,0.68
2017-01-10,PROV-13,SKU-129759,GROCERY I,117,20.22,2365.74,10,102.49,0.876,credito_15,9.17
2017-01-10,PROV-13,SKU-153267,GROCERY I,450,14.59,6565.5,7,429.38,0.9542,credito_15,4.1
2017-01-10,PROV-13,SKU-155499,GROCERY I,235,11.6,2726,10,230.72,0.9818,credito_15,7.31
2017-01-10,PROV-13,SKU-155500,GROCERY I,1233,5.43,6695.19,10,1233,1,credito_15,1.26
2017-01-10,PROV-13,SKU-155600,GROCERY I,99,13.97,1383.03,10,99,1,credito_15,11.42
2017-01-10,PROV-13,SKU-155601,GROCERY I,102,17.53,1788.06,8,96.61,0.9472,credito_15,9.96
2017-01-10,PROV-13,SKU-155610,GROCERY I,191,1.62,309.42,9,173.22,0.9069,credito_15,9.27
2017-01-10,PROV-13,SKU-155621,GROCERY I,123,15.2,1869.6,9,116.07,0.9437,credito_15,0.65
2017-01-10,PROV-13,SKU-155625,GROCERY I,172,20.43,3513.96,12,154.11,0.896,credito_15,7.65
2017-01-10,PROV-13,SKU-157956,GROCERY I,114,22.53,2568.42,7,114,1,credito_15,9.68
2017-01-10,PROV-13,SKU-158875,GROCERY I,134,10.06,1348.04,7,133.82,0.9987,credito_15,0.02
2017-01-10,PROV-13,SKU-162066,GROCERY I,674,22.92,15448.08,11,674,1,credito_15,10.68
2017-01-10,PROV-13,SKU-164036,GROCERY I,354,10.4,3681.6,9,327.32,0.9246,credito_15,11.11
2017-01-10,PROV-13,SKU-164037,GROCERY I,260,20.02,5205.2,8,249.76,0.9606,credito_15,8.62
2017-01-10,PROV-13,SKU-165594,GROCERY I,757,15.04,11385.28,9,720.67,0.952,credito_15,5.83
2017-01-10,PROV-13,SKU-165693,GROCERY I,492,4.38,2154.96,9,435.17,0.8845,credito_15,0.75
2017-01-10,PROV-13,SKU-165704,GROCERY I,929,24.86,23094.94,12,929,1,credito_15,8.69
2017-01-10,PROV-13,SKU-165705,GROCERY I,238,12.35,2939.3,12,238,1,credito_15,9.51
2017-01-10,PROV-13,SKU-165988,GROCERY I,529,24.95,13198.55,9,435.05,0.8224,credito_15,9.69
2017-01-10,PROV-13,SKU-168989,GROCERY I,162,5.77,934.74,10,162,1,credito_15,2.11
2017-01-10,PROV-13,SKU-169028,GROCERY I,193,3.63,700.59,6,188.79,0.9782,credito_15,0.37
2017-01-10,PROV-13,SKU-170791,GROCERY I,577,7.87,4540.99,9,563.72,0.977,credito_15,4.61
2017-01-10,PROV-13,SKU-172184,GROCERY I,298,15.9,4738.2,9,263.63,0.8847,credito_15,9.62
2017-01-10,PROV-13,SKU-173111,GROCERY I,302,18.85,5692.7,6,287.02,0.9504,credito_15,11.89
2017-01-10,PROV-13,SKU-177395,GROCERY I,413,18.86,7789.18,8,371.76,0.9001,credito_15,5.91
2017-01-10,PROV-13,SKU-179274,GROCERY I,422,4.25,1793.5,7,397.55,0.9421,credito_15,3
2017-01-10,PROV-13,SKU-179564,GROCERY I,42,7.98,335.16,10,40.55,0.9655,credito_15,7.45
2017-01-10,PROV-13,SKU-179579,GROCERY I,112,16.68,1868.16,6,100.55,0.8978,credito_15,11.68
2017-01-10,PROV-13,SKU-205381,GROCERY I,68,10.63,722.84,8,68,1,credito_15,5.53
2017-01-10,PROV-13,SKU-205387,GROCERY I,504,24.72,12458.88,8,504,1,credito_15,8.55
2017-01-10,PROV-13,SKU-205557,GROCERY I,71,8.19,581.49,11,67.94,0.9569,credito_15,8.16
2017-01-10,PROV-13,SKU-208659,GROCERY I,172,19.11,3286.92,6,163.09,0.9482,credito_15,5.12
2017-01-10,PROV-13,SKU-208699,GROCERY I,179,6.33,1133.07,10,170.04,0.9499,credito_15,9.02
2017-01-10,PROV-13,SKU-210798,GROCERY I,296,22.64,6701.44,10,281.63,0.9515,credito_15,9.54
2017-01-10,PROV-13,SKU-211205,GROCERY I,532,11.7,6224.4,7,498.81,0.9376,credito_15,11.59
2017-01-10,PROV-13,SKU-211999,GROCERY I,110,22,2420,6,100.78,0.9162,credito_15,0.75
2017-01-10,PROV-13,SKU-212550,GROCERY I,144,11.44,1647.36,8,144,1,credito_15,5.17
2017-01-10,PROV-13,SKU-213066,GROCERY I,288,21.09,6073.92,8,283.22,0.9834,credito_15,7.3
2017-01-10,PROV-13,SKU-213653,GROCERY I,264,22.82,6024.48,10,264,1,credito_15,7.03
2017-01-10,PROV-13,SKU-213788,GROCERY I,291,15.73,4577.43,11,263.03,0.9039,credito_15,11.41
2017-01-10,PROV-13,SKU-215303,GROCERY I,240,22.99,5517.6,10,194.71,0.8113,credito_15,1.73
2017-01-10,PROV-13,SKU-215304,GROCERY I,140,20.98,2937.2,8,126.6,0.9043,credito_15,0.46
2017-01-10,PROV-13,SKU-215331,GROCERY I,870,20.73,18035.1,6,856.69,0.9847,credito_15,0.29
2017-01-10,PROV-13,SKU-215332,GROCERY I,370,18.14,6711.8,9,322.71,0.8722,credito_15,7.61
2017-01-10,PROV-13,SKU-215352,GROCERY I,1167,19.77,23071.59,6,1053.47,0.9027,credito_15,0.19
2017-01-10,PROV-13,SKU-215356,GROCERY I,187,7.24,1353.88,6,167.82,0.8974,credito_15,3.19
2017-01-10,PROV-13,SKU-217827,GROCERY I,175,2.53,442.75,6,165.31,0.9446,credito_15,2.77
2017-01-10,PROV-13,SKU-220435,GROCERY I,1215,21.06,25587.9,9,1188.97,0.9786,credito_15,11.82
2017-01-10,PROV-13,SKU-222975,GROCERY I,45,16.35,735.75,9,44.2,0.9822,credito_15,1.16
2017-01-10,PROV-13,SKU-223068,GROCERY I,125,17.11,2138.75,10,118.12,0.945,credito_15,7.04
2017-01-10,PROV-13,SKU-223136,GROCERY I,1053,15.36,16174.08,7,1031.94,0.98,credito_15,6.68
2017-01-10,PROV-13,SKU-223434,GROCERY I,461,11.22,5172.42,10,461,1,credito_15,4.5
2017-01-10,PROV-13,SKU-223463,GROCERY I,827,15.36,12702.72,10,827,1,credito_15,1.2
2017-01-10,PROV-13,SKU-229368,GROCERY I,192,19.18,3682.56,10,188.02,0.9793,credito_15,4.44
2017-01-10,PROV-13,SKU-253145,GROCERY I,137,5.87,804.19,9,126.71,0.9249,credito_15,10.33
2017-01-10,PROV-13,SKU-255161,GROCERY I,140,17.46,2444.4,6,133.63,0.9545,credito_15,11.28
2017-01-10,PROV-13,SKU-255198,GROCERY I,295,8.35,2463.25,7,295,1,credito_15,4.74
2017-01-10,PROV-13,SKU-255199,GROCERY I,336,20.85,7005.6,9,304.25,0.9055,credito_15,11.45
2017-01-10,PROV-13,SKU-255202,GROCERY I,163,8.12,1323.56,9,163,1,credito_15,7.57
2017-01-10,PROV-13,SKU-258395,GROCERY I,112,7.79,872.48,7,103.01,0.9197,credito_15,4.92
2017-01-10,PROV-13,SKU-258396,GROCERY I,572,16.42,9392.24,8,548.02,0.9581,credito_15,0.78
2017-01-10,PROV-13,SKU-314384,GROCERY I,2321,4.03,9353.63,9,1963.7,0.8461,credito_15,6.66
2017-01-10,PROV-13,SKU-364606,GROCERY I,2924,22.34,65322.16,11,2883.01,0.986,credito_15,3.71
2017-01-10,PROV-14,SKU-167437,GROCERY II,141,21.71,3061.11,4,132.68,0.941,credito_30,10.63
2017-01-10,PROV-14,SKU-210520,GROCERY II,20,21.47,429.4,7,18.05,0.9025,credito_30,6.79
2017-01-10,PROV-18,SKU-250782,HOME APPLIANCES,45,22.99,1034.55,12,45,1,contado,7.75
2017-01-10,PROV-22,SKU-115847,LINGERIE,26,24.3,631.8,8,22.56,0.8677,contado,3.39
2017-01-10,PROV-22,SKU-177050,LINGERIE,18,19.6,352.8,7,15.62,0.8678,contado,7.94
2017-01-10,PROV-22,SKU-215468,LINGERIE,33,5.11,168.63,10,32.22,0.9764,contado,7.72
2017-01-10,PROV-25,SKU-205209,MEATS,230.65,3.26,751.92,7,220.25,0.9549,credito_30,1.36
2017-01-10,PROV-25,SKU-584028,MEATS,2718.26,24.29,66026.54,7,2683.56,0.9872,credito_30,3.56
2017-01-10,PROV-26,SKU-114799,PERSONAL CARE,230,11.47,2638.1,6,228.41,0.9931,contado,10.15
2017-01-10,PROV-26,SKU-114800,PERSONAL CARE,262,21.01,5504.62,4,213.48,0.8148,contado,0.3
2017-01-10,PROV-29,SKU-108831,POULTRY,341.9,13.2,4513.08,5,324.48,0.949,credito_15,3.37
2017-01-10,PROV-29,SKU-159156,POULTRY,888.98,24.7,21957.81,4,744.7,0.8377,credito_15,11.37
2017-01-10,PROV-29,SKU-208539,POULTRY,185.16,9.37,1734.95,4,175.02,0.9452,credito_15,5.37
2017-01-10,PROV-31,SKU-1473410,PRODUCE,3386.27,20.04,67860.85,6,2594.48,0.7662,credito_30,7.81
2017-01-10,PROV-31,SKU-1473474,PRODUCE,8969.67,10.26,92028.81,4,8038.91,0.8962,credito_30,7.85
2017-01-10,PROV-31,SKU-1502392,PRODUCE,3512.45,5.27,18510.61,10,2663.8,0.7584,credito_30,7.28
2017-01-10,PROV-31,SKU-1503844,PRODUCE,12389.88,2.17,26886.04,8,11447.46,0.9239,credito_30,8.42
2017-01-10,PROV-31,SKU-1503847,PRODUCE,3317.46,8.42,27933.01,8,2948.13,0.8887,credito_30,7.56
2017-01-10,PROV-31,SKU-1584575,PRODUCE,3501,3.25,11378.25,10,3103.19,0.8864,credito_30,11.81
2017-01-10,PROV-31,SKU-1642399,PRODUCE,3872.94,24.92,96513.66,9,3854.69,0.9953,credito_30,6.89
2017-01-10,PROV-31,SKU-1686656,PRODUCE,2583,8.68,22420.44,6,2313.12,0.8955,credito_30,11.97
2017-01-10,PROV-31,SKU-1695835,PRODUCE,5238.99,5.86,30700.48,5,3983.87,0.7604,credito_30,8.88
2017-01-10,PROV-31,SKU-1751174,PRODUCE,2207.72,10.13,22364.2,6,2061.77,0.9339,credito_30,6.69
2017-01-10,PROV-31,SKU-1926217,PRODUCE,3752,6.14,23037.28,6,3208.97,0.8553,credito_30,5.65
2017-01-10,PROV-33,SKU-252698,SEAFOOD,219.74,7.5,1648.05,7,174.28,0.7931,contado,11.52
2017-01-17,PROV-01,SKU-121964,AUTOMOTIVE,13,3.38,43.94,6,12.95,0.9962,contado,1.52
2017-01-17,PROV-01,SKU-172995,AUTOMOTIVE,94,6.73,632.62,7,90.87,0.9667,contado,5.33
2017-01-17,PROV-04,SKU-1047679,BEVERAGES,9045,22.41,202698.45,2,7168.06,0.7925,credito_15,10.65
2017-01-17,PROV-04,SKU-119624,BEVERAGES,328,2.86,938.08,2,276.68,0.8435,credito_15,7.65
2017-01-17,PROV-04,SKU-1430040,BEVERAGES,6442,9.67,62294.14,2,5791.02,0.8989,credito_15,8.28
2017-01-17,PROV-04,SKU-1463992,BEVERAGES,9015,20.67,186340.05,8,7908.07,0.8772,credito_15,8.32
2017-01-17,PROV-04,SKU-1463993,BEVERAGES,6583,8.61,56679.63,5,6324.6,0.9607,credito_15,9.69
2017-01-17,PROV-04,SKU-165550,BEVERAGES,617,10.86,6700.62,6,548.08,0.8883,credito_15,3.29
2017-01-17,PROV-04,SKU-165551,BEVERAGES,222,24.82,5510.04,5,222,1,credito_15,5.98
2017-01-17,PROV-04,SKU-165553,BEVERAGES,191,2.93,559.63,4,168.58,0.8826,credito_15,1.86
2017-01-17,PROV-04,SKU-174081,BEVERAGES,226,7.23,1633.98,7,189.84,0.84,credito_15,8.87
2017-01-17,PROV-04,SKU-2006812,BEVERAGES,3828,19.22,73574.16,6,3364.25,0.8789,credito_15,5.04
2017-01-17,PROV-04,SKU-2042941,BEVERAGES,17107,10.12,173122.84,8,14526.49,0.8492,credito_15,10.03
2017-01-17,PROV-04,SKU-2042947,BEVERAGES,20337,17.61,358134.57,2,17475.29,0.8593,credito_15,3.19
2017-01-17,PROV-04,SKU-219147,BEVERAGES,377,16.82,6341.14,8,323.46,0.858,credito_15,4.33
2017-01-17,PROV-04,SKU-219150,BEVERAGES,13,1.52,19.76,5,13,1,credito_15,7.8
2017-01-17,PROV-04,SKU-219152,BEVERAGES,221,23.63,5222.23,8,202.28,0.9153,credito_15,2.42
2017-01-17,PROV-04,SKU-257848,BEVERAGES,222,5.96,1323.12,2,197.53,0.8898,credito_15,0.96
2017-01-17,PROV-04,SKU-364738,BEVERAGES,5480,14.62,80117.6,3,4867.95,0.8883,credito_15,4
2017-01-17,PROV-04,SKU-819932,BEVERAGES,5161,20.65,106574.65,6,4391.51,0.8509,credito_15,6.63
2017-01-17,PROV-06,SKU-103665,BREAD/BAKERY,167,8.68,1449.56,10,152.1,0.9108,credito_15,1.27
2017-01-17,PROV-06,SKU-1333307,BREAD/BAKERY,2171,11.69,25378.99,10,1928.77,0.8884,credito_15,9.77
2017-01-17,PROV-06,SKU-153239,BREAD/BAKERY,326,9.2,2999.2,7,277.16,0.8502,credito_15,1.27
2017-01-17,PROV-06,SKU-153395,BREAD/BAKERY,176,14.3,2516.8,5,164.56,0.935,credito_15,9.97
2017-01-17,PROV-06,SKU-153398,BREAD/BAKERY,231,10.58,2443.98,8,211.47,0.9155,credito_15,8.01
2017-01-17,PROV-06,SKU-165718,BREAD/BAKERY,395,8.98,3547.1,8,385.6,0.9762,credito_15,7.62
2017-01-17,PROV-06,SKU-215370,BREAD/BAKERY,318,19.96,6347.28,5,284.11,0.8934,credito_15,8.45
2017-01-17,PROV-06,SKU-253103,BREAD/BAKERY,104,2.6,270.4,4,98.31,0.9453,credito_15,6.65
2017-01-17,PROV-08,SKU-103501,CLEANING,209,9.62,2010.58,5,195.5,0.9354,credito_15,8.69
2017-01-17,PROV-08,SKU-108786,CLEANING,503,4.58,2303.74,10,454.42,0.9034,credito_15,3.46
2017-01-17,PROV-08,SKU-108952,CLEANING,192,10.81,2075.52,8,192,1,credito_15,6.92
2017-01-17,PROV-08,SKU-115267,CLEANING,400,1.77,708,8,380.57,0.9514,credito_15,11.54
2017-01-17,PROV-08,SKU-116311,CLEANING,34,17.2,584.8,5,30.91,0.9091,credito_15,0.69
2017-01-17,PROV-08,SKU-119023,CLEANING,155,24.77,3839.35,8,137.8,0.889,credito_15,8.23
2017-01-17,PROV-08,SKU-119024,CLEANING,268,6.05,1621.4,8,250.39,0.9343,credito_15,11.59
2017-01-17,PROV-08,SKU-119026,CLEANING,522,8.19,4275.18,7,494.44,0.9472,credito_15,2.94
2017-01-17,PROV-08,SKU-119187,CLEANING,190,13.85,2631.5,4,170.46,0.8972,credito_15,7.41
2017-01-17,PROV-08,SKU-119191,CLEANING,96,15.12,1451.52,9,84.58,0.881,credito_15,0.56
2017-01-17,PROV-08,SKU-119193,CLEANING,150,13.08,1962,10,150,1,credito_15,7.88
2017-01-17,PROV-08,SKU-122425,CLEANING,92,8.09,744.28,7,88.46,0.9615,credito_15,5.18
2017-01-17,PROV-08,SKU-153078,CLEANING,176,6.87,1209.12,9,176,1,credito_15,3.4
2017-01-17,PROV-08,SKU-158788,CLEANING,363,22.36,8116.68,10,345.97,0.9531,credito_15,7.19
2017-01-17,PROV-08,SKU-158789,CLEANING,735,24.65,18117.75,7,646.02,0.8789,credito_15,4.87
2017-01-17,PROV-08,SKU-158956,CLEANING,378,24.55,9279.9,7,373.35,0.9877,credito_15,11.34
2017-01-17,PROV-08,SKU-159242,CLEANING,373,2.52,939.96,8,373,1,credito_15,3.16
2017-01-17,PROV-08,SKU-164647,CLEANING,958,18.9,18106.2,6,905.73,0.9454,credito_15,5.65
2017-01-17,PROV-08,SKU-168927,CLEANING,801,6.22,4982.22,10,726.21,0.9066,credito_15,2.36
2017-01-17,PROV-08,SKU-168930,CLEANING,790,2.51,1982.9,9,790,1,credito_15,10.16
2017-01-17,PROV-08,SKU-168931,CLEANING,236,3.83,903.88,7,236,1,credito_15,3.65
2017-01-17,PROV-08,SKU-169101,CLEANING,84,9.59,805.56,6,76.15,0.9065,credito_15,10.19
2017-01-17,PROV-08,SKU-169104,CLEANING,20,9.36,187.2,6,19.08,0.954,credito_15,4.31
2017-01-17,PROV-08,SKU-171890,CLEANING,128,10.02,1282.56,7,112.45,0.8785,credito_15,0.71
2017-01-17,PROV-08,SKU-176411,CLEANING,27,16.05,433.35,9,27,1,credito_15,10.1
2017-01-17,PROV-08,SKU-208498,CLEANING,165,19.45,3209.25,9,161.26,0.9773,credito_15,6.98
2017-01-17,PROV-08,SKU-209085,CLEANING,243,4.68,1137.24,7,223.38,0.9193,credito_15,11.82
2017-01-17,PROV-08,SKU-214381,CLEANING,516,9.45,4876.2,10,443.84,0.8602,credito_15,8.83
2017-01-17,PROV-08,SKU-214859,CLEANING,267,22.21,5930.07,5,267,1,credito_15,3.39
2017-01-17,PROV-08,SKU-214860,CLEANING,142,16.03,2276.26,7,139.45,0.982,credito_15,9.67
2017-01-17,PROV-08,SKU-214862,CLEANING,230,4.59,1055.7,10,230,1,credito_15,10.81
2017-01-17,PROV-08,SKU-218726,CLEANING,59,13.04,769.36,7,59,1,credito_15,3.89
2017-01-17,PROV-08,SKU-218728,CLEANING,127,8.65,1098.55,10,120.07,0.9454,credito_15,9.61
2017-01-17,PROV-08,SKU-221506,CLEANING,251,13.87,3481.37,10,251,1,credito_15,2.57
2017-01-17,PROV-08,SKU-224081,CLEANING,233,20.04,4669.32,7,233,1,credito_15,1.26
2017-01-17,PROV-08,SKU-226126,CLEANING,247,22.27,5500.69,7,236.58,0.9578,credito_15,8.28
2017-01-17,PROV-08,SKU-252970,CLEANING,207,8.03,1662.21,6,176.76,0.8539,credito_15,1.41
2017-01-17,PROV-08,SKU-252972,CLEANING,248,4,992,6,223.87,0.9027,credito_15,8.15
2017-01-17,PROV-08,SKU-258376,CLEANING,627,12.72,7975.44,9,543.66,0.8671,credito_15,9.61
2017-01-17,PROV-09,SKU-129635,DAIRY,1052,21.54,22660.08,9,1038.43,0.9871,contado,4.3
2017-01-17,PROV-09,SKU-1427659,DAIRY,1658,20.77,34436.66,7,1618.92,0.9764,contado,5.87
2017-01-17,PROV-09,SKU-158842,DAIRY,246,19.63,4828.98,11,238.46,0.9693,contado,7.14
2017-01-17,PROV-09,SKU-164088,DAIRY,272,6.09,1656.48,12,238.49,0.8768,contado,0.61
2017-01-17,PROV-09,SKU-173113,DAIRY,49,13.89,680.61,9,49,1,contado,0.57
2017-01-17,PROV-09,SKU-179615,DAIRY,587,23.7,13911.9,9,567.39,0.9666,contado,11.16
2017-01-17,PROV-09,SKU-205486,DAIRY,151,22.33,3371.83,7,132.44,0.8771,contado,8.22
2017-01-17,PROV-10,SKU-108696,DELI,327,14.5,4741.5,8,327,1,credito_15,6.85
2017-01-17,PROV-10,SKU-108698,DELI,195,4.36,850.2,5,180.78,0.9271,credito_15,0.37
2017-01-17,PROV-10,SKU-108701,DELI,179,8.18,1464.22,10,177.68,0.9926,credito_15,1.35
2017-01-17,PROV-10,SKU-208426,DELI,141,18.13,2556.33,10,129.78,0.9204,credito_15,9.7
2017-01-17,PROV-10,SKU-220613,DELI,158,5.5,869,5,158,1,credito_15,10.64
2017-01-17,PROV-11,SKU-108833,EGGS,109,13.17,1435.53,12,101.33,0.9296,credito_30,9.82
2017-01-17,PROV-11,SKU-127547,EGGS,250,21.95,5487.5,8,233.4,0.9336,credito_30,10.18
2017-01-17,PROV-11,SKU-208384,EGGS,958,13.6,13028.8,10,821.88,0.8579,credito_30,7.81
2017-01-17,PROV-11,SKU-208386,EGGS,333,17.06,5680.98,8,318.2,0.9556,credito_30,6.32
2017-01-17,PROV-11,SKU-227111,EGGS,291,15.75,4583.25,8,291,1,credito_30,5.65
2017-01-17,PROV-11,SKU-258268,EGGS,362,3.54,1281.48,7,307.55,0.8496,credito_30,0.73
2017-01-17,PROV-12,SKU-258411,FROZEN FOODS,203,20.23,4106.69,3,190.09,0.9364,credito_15,9.84
2017-01-17,PROV-13,SKU-103520,GROCERY I,123,24.61,3027.03,6,107.76,0.8761,credito_15,4.19
2017-01-17,PROV-13,SKU-105574,GROCERY I,371,1.76,652.96,12,344.15,0.9276,credito_15,10.52
2017-01-17,PROV-13,SKU-105575,GROCERY I,718,20.25,14539.5,10,690.74,0.962,credito_15,5.98
2017-01-17,PROV-13,SKU-105576,GROCERY I,510,13.13,6696.3,12,449.66,0.8817,credito_15,5.21
2017-01-17,PROV-13,SKU-105577,GROCERY I,67,8.29,555.43,6,67,1,credito_15,10.66
2017-01-17,PROV-13,SKU-105693,GROCERY I,80,1.51,120.8,8,75.91,0.9489,credito_15,5.73
2017-01-17,PROV-13,SKU-105737,GROCERY I,124,12.04,1492.96,8,110.76,0.8932,credito_15,7.51
2017-01-17,PROV-13,SKU-105857,GROCERY I,479,22.71,10878.09,6,471.34,0.984,credito_15,9.17
2017-01-17,PROV-13,SKU-106716,GROCERY I,377,16.92,6378.84,9,377,1,credito_15,5.05
2017-01-17,PROV-13,SKU-108079,GROCERY I,108,24.15,2608.2,6,93.49,0.8656,credito_15,9.51
2017-01-17,PROV-13,SKU-108797,GROCERY I,315,23.15,7292.25,6,274.47,0.8713,credito_15,4.03
2017-01-17,PROV-13,SKU-108862,GROCERY I,47,17.93,842.71,9,44.02,0.9366,credito_15,1.47
2017-01-17,PROV-13,SKU-111397,GROCERY I,256,10.24,2621.44,6,244.86,0.9565,credito_15,2.23
2017-01-17,PROV-13,SKU-112830,GROCERY I,223,10.99,2450.77,9,220.07,0.9869,credito_15,1.42
2017-01-17,PROV-13,SKU-114790,GROCERY I,796,24.29,19334.84,8,725,0.9108,credito_15,6.65
2017-01-17,PROV-13,SKU-115611,GROCERY I,953,22.31,21261.43,8,953,1,credito_15,4.13
2017-01-17,PROV-13,SKU-115693,GROCERY I,433,23.46,10158.18,6,371.19,0.8573,credito_15,5.42
2017-01-17,PROV-13,SKU-115720,GROCERY I,400,21.56,8624,7,393.28,0.9832,credito_15,0.01
2017-01-17,PROV-13,SKU-115850,GROCERY I,1107,16.03,17745.21,7,1060.3,0.9578,credito_15,11.94
2017-01-17,PROV-13,SKU-115891,GROCERY I,278,15.3,4253.4,9,269.09,0.9679,credito_15,11.14
2017-01-17,PROV-13,SKU-115892,GROCERY I,647,10.31,6670.57,10,593.34,0.9171,credito_15,1.29
2017-01-17,PROV-13,SKU-115893,GROCERY I,668,7.16,4782.88,8,662.84,0.9923,credito_15,5.62
2017-01-17,PROV-13,SKU-115894,GROCERY I,810,4.91,3977.1,7,723.98,0.8938,credito_15,4.29
2017-01-17,PROV-13,SKU-116017,GROCERY I,1258,5.48,6893.84,11,1258,1,credito_15,5.71
2017-01-17,PROV-13,SKU-116018,GROCERY I,1405,9.79,13754.95,7,1405,1,credito_15,2.31
2017-01-17,PROV-13,SKU-116279,GROCERY I,130,7.96,1034.8,12,109.6,0.8431,credito_15,11.83
2017-01-17,PROV-13,SKU-122419,GROCERY I,170,21.05,3578.5,11,154.61,0.9095,credito_15,0.79
2017-01-17,PROV-13,SKU-123601,GROCERY I,383,20.21,7740.43,6,357.36,0.9331,credito_15,10.66
2017-01-17,PROV-13,SKU-123602,GROCERY I,109,21.56,2350.04,9,99.65,0.9142,credito_15,4.51
2017-01-17,PROV-13,SKU-123927,GROCERY I,50,12.89,644.5,6,50,1,credito_15,1.78
2017-01-17,PROV-13,SKU-125430,GROCERY I,585,5.35,3129.75,8,585,1,credito_15,11.1
2017-01-17,PROV-13,SKU-127534,GROCERY I,123,9.78,1202.94,11,119.84,0.9743,credito_15,1.96
2017-01-17,PROV-13,SKU-129296,GROCERY I,253,17.27,4369.31,6,238.08,0.941,credito_15,5.98
2017-01-17,PROV-13,SKU-129297,GROCERY I,252,6.14,1547.28,6,248.21,0.985,credito_15,0.68
2017-01-17,PROV-13,SKU-129759,GROCERY I,118,20.22,2385.96,10,104.84,0.8885,credito_15,9.17
2017-01-17,PROV-13,SKU-153267,GROCERY I,429,14.59,6259.11,7,420.38,0.9799,credito_15,4.1
2017-01-17,PROV-13,SKU-155499,GROCERY I,227,11.6,2633.2,7,213.86,0.9421,credito_15,7.31
2017-01-17,PROV-13,SKU-155500,GROCERY I,1136,5.43,6168.48,11,1080.98,0.9516,credito_15,1.26
2017-01-17,PROV-13,SKU-155600,GROCERY I,137,13.97,1913.89,7,125.95,0.9193,credito_15,11.42
2017-01-17,PROV-13,SKU-155607,GROCERY I,83,13.99,1161.17,10,81.31,0.9796,credito_15,2.31
2017-01-17,PROV-13,SKU-155621,GROCERY I,132,15.2,2006.4,9,132,1,credito_15,0.65
2017-01-17,PROV-13,SKU-155625,GROCERY I,177,20.43,3616.11,10,174.62,0.9866,credito_15,7.65
2017-01-17,PROV-13,SKU-157956,GROCERY I,122,22.53,2748.66,7,117.58,0.9638,credito_15,9.68
2017-01-17,PROV-13,SKU-158875,GROCERY I,132,10.06,1327.92,6,123.26,0.9338,credito_15,0.02
2017-01-17,PROV-13,SKU-162066,GROCERY I,594,22.92,13614.48,9,583.61,0.9825,credito_15,10.68
2017-01-17,PROV-13,SKU-164036,GROCERY I,366,10.4,3806.4,10,366,1,credito_15,11.11
2017-01-17,PROV-13,SKU-164037,GROCERY I,299,20.02,5985.98,8,291.02,0.9733,credito_15,8.62
2017-01-17,PROV-13,SKU-165594,GROCERY I,686,15.04,10317.44,10,640.27,0.9333,credito_15,5.83
2017-01-17,PROV-13,SKU-165693,GROCERY I,501,4.38,2194.38,10,470.54,0.9392,credito_15,0.75
2017-01-17,PROV-13,SKU-165704,GROCERY I,941,24.86,23393.26,8,755.53,0.8029,credito_15,8.69
2017-01-17,PROV-13,SKU-165705,GROCERY I,188,12.35,2321.8,9,186.51,0.9921,credito_15,9.51
2017-01-17,PROV-13,SKU-165727,GROCERY I,153,21.7,3320.1,10,153,1,credito_15,4.98
2017-01-17,PROV-13,SKU-165988,GROCERY I,1755,24.95,43787.25,10,1507.26,0.8588,credito_15,9.69
2017-01-17,PROV-13,SKU-168989,GROCERY I,141,5.77,813.57,8,141,1,credito_15,2.11
2017-01-17,PROV-13,SKU-169028,GROCERY I,251,3.63,911.13,12,208.16,0.8293,credito_15,0.37
2017-01-17,PROV-13,SKU-170791,GROCERY I,883,7.87,6949.21,7,786.14,0.8903,credito_15,4.61
2017-01-17,PROV-13,SKU-172184,GROCERY I,230,15.9,3657,9,221.53,0.9632,credito_15,9.62
2017-01-17,PROV-13,SKU-173111,GROCERY I,579,18.85,10914.15,8,479.39,0.828,credito_15,11.89
2017-01-17,PROV-13,SKU-177395,GROCERY I,368,18.86,6940.48,11,335.37,0.9113,credito_15,5.91
2017-01-17,PROV-13,SKU-179274,GROCERY I,442,4.25,1878.5,9,409.3,0.926,credito_15,3
2017-01-17,PROV-13,SKU-179579,GROCERY I,151,16.68,2518.68,7,151,1,credito_15,11.68
2017-01-17,PROV-13,SKU-205381,GROCERY I,70,10.63,744.1,9,57.74,0.8249,credito_15,5.53
2017-01-17,PROV-13,SKU-205387,GROCERY I,1089,24.72,26920.08,11,969.13,0.8899,credito_15,8.55
2017-01-17,PROV-13,SKU-205557,GROCERY I,81,8.19,663.39,7,75.98,0.938,credito_15,8.16
2017-01-17,PROV-13,SKU-207857,GROCERY I,263,8.15,2143.45,6,214.75,0.8165,credito_15,0.78
2017-01-17,PROV-13,SKU-208514,GROCERY I,266,23.73,6312.18,9,238.99,0.8985,credito_15,6.96
2017-01-17,PROV-13,SKU-208659,GROCERY I,153,19.11,2923.83,6,153,1,credito_15,5.12
2017-01-17,PROV-13,SKU-208699,GROCERY I,145,6.33,917.85,10,134.61,0.9283,credito_15,9.02
2017-01-17,PROV-13,SKU-210798,GROCERY I,308,22.64,6973.12,9,308,1,credito_15,9.54
2017-01-17,PROV-13,SKU-211205,GROCERY I,425,11.7,4972.5,12,417.8,0.9831,credito_15,11.59
2017-01-17,PROV-13,SKU-211206,GROCERY I,226,12.84,2901.84,6,202.77,0.8972,credito_15,4.3
2017-01-17,PROV-13,SKU-211999,GROCERY I,119,22,2618,6,118.26,0.9938,credito_15,0.75
2017-01-17,PROV-13,SKU-212550,GROCERY I,157,11.44,1796.08,7,157,1,credito_15,5.17
2017-01-17,PROV-13,SKU-212552,GROCERY I,235,17.57,4128.95,9,213.24,0.9074,credito_15,0.47
2017-01-17,PROV-13,SKU-213652,GROCERY I,531,10.28,5458.68,11,486.21,0.9156,credito_15,1.62
2017-01-17,PROV-13,SKU-215303,GROCERY I,248,22.99,5701.52,10,241.67,0.9745,credito_15,1.73
2017-01-17,PROV-13,SKU-215304,GROCERY I,132,20.98,2769.36,12,110.71,0.8387,credito_15,0.46
2017-01-17,PROV-13,SKU-215327,GROCERY I,523,4.39,2295.97,12,493.07,0.9428,credito_15,11.74
2017-01-17,PROV-13,SKU-215331,GROCERY I,796,20.73,16501.08,12,773.82,0.9721,credito_15,0.29
2017-01-17,PROV-13,SKU-215332,GROCERY I,331,18.14,6004.34,6,278.89,0.8426,credito_15,7.61
2017-01-17,PROV-13,SKU-215352,GROCERY I,1271,19.77,25127.67,12,1271,1,credito_15,0.19
2017-01-17,PROV-13,SKU-215356,GROCERY I,145,7.24,1049.8,10,125.27,0.8639,credito_15,3.19
2017-01-17,PROV-13,SKU-215896,GROCERY I,805,13.91,11197.55,7,764.79,0.95,credito_15,7.71
2017-01-17,PROV-13,SKU-217827,GROCERY I,203,2.53,513.59,6,186.05,0.9165,credito_15,2.77
2017-01-17,PROV-13,SKU-220432,GROCERY I,456,17.17,7829.52,7,443.7,0.973,credito_15,4.63
2017-01-17,PROV-13,SKU-220435,GROCERY I,1465,21.06,30852.9,8,1337.53,0.913,credito_15,11.82
2017-01-17,PROV-13,SKU-222879,GROCERY I,1118,8.88,9927.84,10,1118,1,credito_15,2.65
2017-01-17,PROV-13,SKU-222975,GROCERY I,334,16.35,5460.9,8,305.87,0.9158,credito_15,1.16
2017-01-17,PROV-13,SKU-223068,GROCERY I,89,17.11,1522.79,10,82.49,0.9269,credito_15,7.04
2017-01-17,PROV-13,SKU-223136,GROCERY I,704,15.36,10813.44,7,699.99,0.9943,credito_15,6.68
2017-01-17,PROV-13,SKU-223463,GROCERY I,888,15.36,13639.68,8,827.89,0.9323,credito_15,1.2
2017-01-17,PROV-13,SKU-229368,GROCERY I,204,19.18,3912.72,6,198.63,0.9737,credito_15,4.44
2017-01-17,PROV-13,SKU-253145,GROCERY I,118,5.87,692.66,7,112.7,0.9551,credito_15,10.33
2017-01-17,PROV-13,SKU-255161,GROCERY I,687,17.46,11995.02,10,586.45,0.8536,credito_15,11.28
2017-01-17,PROV-13,SKU-255199,GROCERY I,277,20.85,5775.45,11,264.21,0.9538,credito_15,11.45
2017-01-17,PROV-13,SKU-255202,GROCERY I,171,8.12,1388.52,8,141.21,0.8258,credito_15,7.57
2017-01-17,PROV-13,SKU-258396,GROCERY I,627,16.42,10295.34,6,627,1,credito_15,0.78
2017-01-17,PROV-13,SKU-314384,GROCERY I,2432,4.03,9800.96,6,2432,1,credito_15,6.66
2017-01-17,PROV-13,SKU-364606,GROCERY I,2775,22.34,61993.5,6,2484.57,0.8953,credito_15,3.71
2017-01-17,PROV-14,SKU-167437,GROCERY II,227,21.71,4928.17,9,213.22,0.9393,credito_30,10.63
2017-01-17,PROV-14,SKU-210520,GROCERY II,12,21.47,257.64,6,10.63,0.8858,credito_30,6.79
2017-01-17,PROV-18,SKU-250782,HOME APPLIANCES,56,22.99,1287.44,10,52.82,0.9432,contado,7.75
2017-01-17,PROV-22,SKU-115847,LINGERIE,32,24.3,777.6,11,26.67,0.8334,contado,3.39
2017-01-17,PROV-22,SKU-177050,LINGERIE,8,19.6,156.8,11,7.76,0.97,contado,7.94
2017-01-17,PROV-25,SKU-205209,MEATS,279.91,3.26,912.51,10,261.12,0.9329,credito_30,1.36
2017-01-17,PROV-25,SKU-584028,MEATS,2298.82,24.29,55838.34,9,2298.82,1,credito_30,3.56
2017-01-17,PROV-26,SKU-114799,PERSONAL CARE,192,11.47,2202.24,4,175.52,0.9142,contado,10.15
2017-01-17,PROV-26,SKU-114800,PERSONAL CARE,262,21.01,5504.62,3,245.46,0.9369,contado,0.3
2017-01-17,PROV-29,SKU-108831,POULTRY,415.93,13.2,5490.28,6,357.03,0.8584,credito_15,3.37
2017-01-17,PROV-29,SKU-159156,POULTRY,829.01,24.7,20476.55,2,736.43,0.8883,credito_15,11.37
2017-01-17,PROV-29,SKU-208539,POULTRY,183.93,9.37,1723.42,7,165.24,0.8984,credito_15,5.37
2017-01-17,PROV-31,SKU-1473410,PRODUCE,3553.25,20.04,71207.13,5,3220.77,0.9064,credito_30,7.81
2017-01-17,PROV-31,SKU-1473474,PRODUCE,9175.99,10.26,94145.66,5,8170.75,0.8904,credito_30,7.85
2017-01-17,PROV-31,SKU-1502392,PRODUCE,3124.31,5.27,16465.11,8,2592.43,0.8298,credito_30,7.28
2017-01-17,PROV-31,SKU-1503844,PRODUCE,11454.81,2.17,24856.94,10,9993.74,0.8724,credito_30,8.42
2017-01-17,PROV-31,SKU-1503847,PRODUCE,2995.62,8.42,25223.12,4,2521.66,0.8418,credito_30,7.56
2017-01-17,PROV-31,SKU-1584575,PRODUCE,3587,3.25,11657.75,10,3388.92,0.9448,credito_30,11.81
2017-01-17,PROV-31,SKU-1642399,PRODUCE,4120.54,24.92,102683.86,5,3867.43,0.9386,credito_30,6.89
2017-01-17,PROV-31,SKU-1686656,PRODUCE,2612,8.68,22672.16,9,2465.18,0.9438,credito_30,11.97
2017-01-17,PROV-31,SKU-1695835,PRODUCE,5886.91,5.86,34497.29,5,4841.6,0.8224,credito_30,8.88
2017-01-17,PROV-31,SKU-1751174,PRODUCE,2220.83,10.13,22497.01,9,2220.83,1,credito_30,6.69
2017-01-17,PROV-31,SKU-1926217,PRODUCE,3446,6.14,21158.44,5,2616.68,0.7593,credito_30,5.65
2017-01-17,PROV-33,SKU-252698,SEAFOOD,254.77,7.5,1910.78,9,239.24,0.939,contado,11.52
2017-01-24,PROV-01,SKU-121964,AUTOMOTIVE,18,3.38,60.84,7,18,1,contado,1.52
2017-01-24,PROV-01,SKU-172995,AUTOMOTIVE,93,6.73,625.89,10,72.7,0.7817,contado,5.33
2017-01-24,PROV-04,SKU-1047679,BEVERAGES,6992,22.41,156690.72,2,5961.28,0.8526,credito_15,10.65
2017-01-24,PROV-04,SKU-119624,BEVERAGES,243,2.86,694.98,8,230.78,0.9497,credito_15,7.65
2017-01-24,PROV-04,SKU-1430040,BEVERAGES,4443,9.67,42963.81,7,4122.11,0.9278,credito_15,8.28
2017-01-24,PROV-04,SKU-1463992,BEVERAGES,8339,20.67,172367.13,2,7439.75,0.8922,credito_15,8.32
2017-01-24,PROV-04,SKU-1463993,BEVERAGES,6569,8.61,56559.09,7,6062.12,0.9228,credito_15,9.69
2017-01-24,PROV-04,SKU-165550,BEVERAGES,509,10.86,5527.74,4,498.62,0.9796,credito_15,3.29
2017-01-24,PROV-04,SKU-165551,BEVERAGES,214,24.82,5311.48,4,194.77,0.9101,credito_15,5.98
2017-01-24,PROV-04,SKU-165553,BEVERAGES,198,2.93,580.14,5,178.68,0.9024,credito_15,1.86
2017-01-24,PROV-04,SKU-174081,BEVERAGES,193,7.23,1395.39,4,177.54,0.9199,credito_15,8.87
2017-01-24,PROV-04,SKU-2006812,BEVERAGES,3422,19.22,65770.84,2,3121.95,0.9123,credito_15,5.04
2017-01-24,PROV-04,SKU-2042941,BEVERAGES,8852,10.12,89582.24,4,8340.7,0.9422,credito_15,10.03
2017-01-24,PROV-04,SKU-2042947,BEVERAGES,9970,17.61,175571.7,8,9560.44,0.9589,credito_15,3.19
2017-01-24,PROV-04,SKU-219147,BEVERAGES,344,16.82,5786.08,4,331.59,0.9639,credito_15,4.33
2017-01-24,PROV-04,SKU-219150,BEVERAGES,10,1.52,15.2,4,8.29,0.829,credito_15,7.8
2017-01-24,PROV-04,SKU-219152,BEVERAGES,271,23.63,6403.73,7,257.19,0.949,credito_15,2.42
2017-01-24,PROV-04,SKU-257848,BEVERAGES,238,5.96,1418.48,2,193.81,0.8143,credito_15,0.96
2017-01-24,PROV-04,SKU-364738,BEVERAGES,3777,14.62,55219.74,5,3445.51,0.9122,credito_15,4
2017-01-24,PROV-04,SKU-819932,BEVERAGES,6507,20.65,134369.55,2,5933.34,0.9118,credito_15,6.63
2017-01-24,PROV-06,SKU-103665,BREAD/BAKERY,200,8.68,1736,10,170.77,0.8538,credito_15,1.27
2017-01-24,PROV-06,SKU-1333307,BREAD/BAKERY,2117,11.69,24747.73,5,1863.05,0.88,credito_15,9.77
2017-01-24,PROV-06,SKU-153239,BREAD/BAKERY,281,9.2,2585.2,7,257.84,0.9176,credito_15,1.27
2017-01-24,PROV-06,SKU-153395,BREAD/BAKERY,128,14.3,1830.4,4,112.31,0.8774,credito_15,9.97
2017-01-24,PROV-06,SKU-153398,BREAD/BAKERY,190,10.58,2010.2,5,174.24,0.9171,credito_15,8.01
2017-01-24,PROV-06,SKU-165718,BREAD/BAKERY,454,8.98,4076.92,10,426.33,0.9391,credito_15,7.62
2017-01-24,PROV-06,SKU-215370,BREAD/BAKERY,354,19.96,7065.84,10,319.29,0.9019,credito_15,8.45
2017-01-24,PROV-06,SKU-253103,BREAD/BAKERY,86,2.6,223.6,7,81.56,0.9484,credito_15,6.65
2017-01-24,PROV-08,SKU-103501,CLEANING,208,9.62,2000.96,5,200.48,0.9638,credito_15,8.69
2017-01-24,PROV-08,SKU-108786,CLEANING,412,4.58,1886.96,6,411.62,0.9991,credito_15,3.46
2017-01-24,PROV-08,SKU-108952,CLEANING,148,10.81,1599.88,4,148,1,credito_15,6.92
2017-01-24,PROV-08,SKU-115267,CLEANING,360,1.77,637.2,4,360,1,credito_15,11.54
2017-01-24,PROV-08,SKU-116311,CLEANING,34,17.2,584.8,9,32.62,0.9594,credito_15,0.69
2017-01-24,PROV-08,SKU-119023,CLEANING,115,24.77,2848.55,7,115,1,credito_15,8.23
2017-01-24,PROV-08,SKU-119024,CLEANING,264,6.05,1597.2,4,262.69,0.995,credito_15,11.59
2017-01-24,PROV-08,SKU-119026,CLEANING,425,8.19,3480.75,7,401.92,0.9457,credito_15,2.94
2017-01-24,PROV-08,SKU-119187,CLEANING,135,13.85,1869.75,7,133.89,0.9918,credito_15,7.41
2017-01-24,PROV-08,SKU-119191,CLEANING,57,15.12,861.84,8,54.97,0.9644,credito_15,0.56
2017-01-24,PROV-08,SKU-119193,CLEANING,125,13.08,1635,5,115.91,0.9273,credito_15,7.88
2017-01-24,PROV-08,SKU-122425,CLEANING,99,8.09,800.91,5,95.42,0.9638,credito_15,5.18
2017-01-24,PROV-08,SKU-153078,CLEANING,164,6.87,1126.68,5,164,1,credito_15,3.4
2017-01-24,PROV-08,SKU-158788,CLEANING,286,22.36,6394.96,5,255.79,0.8944,credito_15,7.19
2017-01-24,PROV-08,SKU-158789,CLEANING,1208,24.65,29777.2,5,1208,1,credito_15,4.87
2017-01-24,PROV-08,SKU-158956,CLEANING,319,24.55,7831.45,10,276.8,0.8677,credito_15,11.34
2017-01-24,PROV-08,SKU-159242,CLEANING,298,2.52,750.96,8,291.17,0.9771,credito_15,3.16
2017-01-24,PROV-08,SKU-164647,CLEANING,895,18.9,16915.5,9,895,1,credito_15,5.65
2017-01-24,PROV-08,SKU-168927,CLEANING,742,6.22,4615.24,8,715.6,0.9644,credito_15,2.36
2017-01-24,PROV-08,SKU-168930,CLEANING,636,2.51,1596.36,8,578.17,0.9091,credito_15,10.16
2017-01-24,PROV-08,SKU-168931,CLEANING,217,3.83,831.11,10,205.1,0.9452,credito_15,3.65
2017-01-24,PROV-08,SKU-169101,CLEANING,55,9.59,527.45,8,55,1,credito_15,10.19
2017-01-24,PROV-08,SKU-169104,CLEANING,18,9.36,168.48,7,16.68,0.9267,credito_15,4.31
2017-01-24,PROV-08,SKU-171890,CLEANING,110,10.02,1102.2,8,100.45,0.9132,credito_15,0.71
2017-01-24,PROV-08,SKU-176411,CLEANING,39,16.05,625.95,10,33.94,0.8703,credito_15,10.1
2017-01-24,PROV-08,SKU-208498,CLEANING,135,19.45,2625.75,9,132.9,0.9844,credito_15,6.98
2017-01-24,PROV-08,SKU-209085,CLEANING,227,4.68,1062.36,8,227,1,credito_15,11.82
2017-01-24,PROV-08,SKU-214381,CLEANING,454,9.45,4290.3,7,454,1,credito_15,8.83
2017-01-24,PROV-08,SKU-214859,CLEANING,180,22.21,3997.8,10,148.71,0.8262,credito_15,3.39
2017-01-24,PROV-08,SKU-214860,CLEANING,215,16.03,3446.45,6,215,1,credito_15,9.67
2017-01-24,PROV-08,SKU-214862,CLEANING,198,4.59,908.82,5,198,1,credito_15,10.81
2017-01-24,PROV-08,SKU-218726,CLEANING,78,13.04,1017.12,9,72.75,0.9327,credito_15,3.89
2017-01-24,PROV-08,SKU-218728,CLEANING,115,8.65,994.75,8,98.01,0.8523,credito_15,9.61
2017-01-24,PROV-08,SKU-221506,CLEANING,263,13.87,3647.81,10,243.7,0.9266,credito_15,2.57
2017-01-24,PROV-08,SKU-224081,CLEANING,130,20.04,2605.2,9,123.99,0.9538,credito_15,1.26
2017-01-24,PROV-08,SKU-226126,CLEANING,207,22.27,4609.89,9,179.89,0.869,credito_15,8.28
2017-01-24,PROV-08,SKU-252970,CLEANING,230,8.03,1846.9,7,226.59,0.9852,credito_15,1.41
2017-01-24,PROV-08,SKU-252972,CLEANING,247,4,988,7,244.04,0.988,credito_15,8.15
2017-01-24,PROV-08,SKU-258376,CLEANING,595,12.72,7568.4,5,582.95,0.9797,credito_15,9.61
2017-01-24,PROV-09,SKU-122095,DAIRY,156,6.17,962.52,10,139.45,0.8939,contado,4.2
2017-01-24,PROV-09,SKU-123347,DAIRY,204,16.24,3312.96,7,194.32,0.9525,contado,2.47
2017-01-24,PROV-09,SKU-129635,DAIRY,959,21.54,20656.86,9,865.82,0.9028,contado,4.3
2017-01-24,PROV-09,SKU-1427659,DAIRY,2702,20.77,56120.54,10,2627.47,0.9724,contado,5.87
2017-01-24,PROV-09,SKU-164088,DAIRY,273,6.09,1662.57,11,267.19,0.9787,contado,0.61
2017-01-24,PROV-09,SKU-173113,DAIRY,68,13.89,944.52,11,60.39,0.8881,contado,0.57
2017-01-24,PROV-09,SKU-179615,DAIRY,542,23.7,12845.4,7,467.31,0.8622,contado,11.16
2017-01-24,PROV-09,SKU-205486,DAIRY,170,22.33,3796.1,6,166.27,0.9781,contado,8.22
2017-01-24,PROV-10,SKU-108696,DELI,335,14.5,4857.5,10,335,1,credito_15,6.85
2017-01-24,PROV-10,SKU-108698,DELI,207,4.36,902.52,8,196.2,0.9478,credito_15,0.37
2017-01-24,PROV-10,SKU-108701,DELI,163,8.18,1333.34,9,148.49,0.911,credito_15,1.35
2017-01-24,PROV-10,SKU-208426,DELI,167,18.13,3027.71,7,167,1,credito_15,9.7
2017-01-24,PROV-10,SKU-220613,DELI,100,5.5,550,9,96.61,0.9661,credito_15,10.64
2017-01-24,PROV-11,SKU-108833,EGGS,108,13.17,1422.36,6,100.6,0.9315,credito_30,9.82
2017-01-24,PROV-11,SKU-127547,EGGS,277,21.95,6080.15,6,263.94,0.9529,credito_30,10.18
2017-01-24,PROV-11,SKU-208384,EGGS,1009,13.6,13722.4,6,883.66,0.8758,credito_30,7.81
2017-01-24,PROV-11,SKU-208386,EGGS,350,17.06,5971,8,310.38,0.8868,credito_30,6.32
2017-01-24,PROV-11,SKU-227111,EGGS,251,15.75,3953.25,7,241.27,0.9612,credito_30,5.65
2017-01-24,PROV-11,SKU-258268,EGGS,318,3.54,1125.72,9,318,1,credito_30,0.73
2017-01-24,PROV-12,SKU-258411,FROZEN FOODS,172,20.23,3479.56,4,172,1,credito_15,9.84
2017-01-24,PROV-13,SKU-103520,GROCERY I,86,24.61,2116.46,8,78.24,0.9098,credito_15,4.19
2017-01-24,PROV-13,SKU-105574,GROCERY I,374,1.76,658.24,12,356.34,0.9528,credito_15,10.52
2017-01-24,PROV-13,SKU-105575,GROCERY I,714,20.25,14458.5,7,683.33,0.957,credito_15,5.98
2017-01-24,PROV-13,SKU-105576,GROCERY I,552,13.13,7247.76,6,519.61,0.9413,credito_15,5.21
2017-01-24,PROV-13,SKU-105577,GROCERY I,100,8.29,829,8,87.47,0.8747,credito_15,10.66
2017-01-24,PROV-13,SKU-105693,GROCERY I,71,1.51,107.21,7,64.72,0.9115,credito_15,5.73
2017-01-24,PROV-13,SKU-105857,GROCERY I,389,22.71,8834.19,9,383.81,0.9867,credito_15,9.17
2017-01-24,PROV-13,SKU-106716,GROCERY I,339,16.92,5735.88,8,335.4,0.9894,credito_15,5.05
2017-01-24,PROV-13,SKU-108079,GROCERY I,101,24.15,2439.15,10,88.11,0.8724,credito_15,9.51
2017-01-24,PROV-13,SKU-108797,GROCERY I,331,23.15,7662.65,8,325,0.9819,credito_15,4.03
2017-01-24,PROV-13,SKU-108862,GROCERY I,51,17.93,914.43,12,47.39,0.9292,credito_15,1.47
2017-01-24,PROV-13,SKU-111223,GROCERY I,822,17.97,14771.34,11,822,1,credito_15,4.17
2017-01-24,PROV-13,SKU-111397,GROCERY I,259,10.24,2652.16,11,242.07,0.9346,credito_15,2.23
2017-01-24,PROV-13,SKU-114790,GROCERY I,781,24.29,18970.49,7,685.84,0.8782,credito_15,6.65
2017-01-24,PROV-13,SKU-115611,GROCERY I,1055,22.31,23537.05,10,949.4,0.8999,credito_15,4.13
2017-01-24,PROV-13,SKU-115693,GROCERY I,197,23.46,4621.62,10,188.7,0.9579,credito_15,5.42
2017-01-24,PROV-13,SKU-115720,GROCERY I,375,21.56,8085,7,348.75,0.93,credito_15,0.01
2017-01-24,PROV-13,SKU-115850,GROCERY I,873,16.03,13994.19,8,833.49,0.9547,credito_15,11.94
2017-01-24,PROV-13,SKU-115891,GROCERY I,291,15.3,4452.3,6,274.53,0.9434,credito_15,11.14
2017-01-24,PROV-13,SKU-115892,GROCERY I,653,10.31,6732.43,7,633.55,0.9702,credito_15,1.29
2017-01-24,PROV-13,SKU-115894,GROCERY I,702,4.91,3446.82,9,640.45,0.9123,credito_15,4.29
2017-01-24,PROV-13,SKU-116017,GROCERY I,1034,5.48,5666.32,7,924.78,0.8944,credito_15,5.71
2017-01-24,PROV-13,SKU-116018,GROCERY I,1601,9.79,15673.79,6,1550.34,0.9684,credito_15,2.31
2017-01-24,PROV-13,SKU-116279,GROCERY I,141,7.96,1122.36,10,119.73,0.8491,credito_15,11.83
2017-01-24,PROV-13,SKU-122419,GROCERY I,157,21.05,3304.85,7,149.21,0.9504,credito_15,0.79
2017-01-24,PROV-13,SKU-123601,GROCERY I,355,20.21,7174.55,6,352.09,0.9918,credito_15,10.66
2017-01-24,PROV-13,SKU-123602,GROCERY I,218,21.56,4700.08,12,204.24,0.9369,credito_15,4.51
2017-01-24,PROV-13,SKU-123927,GROCERY I,42,12.89,541.38,6,42,1,credito_15,1.78
2017-01-24,PROV-13,SKU-125430,GROCERY I,630,5.35,3370.5,6,616.14,0.978,credito_15,11.1
2017-01-24,PROV-13,SKU-127534,GROCERY I,109,9.78,1066.02,9,105.73,0.97,credito_15,1.96
2017-01-24,PROV-13,SKU-129296,GROCERY I,273,17.27,4714.71,6,264.66,0.9695,credito_15,5.98
2017-01-24,PROV-13,SKU-129297,GROCERY I,283,6.14,1737.62,9,246.71,0.8718,credito_15,0.68
2017-01-24,PROV-13,SKU-129759,GROCERY I,116,20.22,2345.52,12,109.72,0.9459,credito_15,9.17
2017-01-24,PROV-13,SKU-153267,GROCERY I,424,14.59,6186.16,12,401.4,0.9467,credito_15,4.1
2017-01-24,PROV-13,SKU-155499,GROCERY I,267,11.6,3097.2,10,267,1,credito_15,7.31
2017-01-24,PROV-13,SKU-155500,GROCERY I,999,5.43,5424.57,8,994.06,0.9951,credito_15,1.26
2017-01-24,PROV-13,SKU-155601,GROCERY I,82,17.53,1437.46,7,82,1,credito_15,9.96
2017-01-24,PROV-13,SKU-155607,GROCERY I,63,13.99,881.37,6,63,1,credito_15,2.31
2017-01-24,PROV-13,SKU-155610,GROCERY I,136,1.62,220.32,10,122.2,0.8985,credito_15,9.27
2017-01-24,PROV-13,SKU-155621,GROCERY I,119,15.2,1808.8,7,109.53,0.9204,credito_15,0.65
2017-01-24,PROV-13,SKU-155625,GROCERY I,140,20.43,2860.2,12,129.49,0.9249,credito_15,7.65
2017-01-24,PROV-13,SKU-158875,GROCERY I,159,10.06,1599.54,12,154.53,0.9719,credito_15,0.02
2017-01-24,PROV-13,SKU-164036,GROCERY I,351,10.4,3650.4,9,332.29,0.9467,credito_15,11.11
2017-01-24,PROV-13,SKU-165594,GROCERY I,655,15.04,9851.2,7,601.44,0.9182,credito_15,5.83
2017-01-24,PROV-13,SKU-165693,GROCERY I,527,4.38,2308.26,7,498.24,0.9454,credito_15,0.75
2017-01-24,PROV-13,SKU-165704,GROCERY I,860,24.86,21379.6,10,782.64,0.91,credito_15,8.69
2017-01-24,PROV-13,SKU-165705,GROCERY I,190,12.35,2346.5,6,188.27,0.9909,credito_15,9.51
2017-01-24,PROV-13,SKU-165727,GROCERY I,163,21.7,3537.1,7,163,1,credito_15,4.98
2017-01-24,PROV-13,SKU-165988,GROCERY I,2565,24.95,63996.75,8,2565,1,credito_15,9.69
2017-01-24,PROV-13,SKU-168989,GROCERY I,110,5.77,634.7,10,104.01,0.9455,credito_15,2.11
2017-01-24,PROV-13,SKU-170791,GROCERY I,511,7.87,4021.57,10,457.65,0.8956,credito_15,4.61
2017-01-24,PROV-13,SKU-172184,GROCERY I,233,15.9,3704.7,7,226.86,0.9736,credito_15,9.62
2017-01-24,PROV-13,SKU-172343,GROCERY I,270,22.32,6026.4,7,255.31,0.9456,credito_15,6.56
2017-01-24,PROV-13,SKU-173111,GROCERY I,889,18.85,16757.65,10,889,1,credito_15,11.89
2017-01-24,PROV-13,SKU-177395,GROCERY I,300,18.86,5658,9,284.76,0.9492,credito_15,5.91
2017-01-24,PROV-13,SKU-179274,GROCERY I,408,4.25,1734,8,358.92,0.8797,credito_15,3
2017-01-24,PROV-13,SKU-179579,GROCERY I,119,16.68,1984.92,8,106.1,0.8916,credito_15,11.68
2017-01-24,PROV-13,SKU-205387,GROCERY I,1059,24.72,26178.48,10,941.54,0.8891,credito_15,8.55
2017-01-24,PROV-13,SKU-205557,GROCERY I,79,8.19,647.01,7,79,1,credito_15,8.16
2017-01-24,PROV-13,SKU-207857,GROCERY I,238,8.15,1939.7,7,228.78,0.9613,credito_15,0.78
2017-01-24,PROV-13,SKU-208659,GROCERY I,180,19.11,3439.8,8,180,1,credito_15,5.12
2017-01-24,PROV-13,SKU-208699,GROCERY I,143,6.33,905.19,8,143,1,credito_15,9.02
2017-01-24,PROV-13,SKU-210798,GROCERY I,298,22.64,6746.72,6,274.47,0.921,credito_15,9.54
2017-01-24,PROV-13,SKU-211203,GROCERY I,795,20.69,16448.55,8,706.09,0.8882,credito_15,8.7
2017-01-24,PROV-13,SKU-211205,GROCERY I,415,11.7,4855.5,11,397.84,0.9587,credito_15,11.59
2017-01-24,PROV-13,SKU-211206,GROCERY I,239,12.84,3068.76,8,237.57,0.994,credito_15,4.3
2017-01-24,PROV-13,SKU-211999,GROCERY I,103,22,2266,9,91.78,0.8911,credito_15,0.75
2017-01-24,PROV-13,SKU-212550,GROCERY I,165,11.44,1887.6,8,163.48,0.9908,credito_15,5.17
2017-01-24,PROV-13,SKU-212552,GROCERY I,208,17.57,3654.56,9,197.81,0.951,credito_15,0.47
2017-01-24,PROV-13,SKU-213066,GROCERY I,259,21.09,5462.31,8,252.09,0.9733,credito_15,7.3
2017-01-24,PROV-13,SKU-213652,GROCERY I,528,10.28,5427.84,11,525.19,0.9947,credito_15,1.62
2017-01-24,PROV-13,SKU-213653,GROCERY I,293,22.82,6686.26,12,272.08,0.9286,credito_15,7.03
2017-01-24,PROV-13,SKU-213788,GROCERY I,255,15.73,4011.15,9,244.21,0.9577,credito_15,11.41
2017-01-24,PROV-13,SKU-215303,GROCERY I,200,22.99,4598,9,200,1,credito_15,1.73
2017-01-24,PROV-13,SKU-215304,GROCERY I,116,20.98,2433.68,11,110.84,0.9555,credito_15,0.46
2017-01-24,PROV-13,SKU-215327,GROCERY I,566,4.39,2484.74,9,480.43,0.8488,credito_15,11.74
2017-01-24,PROV-13,SKU-215332,GROCERY I,407,18.14,7382.98,9,371.47,0.9127,credito_15,7.61
2017-01-24,PROV-13,SKU-215352,GROCERY I,1076,19.77,21272.52,12,960.62,0.8928,credito_15,0.19
2017-01-24,PROV-13,SKU-215896,GROCERY I,554,13.91,7706.14,10,529.51,0.9558,credito_15,7.71
2017-01-24,PROV-13,SKU-217827,GROCERY I,209,2.53,528.77,11,203.27,0.9726,credito_15,2.77
2017-01-24,PROV-13,SKU-220432,GROCERY I,473,17.17,8121.41,9,417.93,0.8836,credito_15,4.63
2017-01-24,PROV-13,SKU-220435,GROCERY I,1448,21.06,30494.88,6,1448,1,credito_15,11.82
2017-01-24,PROV-13,SKU-222879,GROCERY I,1033,8.88,9173.04,10,1017.62,0.9851,credito_15,2.65
2017-01-24,PROV-13,SKU-222975,GROCERY I,624,16.35,10202.4,9,567.68,0.9097,credito_15,1.16
2017-01-24,PROV-13,SKU-223068,GROCERY I,84,17.11,1437.24,6,69.29,0.8249,credito_15,7.04
2017-01-24,PROV-13,SKU-223434,GROCERY I,403,11.22,4521.66,9,370.89,0.9203,credito_15,4.5
2017-01-24,PROV-13,SKU-223463,GROCERY I,252,15.36,3870.72,7,252,1,credito_15,1.2
2017-01-24,PROV-13,SKU-229368,GROCERY I,196,19.18,3759.28,10,196,1,credito_15,4.44
2017-01-24,PROV-13,SKU-253145,GROCERY I,140,5.87,821.8,10,140,1,credito_15,10.33
2017-01-24,PROV-13,SKU-255161,GROCERY I,845,17.46,14753.7,7,782.15,0.9256,credito_15,11.28
2017-01-24,PROV-13,SKU-255199,GROCERY I,276,20.85,5754.6,8,269.25,0.9755,credito_15,11.45
2017-01-24,PROV-13,SKU-255202,GROCERY I,181,8.12,1469.72,10,154.27,0.8523,credito_15,7.57
2017-01-24,PROV-13,SKU-258396,GROCERY I,591,16.42,9704.22,7,591,1,credito_15,0.78
2017-01-24,PROV-13,SKU-364606,GROCERY I,2897,22.34,64718.98,11,2722.98,0.9399,credito_15,3.71
2017-01-24,PROV-14,SKU-167437,GROCERY II,189,21.71,4103.19,9,177.45,0.9389,credito_30,10.63
2017-01-24,PROV-14,SKU-210520,GROCERY II,20,21.47,429.4,4,17.84,0.892,credito_30,6.79
2017-01-24,PROV-18,SKU-250782,HOME APPLIANCES,54,22.99,1241.46,9,50.22,0.93,contado,7.75
2017-01-24,PROV-22,SKU-115847,LINGERIE,41,24.3,996.3,10,35.38,0.8629,contado,3.39
2017-01-24,PROV-22,SKU-177050,LINGERIE,13,19.6,254.8,6,12.32,0.9477,contado,7.94
2017-01-24,PROV-22,SKU-215468,LINGERIE,34,5.11,173.74,6,26.27,0.7726,contado,7.72
2017-01-24,PROV-25,SKU-584028,MEATS,2286.37,24.29,55535.93,10,2111.83,0.9237,credito_30,3.56
2017-01-24,PROV-26,SKU-114799,PERSONAL CARE,177,11.47,2030.19,5,153.83,0.8691,contado,10.15
2017-01-24,PROV-26,SKU-114800,PERSONAL CARE,260,21.01,5462.6,7,233.14,0.8967,contado,0.3
2017-01-24,PROV-29,SKU-108831,POULTRY,362.16,13.2,4780.51,3,300.17,0.8288,credito_15,3.37
2017-01-24,PROV-29,SKU-159156,POULTRY,888.48,24.7,21945.46,2,770.78,0.8675,credito_15,11.37
2017-01-24,PROV-29,SKU-208539,POULTRY,147.35,9.37,1380.67,3,118.38,0.8034,credito_15,5.37
2017-01-24,PROV-31,SKU-1473410,PRODUCE,3212.77,20.04,64383.91,6,3101.79,0.9655,credito_30,7.81
2017-01-24,PROV-31,SKU-1473474,PRODUCE,8779.2,10.26,90074.59,7,6922.88,0.7886,credito_30,7.85
2017-01-24,PROV-31,SKU-1502392,PRODUCE,2925.66,5.27,15418.23,7,2606.29,0.8908,credito_30,7.28
2017-01-24,PROV-31,SKU-1503844,PRODUCE,11359.17,2.17,24649.4,9,8970.29,0.7897,credito_30,8.42
2017-01-24,PROV-31,SKU-1503847,PRODUCE,2361.1,8.42,19880.46,7,2094.37,0.887,credito_30,7.56
2017-01-24,PROV-31,SKU-1584575,PRODUCE,3405,3.25,11066.25,10,3000.25,0.8811,credito_30,11.81
2017-01-24,PROV-31,SKU-1642399,PRODUCE,3886.84,24.92,96860.05,7,3275.43,0.8427,credito_30,6.89
2017-01-24,PROV-31,SKU-1686656,PRODUCE,2445,8.68,21222.6,6,2334.63,0.9549,credito_30,11.97
2017-01-24,PROV-31,SKU-1695835,PRODUCE,4621.45,5.86,27081.7,7,4045.56,0.8754,credito_30,8.88
2017-01-24,PROV-31,SKU-1751174,PRODUCE,2329.59,10.13,23598.75,5,2029.63,0.8712,credito_30,6.69
2017-01-24,PROV-31,SKU-1926217,PRODUCE,3049,6.14,18720.86,6,2799.8,0.9183,credito_30,5.65
2017-01-24,PROV-33,SKU-252698,SEAFOOD,202.67,7.5,1520.02,7,195.03,0.9623,contado,11.52
2017-01-31,PROV-01,SKU-121964,AUTOMOTIVE,22,3.38,74.36,11,18.65,0.8477,contado,1.52
2017-01-31,PROV-01,SKU-172995,AUTOMOTIVE,90,6.73,605.7,10,82.88,0.9209,contado,5.33
2017-01-31,PROV-04,SKU-1047679,BEVERAGES,7406,22.41,165968.46,2,6758.01,0.9125,credito_15,10.65
2017-01-31,PROV-04,SKU-119624,BEVERAGES,369,2.86,1055.34,4,339.27,0.9194,credito_15,7.65
2017-01-31,PROV-04,SKU-1430040,BEVERAGES,4623,9.67,44704.41,8,3660.23,0.7917,credito_15,8.28
2017-01-31,PROV-04,SKU-1463992,BEVERAGES,10390,20.67,214761.3,4,8845.11,0.8513,credito_15,8.32
2017-01-31,PROV-04,SKU-1463993,BEVERAGES,7402,8.61,63731.22,7,6979.04,0.9429,credito_15,9.69
2017-01-31,PROV-04,SKU-165550,BEVERAGES,568,10.86,6168.48,2,568,1,credito_15,3.29
2017-01-31,PROV-04,SKU-165551,BEVERAGES,216,24.82,5361.12,8,184.37,0.8536,credito_15,5.98
2017-01-31,PROV-04,SKU-165553,BEVERAGES,244,2.93,714.92,5,227,0.9303,credito_15,1.86
2017-01-31,PROV-04,SKU-174081,BEVERAGES,298,7.23,2154.54,3,282.46,0.9479,credito_15,8.87
2017-01-31,PROV-04,SKU-2006812,BEVERAGES,4002,19.22,76918.44,7,3718.54,0.9292,credito_15,5.04
2017-01-31,PROV-04,SKU-2042941,BEVERAGES,9626,10.12,97415.12,6,8067.34,0.8381,credito_15,10.03
2017-01-31,PROV-04,SKU-2042947,BEVERAGES,8725,17.61,153647.25,7,7246.75,0.8306,credito_15,3.19
2017-01-31,PROV-04,SKU-219147,BEVERAGES,393,16.82,6610.26,4,349.26,0.8887,credito_15,4.33
2017-01-31,PROV-04,SKU-219150,BEVERAGES,13,1.52,19.76,4,11.51,0.8854,credito_15,7.8
2017-01-31,PROV-04,SKU-219152,BEVERAGES,331,23.63,7821.53,8,281.61,0.8508,credito_15,2.42
2017-01-31,PROV-04,SKU-257848,BEVERAGES,232,5.96,1382.72,5,231.18,0.9965,credito_15,0.96
2017-01-31,PROV-04,SKU-364738,BEVERAGES,3228,14.62,47193.36,6,3189.24,0.988,credito_15,4
2017-01-31,PROV-04,SKU-819932,BEVERAGES,7038,20.65,145334.7,3,6501.09,0.9237,credito_15,6.63
2017-01-31,PROV-06,SKU-103665,BREAD/BAKERY,201,8.68,1744.68,5,190.73,0.9489,credito_15,1.27
2017-01-31,PROV-06,SKU-1333307,BREAD/BAKERY,2284,11.69,26699.96,8,2083.97,0.9124,credito_15,9.77
2017-01-31,PROV-06,SKU-153239,BREAD/BAKERY,282,9.2,2594.4,9,251.26,0.891,credito_15,1.27
2017-01-31,PROV-06,SKU-153395,BREAD/BAKERY,162,14.3,2316.6,4,122.33,0.7551,credito_15,9.97
2017-01-31,PROV-06,SKU-153398,BREAD/BAKERY,216,10.58,2285.28,5,208.54,0.9655,credito_15,8.01
2017-01-31,PROV-06,SKU-165718,BREAD/BAKERY,339,8.98,3044.22,10,311.62,0.9192,credito_15,7.62
2017-01-31,PROV-06,SKU-215370,BREAD/BAKERY,360,19.96,7185.6,4,296.8,0.8244,credito_15,8.45
2017-01-31,PROV-06,SKU-253103,BREAD/BAKERY,96,2.6,249.6,9,93.17,0.9705,credito_15,6.65
2017-01-31,PROV-08,SKU-103501,CLEANING,327,9.62,3145.74,9,298.93,0.9142,credito_15,8.69
2017-01-31,PROV-08,SKU-108786,CLEANING,663,4.58,3036.54,6,635.15,0.958,credito_15,3.46
2017-01-31,PROV-08,SKU-108952,CLEANING,232,10.81,2507.92,5,232,1,credito_15,6.92
2017-01-31,PROV-08,SKU-115267,CLEANING,553,1.77,978.81,7,529.6,0.9577,credito_15,11.54
2017-01-31,PROV-08,SKU-116311,CLEANING,29,17.2,498.8,7,28.48,0.9821,credito_15,0.69
2017-01-31,PROV-08,SKU-119023,CLEANING,177,24.77,4384.29,4,166.33,0.9397,credito_15,8.23
2017-01-31,PROV-08,SKU-119024,CLEANING,379,6.05,2292.95,4,352.8,0.9309,credito_15,11.59
2017-01-31,PROV-08,SKU-119026,CLEANING,662,8.19,5421.78,5,661.44,0.9992,credito_15,2.94
2017-01-31,PROV-08,SKU-119187,CLEANING,255,13.85,3531.75,9,249.15,0.9771,credito_15,7.41
2017-01-31,PROV-08,SKU-119191,CLEANING,135,15.12,2041.2,4,122.68,0.9087,credito_15,0.56
2017-01-31,PROV-08,SKU-119193,CLEANING,167,13.08,2184.36,6,150.99,0.9041,credito_15,7.88
2017-01-31,PROV-08,SKU-122425,CLEANING,141,8.09,1140.69,8,141,1,credito_15,5.18
2017-01-31,PROV-08,SKU-153078,CLEANING,208,6.87,1428.96,6,208,1,credito_15,3.4
2017-01-31,PROV-08,SKU-158788,CLEANING,444,22.36,9927.84,9,387.76,0.8733,credito_15,7.19
2017-01-31,PROV-08,SKU-158789,CLEANING,851,24.65,20977.15,8,851,1,credito_15,4.87
2017-01-31,PROV-08,SKU-158956,CLEANING,313,24.55,7684.15,6,274.72,0.8777,credito_15,11.34
2017-01-31,PROV-08,SKU-159242,CLEANING,384,2.52,967.68,8,384,1,credito_15,3.16
2017-01-31,PROV-08,SKU-164647,CLEANING,1612,18.9,30466.8,10,1455.5,0.9029,credito_15,5.65
2017-01-31,PROV-08,SKU-168927,CLEANING,833,6.22,5181.26,6,754.4,0.9056,credito_15,2.36
2017-01-31,PROV-08,SKU-168930,CLEANING,733,2.51,1839.83,4,733,1,credito_15,10.16
2017-01-31,PROV-08,SKU-168931,CLEANING,324,3.83,1240.92,8,304.26,0.9391,credito_15,3.65
2017-01-31,PROV-08,SKU-169101,CLEANING,84,9.59,805.56,5,83.4,0.9929,credito_15,10.19
2017-01-31,PROV-08,SKU-169104,CLEANING,19,9.36,177.84,10,17.5,0.9211,credito_15,4.31
2017-01-31,PROV-08,SKU-171890,CLEANING,107,10.02,1072.14,4,107,1,credito_15,0.71
2017-01-31,PROV-08,SKU-176411,CLEANING,32,16.05,513.6,4,29.66,0.9269,credito_15,10.1
2017-01-31,PROV-08,SKU-208498,CLEANING,185,19.45,3598.25,6,170,0.9189,credito_15,6.98
2017-01-31,PROV-08,SKU-209085,CLEANING,335,4.68,1567.8,5,335,1,credito_15,11.82
2017-01-31,PROV-08,SKU-214381,CLEANING,656,9.45,6199.2,6,656,1,credito_15,8.83
2017-01-31,PROV-08,SKU-214859,CLEANING,225,22.21,4997.25,7,202.23,0.8988,credito_15,3.39
2017-01-31,PROV-08,SKU-214860,CLEANING,310,16.03,4969.3,9,305.13,0.9843,credito_15,9.67
2017-01-31,PROV-08,SKU-214862,CLEANING,312,4.59,1432.08,8,307.26,0.9848,credito_15,10.81
2017-01-31,PROV-08,SKU-218726,CLEANING,109,13.04,1421.36,7,100.98,0.9264,credito_15,3.89
2017-01-31,PROV-08,SKU-218728,CLEANING,174,8.65,1505.1,6,146.49,0.8419,credito_15,9.61
2017-01-31,PROV-08,SKU-221506,CLEANING,358,13.87,4965.46,6,334.7,0.9349,credito_15,2.57
2017-01-31,PROV-08,SKU-224081,CLEANING,226,20.04,4529.04,9,225.98,0.9999,credito_15,1.26
2017-01-31,PROV-08,SKU-226126,CLEANING,298,22.27,6636.46,6,277.39,0.9308,credito_15,8.28
2017-01-31,PROV-08,SKU-252970,CLEANING,276,8.03,2216.28,8,247.99,0.8985,credito_15,1.41
2017-01-31,PROV-08,SKU-252972,CLEANING,293,4,1172,5,265.93,0.9076,credito_15,8.15
2017-01-31,PROV-08,SKU-258376,CLEANING,1014,12.72,12898.08,6,942.35,0.9293,credito_15,9.61
2017-01-31,PROV-09,SKU-122095,DAIRY,202,6.17,1246.34,7,202,1,contado,4.2
2017-01-31,PROV-09,SKU-123347,DAIRY,247,16.24,4011.28,8,245.46,0.9938,contado,2.47
2017-01-31,PROV-09,SKU-158842,DAIRY,273,19.63,5358.99,7,257.39,0.9428,contado,7.14
2017-01-31,PROV-09,SKU-164088,DAIRY,278,6.09,1693.02,8,248.21,0.8928,contado,0.61
2017-01-31,PROV-09,SKU-173113,DAIRY,94,13.89,1305.66,10,76.12,0.8098,contado,0.57
2017-01-31,PROV-09,SKU-179615,DAIRY,568,23.7,13461.6,11,493.94,0.8696,contado,11.16
2017-01-31,PROV-09,SKU-205486,DAIRY,173,22.33,3863.09,10,173,1,contado,8.22
2017-01-31,PROV-10,SKU-108696,DELI,353,14.5,5118.5,8,323.83,0.9174,credito_15,6.85
2017-01-31,PROV-10,SKU-108698,DELI,218,4.36,950.48,6,218,1,credito_15,0.37
2017-01-31,PROV-10,SKU-108701,DELI,248,8.18,2028.64,11,219.09,0.8834,credito_15,1.35
2017-01-31,PROV-10,SKU-220613,DELI,123,5.5,676.5,9,118.19,0.9609,credito_15,10.64
2017-01-31,PROV-11,SKU-108833,EGGS,134,13.17,1764.78,9,111.99,0.8357,credito_30,9.82
2017-01-31,PROV-11,SKU-127547,EGGS,269,21.95,5904.55,8,248.18,0.9226,credito_30,10.18
2017-01-31,PROV-11,SKU-158680,EGGS,437,15.57,6804.09,7,373.75,0.8553,credito_30,3.92
2017-01-31,PROV-11,SKU-208384,EGGS,1078,13.6,14660.8,6,979.26,0.9084,credito_30,7.81
2017-01-31,PROV-11,SKU-227111,EGGS,287,15.75,4520.25,7,256.06,0.8922,credito_30,5.65
2017-01-31,PROV-12,SKU-258411,FROZEN FOODS,238,20.23,4814.74,6,221.32,0.9299,credito_15,9.84
2017-01-31,PROV-13,SKU-103520,GROCERY I,102,24.61,2510.22,10,102,1,credito_15,4.19
2017-01-31,PROV-13,SKU-105574,GROCERY I,470,1.76,827.2,7,397.24,0.8452,credito_15,10.52
2017-01-31,PROV-13,SKU-105575,GROCERY I,952,20.25,19278,11,952,1,credito_15,5.98
2017-01-31,PROV-13,SKU-105576,GROCERY I,840,13.13,11029.2,6,759.19,0.9038,credito_15,5.21
2017-01-31,PROV-13,SKU-105577,GROCERY I,114,8.29,945.06,10,111.36,0.9768,credito_15,10.66
2017-01-31,PROV-13,SKU-105693,GROCERY I,129,1.51,194.79,12,129,1,credito_15,5.73
2017-01-31,PROV-13,SKU-105737,GROCERY I,201,12.04,2420.04,7,198.17,0.9859,credito_15,7.51
2017-01-31,PROV-13,SKU-105857,GROCERY I,449,22.71,10196.79,7,420.38,0.9363,credito_15,9.17
2017-01-31,PROV-13,SKU-108079,GROCERY I,119,24.15,2873.85,7,105.66,0.8879,credito_15,9.51
2017-01-31,PROV-13,SKU-108797,GROCERY I,411,23.15,9514.65,11,411,1,credito_15,4.03
2017-01-31,PROV-13,SKU-108862,GROCERY I,54,17.93,968.22,6,53.3,0.987,credito_15,1.47
2017-01-31,PROV-13,SKU-111223,GROCERY I,1086,17.97,19515.42,12,971.15,0.8942,credito_15,4.17
2017-01-31,PROV-13,SKU-111397,GROCERY I,298,10.24,3051.52,7,270.17,0.9066,credito_15,2.23
2017-01-31,PROV-13,SKU-114790,GROCERY I,1093,24.29,26548.97,7,1047.07,0.958,credito_15,6.65
2017-01-31,PROV-13,SKU-115611,GROCERY I,1024,22.31,22845.44,8,982.31,0.9593,credito_15,4.13
2017-01-31,PROV-13,SKU-115693,GROCERY I,156,23.46,3659.76,10,152.59,0.9781,credito_15,5.42
2017-01-31,PROV-13,SKU-115720,GROCERY I,503,21.56,10844.68,8,463.52,0.9215,credito_15,0.01
2017-01-31,PROV-13,SKU-115850,GROCERY I,1469,16.03,23548.07,11,1282.04,0.8727,credito_15,11.94
2017-01-31,PROV-13,SKU-115891,GROCERY I,331,15.3,5064.3,12,302.08,0.9126,credito_15,11.14
2017-01-31,PROV-13,SKU-115892,GROCERY I,788,10.31,8124.28,10,788,1,credito_15,1.29
2017-01-31,PROV-13,SKU-115893,GROCERY I,789,7.16,5649.24,10,762.82,0.9668,credito_15,5.62
2017-01-31,PROV-13,SKU-115894,GROCERY I,854,4.91,4193.14,9,725.47,0.8495,credito_15,4.29
2017-01-31,PROV-13,SKU-116017,GROCERY I,1815,5.48,9946.2,9,1558.61,0.8587,credito_15,5.71
2017-01-31,PROV-13,SKU-116018,GROCERY I,2265,9.79,22174.35,9,2213.35,0.9772,credito_15,2.31
2017-01-31,PROV-13,SKU-116279,GROCERY I,202,7.96,1607.92,6,197.57,0.9781,credito_15,11.83
2017-01-31,PROV-13,SKU-123601,GROCERY I,639,20.21,12914.19,8,617.02,0.9656,credito_15,10.66
2017-01-31,PROV-13,SKU-123602,GROCERY I,189,21.56,4074.84,7,171.89,0.9095,credito_15,4.51
2017-01-31,PROV-13,SKU-123927,GROCERY I,91,12.89,1172.99,8,90.49,0.9944,credito_15,1.78
2017-01-31,PROV-13,SKU-125430,GROCERY I,658,5.35,3520.3,8,601.83,0.9146,credito_15,11.1
2017-01-31,PROV-13,SKU-129296,GROCERY I,401,17.27,6925.27,7,401,1,credito_15,5.98
2017-01-31,PROV-13,SKU-129297,GROCERY I,301,6.14,1848.14,7,283.02,0.9403,credito_15,0.68
2017-01-31,PROV-13,SKU-129759,GROCERY I,164,20.22,3316.08,9,152.13,0.9276,credito_15,9.17
2017-01-31,PROV-13,SKU-153267,GROCERY I,554,14.59,8082.86,9,554,1,credito_15,4.1
2017-01-31,PROV-13,SKU-155499,GROCERY I,324,11.6,3758.4,9,322.12,0.9942,credito_15,7.31
2017-01-31,PROV-13,SKU-155500,GROCERY I,1574,5.43,8546.82,8,1574,1,credito_15,1.26
2017-01-31,PROV-13,SKU-155600,GROCERY I,132,13.97,1844.04,10,127.79,0.9681,credito_15,11.42
2017-01-31,PROV-13,SKU-155601,GROCERY I,93,17.53,1630.29,9,87.81,0.9442,credito_15,9.96
2017-01-31,PROV-13,SKU-155607,GROCERY I,113,13.99,1580.87,9,101.61,0.8992,credito_15,2.31
2017-01-31,PROV-13,SKU-155610,GROCERY I,215,1.62,348.3,9,204.23,0.9499,credito_15,9.27
2017-01-31,PROV-13,SKU-155621,GROCERY I,145,15.2,2204,10,144.95,0.9997,credito_15,0.65
2017-01-31,PROV-13,SKU-155625,GROCERY I,156,20.43,3187.08,9,150.59,0.9653,credito_15,7.65
2017-01-31,PROV-13,SKU-157956,GROCERY I,133,22.53,2996.49,8,133,1,credito_15,9.68
2017-01-31,PROV-13,SKU-158875,GROCERY I,144,10.06,1448.64,11,140.5,0.9757,credito_15,0.02
2017-01-31,PROV-13,SKU-162066,GROCERY I,765,22.92,17533.8,10,756.45,0.9888,credito_15,10.68
2017-01-31,PROV-13,SKU-164036,GROCERY I,448,10.4,4659.2,6,436.99,0.9754,credito_15,11.11
2017-01-31,PROV-13,SKU-165594,GROCERY I,652,15.04,9806.08,10,597.39,0.9162,credito_15,5.83
2017-01-31,PROV-13,SKU-165693,GROCERY I,682,4.38,2987.16,8,615.37,0.9023,credito_15,0.75
2017-01-31,PROV-13,SKU-165704,GROCERY I,936,24.86,23268.96,9,868.67,0.9281,credito_15,8.69
2017-01-31,PROV-13,SKU-165705,GROCERY I,200,12.35,2470,10,200,1,credito_15,9.51
2017-01-31,PROV-13,SKU-165988,GROCERY I,2895,24.95,72230.25,6,2895,1,credito_15,9.69
2017-01-31,PROV-13,SKU-168989,GROCERY I,167,5.77,963.59,11,162.57,0.9735,credito_15,2.11
2017-01-31,PROV-13,SKU-169028,GROCERY I,203,3.63,736.89,10,183.22,0.9026,credito_15,0.37
2017-01-31,PROV-13,SKU-170791,GROCERY I,1096,7.87,8625.52,11,1081.51,0.9868,credito_15,4.61
2017-01-31,PROV-13,SKU-172184,GROCERY I,348,15.9,5533.2,9,333,0.9569,credito_15,9.62
2017-01-31,PROV-13,SKU-172343,GROCERY I,536,22.32,11963.52,9,506.16,0.9443,credito_15,6.56
2017-01-31,PROV-13,SKU-173111,GROCERY I,1005,18.85,18944.25,6,978.72,0.9739,credito_15,11.89
2017-01-31,PROV-13,SKU-177395,GROCERY I,482,18.86,9090.52,9,415.6,0.8622,credito_15,5.91
2017-01-31,PROV-13,SKU-179274,GROCERY I,536,4.25,2278,8,536,1,credito_15,3
2017-01-31,PROV-13,SKU-179564,GROCERY I,52,7.98,414.96,7,44.9,0.8635,credito_15,7.45
2017-01-31,PROV-13,SKU-179579,GROCERY I,108,16.68,1801.44,8,108,1,credito_15,11.68
2017-01-31,PROV-13,SKU-205381,GROCERY I,116,10.63,1233.08,8,116,1,credito_15,5.53
2017-01-31,PROV-13,SKU-208514,GROCERY I,358,23.73,8495.34,8,358,1,credito_15,6.96
2017-01-31,PROV-13,SKU-208659,GROCERY I,160,19.11,3057.6,10,157.77,0.9861,credito_15,5.12
2017-01-31,PROV-13,SKU-208699,GROCERY I,177,6.33,1120.41,6,154.52,0.873,credito_15,9.02
2017-01-31,PROV-13,SKU-210798,GROCERY I,264,22.64,5976.96,10,257.71,0.9762,credito_15,9.54
2017-01-31,PROV-13,SKU-211203,GROCERY I,958,20.69,19821.02,9,888.33,0.9273,credito_15,8.7
2017-01-31,PROV-13,SKU-211205,GROCERY I,606,11.7,7090.2,6,572.79,0.9452,credito_15,11.59
2017-01-31,PROV-13,SKU-211999,GROCERY I,117,22,2574,8,114.26,0.9766,credito_15,0.75
2017-01-31,PROV-13,SKU-212552,GROCERY I,248,17.57,4357.36,9,248,1,credito_15,0.47
2017-01-31,PROV-13,SKU-213066,GROCERY I,314,21.09,6622.26,9,280.15,0.8922,credito_15,7.3
2017-01-31,PROV-13,SKU-213652,GROCERY I,575,10.28,5911,10,553.49,0.9626,credito_15,1.62
2017-01-31,PROV-13,SKU-213653,GROCERY I,315,22.82,7188.3,7,315,1,credito_15,7.03
2017-01-31,PROV-13,SKU-213788,GROCERY I,377,15.73,5930.21,9,365.04,0.9683,credito_15,11.41
2017-01-31,PROV-13,SKU-215303,GROCERY I,255,22.99,5862.45,7,232.74,0.9127,credito_15,1.73
2017-01-31,PROV-13,SKU-215304,GROCERY I,179,20.98,3755.42,10,173.38,0.9686,credito_15,0.46
2017-01-31,PROV-13,SKU-215327,GROCERY I,684,4.39,3002.76,11,657.58,0.9614,credito_15,11.74
2017-01-31,PROV-13,SKU-215331,GROCERY I,1041,20.73,21579.93,7,1041,1,credito_15,0.29
2017-01-31,PROV-13,SKU-215332,GROCERY I,538,18.14,9759.32,12,538,1,credito_15,7.61
2017-01-31,PROV-13,SKU-215352,GROCERY I,1315,19.77,25997.55,8,1153.39,0.8771,credito_15,0.19
2017-01-31,PROV-13,SKU-215896,GROCERY I,729,13.91,10140.39,7,667.82,0.9161,credito_15,7.71
2017-01-31,PROV-13,SKU-217827,GROCERY I,256,2.53,647.68,10,217.38,0.8491,credito_15,2.77
2017-01-31,PROV-13,SKU-220432,GROCERY I,863,17.17,14817.71,11,863,1,credito_15,4.63
2017-01-31,PROV-13,SKU-220435,GROCERY I,1857,21.06,39108.42,6,1857,1,credito_15,11.82
2017-01-31,PROV-13,SKU-222879,GROCERY I,1469,8.88,13044.72,12,1431.51,0.9745,credito_15,2.65
2017-01-31,PROV-13,SKU-222975,GROCERY I,836,16.35,13668.6,12,742.46,0.8881,credito_15,1.16
2017-01-31,PROV-13,SKU-223068,GROCERY I,106,17.11,1813.66,10,97.31,0.918,credito_15,7.04
2017-01-31,PROV-13,SKU-223136,GROCERY I,987,15.36,15160.32,9,987,1,credito_15,6.68
2017-01-31,PROV-13,SKU-223463,GROCERY I,198,15.36,3041.28,10,181.81,0.9182,credito_15,1.2
2017-01-31,PROV-13,SKU-229368,GROCERY I,253,19.18,4852.54,10,230.69,0.9118,credito_15,4.44
2017-01-31,PROV-13,SKU-253145,GROCERY I,139,5.87,815.93,10,139,1,credito_15,10.33
2017-01-31,PROV-13,SKU-255161,GROCERY I,828,17.46,14456.88,6,788.61,0.9524,credito_15,11.28
2017-01-31,PROV-13,SKU-255199,GROCERY I,482,20.85,10049.7,11,477.09,0.9898,credito_15,11.45
2017-01-31,PROV-13,SKU-255202,GROCERY I,208,8.12,1688.96,12,208,1,credito_15,7.57
2017-01-31,PROV-13,SKU-258395,GROCERY I,149,7.79,1160.71,11,149,1,credito_15,4.92
2017-01-31,PROV-13,SKU-258396,GROCERY I,666,16.42,10935.72,7,642.86,0.9653,credito_15,0.78
2017-01-31,PROV-13,SKU-314384,GROCERY I,3218,4.03,12968.54,10,2890.24,0.8981,credito_15,6.66
2017-01-31,PROV-13,SKU-364606,GROCERY I,3787,22.34,84601.58,6,3518.54,0.9291,credito_15,3.71
2017-01-31,PROV-14,SKU-167437,GROCERY II,235,21.71,5101.85,9,205.56,0.8747,credito_30,10.63
2017-01-31,PROV-14,SKU-210520,GROCERY II,20,21.47,429.4,9,16.98,0.849,credito_30,6.79
2017-01-31,PROV-18,SKU-250782,HOME APPLIANCES,55,22.99,1264.45,7,45.45,0.8264,contado,7.75
2017-01-31,PROV-22,SKU-115847,LINGERIE,47,24.3,1142.1,9,43.64,0.9285,contado,3.39
2017-01-31,PROV-22,SKU-177050,LINGERIE,8,19.6,156.8,7,8,1,contado,7.94
2017-01-31,PROV-22,SKU-215468,LINGERIE,55,5.11,281.05,9,49.19,0.8944,contado,7.72
2017-01-31,PROV-25,SKU-584028,MEATS,2560.55,24.29,62195.76,12,2532.92,0.9892,credito_30,3.56
2017-01-31,PROV-26,SKU-114799,PERSONAL CARE,267,11.47,3062.49,4,231.5,0.867,contado,10.15
2017-01-31,PROV-26,SKU-114800,PERSONAL CARE,310,21.01,6513.1,3,279.5,0.9016,contado,0.3
2017-01-31,PROV-29,SKU-108831,POULTRY,398.84,13.2,5264.69,8,376.9,0.945,credito_15,3.37
2017-01-31,PROV-29,SKU-159156,POULTRY,1172.35,24.7,28957.04,3,1103.52,0.9413,credito_15,11.37
2017-01-31,PROV-29,SKU-208539,POULTRY,187.9,9.37,1760.62,3,164.61,0.8761,credito_15,5.37
2017-01-31,PROV-31,SKU-1473410,PRODUCE,3721.01,20.04,74569.04,10,3592.64,0.9655,credito_30,7.81
2017-01-31,PROV-31,SKU-1473474,PRODUCE,9620.18,10.26,98703.04,4,8077.67,0.8397,credito_30,7.85
2017-01-31,PROV-31,SKU-1502392,PRODUCE,3093.23,5.27,16301.32,10,2635.55,0.852,credito_30,7.28
2017-01-31,PROV-31,SKU-1503844,PRODUCE,9192.18,2.17,19947.03,5,8450.69,0.9193,credito_30,8.42
2017-01-31,PROV-31,SKU-1503847,PRODUCE,3395.33,8.42,28588.68,7,2985.04,0.8792,credito_30,7.56
2017-01-31,PROV-31,SKU-1584575,PRODUCE,3619,3.25,11761.75,6,3366.92,0.9303,credito_30,11.81
2017-01-31,PROV-31,SKU-1642399,PRODUCE,4072.49,24.92,101486.45,9,3970.4,0.9749,credito_30,6.89
2017-01-31,PROV-31,SKU-1686656,PRODUCE,2863,8.68,24850.84,8,2592.26,0.9054,credito_30,11.97
2017-01-31,PROV-31,SKU-1695835,PRODUCE,5200.38,5.86,30474.23,10,4450.61,0.8558,credito_30,8.88
2017-01-31,PROV-31,SKU-1751174,PRODUCE,2877.65,10.13,29150.59,9,2650.55,0.9211,credito_30,6.69
2017-01-31,PROV-31,SKU-1926217,PRODUCE,3512,6.14,21563.68,7,3195.68,0.9099,credito_30,5.65
2017-01-31,PROV-33,SKU-252698,SEAFOOD,195.48,7.5,1466.1,12,195.4799957,1,contado,11.52
2017-02-07,PROV-01,SKU-121964,AUTOMOTIVE,19,3.38,64.22,6,19,1,contado,1.52
2017-02-07,PROV-01,SKU-172995,AUTOMOTIVE,91,6.73,612.43,8,85.64,0.9411,contado,5.33
2017-02-07,PROV-04,SKU-1047679,BEVERAGES,7067,22.41,158371.47,3,7067,1,credito_15,10.65
2017-02-07,PROV-04,SKU-119624,BEVERAGES,387,2.86,1106.82,8,326.64,0.844,credito_15,7.65
2017-02-07,PROV-04,SKU-1430040,BEVERAGES,4342,9.67,41987.14,2,4342,1,credito_15,8.28
2017-02-07,PROV-04,SKU-1463992,BEVERAGES,9012,20.67,186278.04,7,8851.77,0.9822,credito_15,8.32
2017-02-07,PROV-04,SKU-1463993,BEVERAGES,6651,8.61,57265.11,7,5499.27,0.8268,credito_15,9.69
2017-02-07,PROV-04,SKU-165550,BEVERAGES,542,10.86,5886.12,8,459.72,0.8482,credito_15,3.29
2017-02-07,PROV-04,SKU-165551,BEVERAGES,240,24.82,5956.8,5,208.88,0.8703,credito_15,5.98
2017-02-07,PROV-04,SKU-165553,BEVERAGES,248,2.93,726.64,6,223.54,0.9014,credito_15,1.86
2017-02-07,PROV-04,SKU-174081,BEVERAGES,275,7.23,1988.25,2,248.34,0.9031,credito_15,8.87
2017-02-07,PROV-04,SKU-2006812,BEVERAGES,3846,19.22,73920.12,6,3396.1,0.883,credito_15,5.04
2017-02-07,PROV-04,SKU-2042941,BEVERAGES,8377,10.12,84775.24,6,6983.65,0.8337,credito_15,10.03
2017-02-07,PROV-04,SKU-2042947,BEVERAGES,7936,17.61,139752.96,2,7168.46,0.9033,credito_15,3.19
2017-02-07,PROV-04,SKU-219147,BEVERAGES,380,16.82,6391.6,8,377.19,0.9926,credito_15,4.33
2017-02-07,PROV-04,SKU-219150,BEVERAGES,7,1.52,10.64,4,6.72,0.96,credito_15,7.8
2017-02-07,PROV-04,SKU-219152,BEVERAGES,291,23.63,6876.33,4,291,1,credito_15,2.42
2017-02-07,PROV-04,SKU-257848,BEVERAGES,225,5.96,1341,6,220.07,0.9781,credito_15,0.96
2017-02-07,PROV-04,SKU-364738,BEVERAGES,3869,14.62,56564.78,7,2990.2,0.7729,credito_15,4
2017-02-07,PROV-04,SKU-819932,BEVERAGES,7258,20.65,149877.7,7,6638.21,0.9146,credito_15,6.63
2017-02-07,PROV-06,SKU-103665,BREAD/BAKERY,182,8.68,1579.76,10,164.37,0.9031,credito_15,1.27
2017-02-07,PROV-06,SKU-1333307,BREAD/BAKERY,2435,11.69,28465.15,10,2364.6,0.9711,credito_15,9.77
2017-02-07,PROV-06,SKU-153239,BREAD/BAKERY,303,9.2,2787.6,9,291.12,0.9608,credito_15,1.27
2017-02-07,PROV-06,SKU-153395,BREAD/BAKERY,138,14.3,1973.4,7,130.81,0.9479,credito_15,9.97
2017-02-07,PROV-06,SKU-153398,BREAD/BAKERY,175,10.58,1851.5,5,161,0.92,credito_15,8.01
2017-02-07,PROV-06,SKU-165718,BREAD/BAKERY,498,8.98,4472.04,5,484.43,0.9728,credito_15,7.62
2017-02-07,PROV-06,SKU-215370,BREAD/BAKERY,345,19.96,6886.2,4,345,1,credito_15,8.45
2017-02-07,PROV-06,SKU-253103,BREAD/BAKERY,85,2.6,221,8,81.57,0.9596,credito_15,6.65
2017-02-07,PROV-08,SKU-103501,CLEANING,213,9.62,2049.06,7,202.78,0.952,credito_15,8.69
2017-02-07,PROV-08,SKU-108786,CLEANING,408,4.58,1868.64,7,382.46,0.9374,credito_15,3.46
2017-02-07,PROV-08,SKU-108952,CLEANING,154,10.81,1664.74,5,134.81,0.8754,credito_15,6.92
2017-02-07,PROV-08,SKU-115267,CLEANING,411,1.77,727.47,5,411,1,credito_15,11.54
2017-02-07,PROV-08,SKU-116311,CLEANING,41,17.2,705.2,5,40.95,0.9988,credito_15,0.69
2017-02-07,PROV-08,SKU-119023,CLEANING,141,24.77,3492.57,5,128.56,0.9118,credito_15,8.23
2017-02-07,PROV-08,SKU-119024,CLEANING,319,6.05,1929.95,5,319,1,credito_15,11.59
2017-02-07,PROV-08,SKU-119026,CLEANING,474,8.19,3882.06,5,453.13,0.956,credito_15,2.94
2017-02-07,PROV-08,SKU-119187,CLEANING,216,13.85,2991.6,7,210.29,0.9736,credito_15,7.41
2017-02-07,PROV-08,SKU-119191,CLEANING,122,15.12,1844.64,10,119.43,0.9789,credito_15,0.56
2017-02-07,PROV-08,SKU-119193,CLEANING,126,13.08,1648.08,6,115.22,0.9144,credito_15,7.88
2017-02-07,PROV-08,SKU-122425,CLEANING,109,8.09,881.81,8,107.6,0.9872,credito_15,5.18
2017-02-07,PROV-08,SKU-153078,CLEANING,173,6.87,1188.51,4,173,1,credito_15,3.4
2017-02-07,PROV-08,SKU-158788,CLEANING,319,22.36,7132.84,9,311.45,0.9763,credito_15,7.19
2017-02-07,PROV-08,SKU-158789,CLEANING,803,24.65,19793.95,10,735.27,0.9157,credito_15,4.87
2017-02-07,PROV-08,SKU-158956,CLEANING,284,24.55,6972.2,9,281.23,0.9902,credito_15,11.34
2017-02-07,PROV-08,SKU-159242,CLEANING,259,2.52,652.68,10,252.13,0.9735,credito_15,3.16
2017-02-07,PROV-08,SKU-164647,CLEANING,1023,18.9,19334.7,8,938.82,0.9177,credito_15,5.65
2017-02-07,PROV-08,SKU-168927,CLEANING,617,6.22,3837.74,6,534.51,0.8663,credito_15,2.36
2017-02-07,PROV-08,SKU-168930,CLEANING,735,2.51,1844.85,4,735,1,credito_15,10.16
2017-02-07,PROV-08,SKU-168931,CLEANING,189,3.83,723.87,10,186.8,0.9884,credito_15,3.65
2017-02-07,PROV-08,SKU-169101,CLEANING,70,9.59,671.3,8,62.62,0.8946,credito_15,10.19
2017-02-07,PROV-08,SKU-169104,CLEANING,39,9.36,365.04,8,38.58,0.9892,credito_15,4.31
2017-02-07,PROV-08,SKU-171890,CLEANING,151,10.02,1513.02,4,134.1,0.8881,credito_15,0.71
2017-02-07,PROV-08,SKU-176411,CLEANING,27,16.05,433.35,10,24.28,0.8993,credito_15,10.1
2017-02-07,PROV-08,SKU-208498,CLEANING,158,19.45,3073.1,6,158,1,credito_15,6.98
2017-02-07,PROV-08,SKU-209085,CLEANING,235,4.68,1099.8,4,223.34,0.9504,credito_15,11.82
2017-02-07,PROV-08,SKU-214381,CLEANING,453,9.45,4280.85,10,383.37,0.8463,credito_15,8.83
2017-02-07,PROV-08,SKU-214859,CLEANING,223,22.21,4952.83,8,223,1,credito_15,3.39
2017-02-07,PROV-08,SKU-214860,CLEANING,281,16.03,4504.43,5,271.37,0.9657,credito_15,9.67
2017-02-07,PROV-08,SKU-214862,CLEANING,237,4.59,1087.83,7,209.7,0.8848,credito_15,10.81
2017-02-07,PROV-08,SKU-218726,CLEANING,74,13.04,964.96,5,64.14,0.8668,credito_15,3.89
2017-02-07,PROV-08,SKU-218728,CLEANING,98,8.65,847.7,7,92.58,0.9447,credito_15,9.61
2017-02-07,PROV-08,SKU-221506,CLEANING,289,13.87,4008.43,10,274.13,0.9485,credito_15,2.57
2017-02-07,PROV-08,SKU-224081,CLEANING,158,20.04,3166.32,4,152.88,0.9676,credito_15,1.26
2017-02-07,PROV-08,SKU-226126,CLEANING,279,22.27,6213.33,9,279,1,credito_15,8.28
2017-02-07,PROV-08,SKU-252970,CLEANING,232,8.03,1862.96,5,220.35,0.9498,credito_15,1.41
2017-02-07,PROV-08,SKU-252972,CLEANING,264,4,1056,7,230.54,0.8733,credito_15,8.15
2017-02-07,PROV-08,SKU-258376,CLEANING,785,12.72,9985.2,9,741.39,0.9444,credito_15,9.61
2017-02-07,PROV-09,SKU-122095,DAIRY,175,6.17,1079.75,7,175,1,contado,4.2
2017-02-07,PROV-09,SKU-123347,DAIRY,266,16.24,4319.84,7,241.97,0.9097,contado,2.47
2017-02-07,PROV-09,SKU-1427659,DAIRY,2912,20.77,60482.24,6,2912,1,contado,5.87
2017-02-07,PROV-09,SKU-158842,DAIRY,266,19.63,5221.58,6,239.82,0.9016,contado,7.14
2017-02-07,PROV-09,SKU-164088,DAIRY,291,6.09,1772.19,12,282.11,0.9695,contado,0.61
2017-02-07,PROV-09,SKU-173113,DAIRY,78,13.89,1083.42,11,74.58,0.9562,contado,0.57
2017-02-07,PROV-09,SKU-179615,DAIRY,496,23.7,11755.2,8,455.61,0.9186,contado,11.16
2017-02-07,PROV-09,SKU-205486,DAIRY,202,22.33,4510.66,10,179.81,0.8901,contado,8.22
2017-02-07,PROV-10,SKU-108698,DELI,223,4.36,972.28,10,201.18,0.9022,credito_15,0.37
2017-02-07,PROV-10,SKU-108701,DELI,203,8.18,1660.54,9,187.39,0.9231,credito_15,1.35
2017-02-07,PROV-10,SKU-208426,DELI,154,18.13,2792.02,10,154,1,credito_15,9.7
2017-02-07,PROV-10,SKU-220613,DELI,122,5.5,671,6,114.78,0.9408,credito_15,10.64
2017-02-07,PROV-11,SKU-108833,EGGS,118,13.17,1554.06,7,116.19,0.9847,credito_30,9.82
2017-02-07,PROV-11,SKU-127547,EGGS,242,21.95,5311.9,10,226.05,0.9341,credito_30,10.18
2017-02-07,PROV-11,SKU-208384,EGGS,994,13.6,13518.4,11,874.95,0.8802,credito_30,7.81
2017-02-07,PROV-11,SKU-208386,EGGS,344,17.06,5868.64,12,325.79,0.9471,credito_30,6.32
2017-02-07,PROV-11,SKU-227111,EGGS,283,15.75,4457.25,11,242.8,0.858,credito_30,5.65
2017-02-07,PROV-11,SKU-258268,EGGS,322,3.54,1139.88,10,280.7,0.8717,credito_30,0.73
2017-02-07,PROV-12,SKU-258411,FROZEN FOODS,228,20.23,4612.44,9,213.72,0.9374,credito_15,9.84
2017-02-07,PROV-13,SKU-103520,GROCERY I,152,24.61,3740.72,9,145.96,0.9603,credito_15,4.19
2017-02-07,PROV-13,SKU-105574,GROCERY I,433,1.76,762.08,7,382.84,0.8842,credito_15,10.52
2017-02-07,PROV-13,SKU-105575,GROCERY I,750,20.25,15187.5,7,705.31,0.9404,credito_15,5.98
2017-02-07,PROV-13,SKU-105577,GROCERY I,79,8.29,654.91,6,73.89,0.9353,credito_15,10.66
2017-02-07,PROV-13,SKU-105693,GROCERY I,75,1.51,113.25,12,65.64,0.8752,credito_15,5.73
2017-02-07,PROV-13,SKU-105737,GROCERY I,191,12.04,2299.64,12,161.21,0.844,credito_15,7.51
2017-02-07,PROV-13,SKU-108079,GROCERY I,154,24.15,3719.1,12,154,1,credito_15,9.51
2017-02-07,PROV-13,SKU-108797,GROCERY I,335,23.15,7755.25,6,299.35,0.8936,credito_15,4.03
2017-02-07,PROV-13,SKU-108862,GROCERY I,66,17.93,1183.38,11,55.68,0.8436,credito_15,1.47
2017-02-07,PROV-13,SKU-111223,GROCERY I,868,17.97,15597.96,8,778.92,0.8974,credito_15,4.17
2017-02-07,PROV-13,SKU-111397,GROCERY I,278,10.24,2846.72,8,251.99,0.9064,credito_15,2.23
2017-02-07,PROV-13,SKU-112830,GROCERY I,218,10.99,2395.82,8,218,1,credito_15,1.42
2017-02-07,PROV-13,SKU-114790,GROCERY I,853,24.29,20719.37,9,840.13,0.9849,credito_15,6.65
2017-02-07,PROV-13,SKU-115611,GROCERY I,955,22.31,21306.05,12,955,1,credito_15,4.13
2017-02-07,PROV-13,SKU-115850,GROCERY I,1009,16.03,16174.27,10,919.49,0.9113,credito_15,11.94
2017-02-07,PROV-13,SKU-115891,GROCERY I,308,15.3,4712.4,10,280.2,0.9097,credito_15,11.14
2017-02-07,PROV-13,SKU-115892,GROCERY I,770,10.31,7938.7,12,695.93,0.9038,credito_15,1.29
2017-02-07,PROV-13,SKU-115893,GROCERY I,772,7.16,5527.52,8,771.6,0.9995,credito_15,5.62
2017-02-07,PROV-13,SKU-115894,GROCERY I,820,4.91,4026.2,9,820,1,credito_15,4.29
2017-02-07,PROV-13,SKU-116017,GROCERY I,1270,5.48,6959.6,9,1094.53,0.8618,credito_15,5.71
2017-02-07,PROV-13,SKU-116018,GROCERY I,825,9.79,8076.75,8,754.79,0.9149,credito_15,2.31
2017-02-07,PROV-13,SKU-116279,GROCERY I,149,7.96,1186.04,8,138.79,0.9315,credito_15,11.83
2017-02-07,PROV-13,SKU-122419,GROCERY I,217,21.05,4567.85,7,188.21,0.8673,credito_15,0.79
2017-02-07,PROV-13,SKU-123601,GROCERY I,491,20.21,9923.11,6,491,1,credito_15,10.66
2017-02-07,PROV-13,SKU-123927,GROCERY I,51,12.89,657.39,8,51,1,credito_15,1.78
2017-02-07,PROV-13,SKU-125430,GROCERY I,704,5.35,3766.4,7,637.65,0.9058,credito_15,11.1
2017-02-07,PROV-13,SKU-127534,GROCERY I,140,9.78,1369.2,8,134.57,0.9612,credito_15,1.96
2017-02-07,PROV-13,SKU-129296,GROCERY I,305,17.27,5267.35,6,273.35,0.8962,credito_15,5.98
2017-02-07,PROV-13,SKU-129297,GROCERY I,258,6.14,1584.12,7,233.6,0.9054,credito_15,0.68
2017-02-07,PROV-13,SKU-129759,GROCERY I,119,20.22,2406.18,8,119,1,credito_15,9.17
2017-02-07,PROV-13,SKU-153267,GROCERY I,447,14.59,6521.73,6,447,1,credito_15,4.1
2017-02-07,PROV-13,SKU-155499,GROCERY I,291,11.6,3375.6,6,246.17,0.8459,credito_15,7.31
2017-02-07,PROV-13,SKU-155500,GROCERY I,1194,5.43,6483.42,7,1124.67,0.9419,credito_15,1.26
2017-02-07,PROV-13,SKU-155600,GROCERY I,118,13.97,1648.46,8,118,1,credito_15,11.42
2017-02-07,PROV-13,SKU-155601,GROCERY I,70,17.53,1227.1,8,70,1,credito_15,9.96
2017-02-07,PROV-13,SKU-155607,GROCERY I,72,13.99,1007.28,6,72,1,credito_15,2.31
2017-02-07,PROV-13,SKU-155610,GROCERY I,117,1.62,189.54,11,108.77,0.9297,credito_15,9.27
2017-02-07,PROV-13,SKU-155621,GROCERY I,125,15.2,1900,8,125,1,credito_15,0.65
2017-02-07,PROV-13,SKU-155625,GROCERY I,180,20.43,3677.4,7,162.25,0.9014,credito_15,7.65
2017-02-07,PROV-13,SKU-157956,GROCERY I,180,22.53,4055.4,12,180,1,credito_15,9.68
2017-02-07,PROV-13,SKU-158875,GROCERY I,150,10.06,1509,8,144.32,0.9621,credito_15,0.02
2017-02-07,PROV-13,SKU-162066,GROCERY I,595,22.92,13637.4,6,595,1,credito_15,10.68
2017-02-07,PROV-13,SKU-164036,GROCERY I,371,10.4,3858.4,6,343.71,0.9264,credito_15,11.11
2017-02-07,PROV-13,SKU-164037,GROCERY I,313,20.02,6266.26,10,313,1,credito_15,8.62
2017-02-07,PROV-13,SKU-165594,GROCERY I,747,15.04,11234.88,6,707.2,0.9467,credito_15,5.83
2017-02-07,PROV-13,SKU-165693,GROCERY I,525,4.38,2299.5,7,501.71,0.9556,credito_15,0.75
2017-02-07,PROV-13,SKU-165704,GROCERY I,975,24.86,24238.5,9,975,1,credito_15,8.69
2017-02-07,PROV-13,SKU-165705,GROCERY I,180,12.35,2223,7,171.5,0.9528,credito_15,9.51
2017-02-07,PROV-13,SKU-165727,GROCERY I,196,21.7,4253.2,7,180.49,0.9209,credito_15,4.98
2017-02-07,PROV-13,SKU-165988,GROCERY I,993,24.95,24775.35,7,918.53,0.925,credito_15,9.69
2017-02-07,PROV-13,SKU-168989,GROCERY I,1044,5.77,6023.88,10,980.88,0.9395,credito_15,2.11
2017-02-07,PROV-13,SKU-169028,GROCERY I,220,3.63,798.6,6,204.53,0.9297,credito_15,0.37
2017-02-07,PROV-13,SKU-170791,GROCERY I,548,7.87,4312.76,9,485.11,0.8852,credito_15,4.61
2017-02-07,PROV-13,SKU-172184,GROCERY I,281,15.9,4467.9,6,277.2,0.9865,credito_15,9.62
2017-02-07,PROV-13,SKU-172343,GROCERY I,536,22.32,11963.52,10,503.53,0.9394,credito_15,6.56
2017-02-07,PROV-13,SKU-173111,GROCERY I,427,18.85,8048.95,7,415.17,0.9723,credito_15,11.89
2017-02-07,PROV-13,SKU-177395,GROCERY I,481,18.86,9071.66,8,471.63,0.9805,credito_15,5.91
2017-02-07,PROV-13,SKU-179274,GROCERY I,416,4.25,1768,7,391.75,0.9417,credito_15,3
2017-02-07,PROV-13,SKU-179564,GROCERY I,24,7.98,191.52,9,20.65,0.8604,credito_15,7.45
2017-02-07,PROV-13,SKU-179579,GROCERY I,87,16.68,1451.16,7,75.22,0.8646,credito_15,11.68
2017-02-07,PROV-13,SKU-205381,GROCERY I,66,10.63,701.58,8,65.62,0.9942,credito_15,5.53
2017-02-07,PROV-13,SKU-205387,GROCERY I,870,24.72,21506.4,6,832.6,0.957,credito_15,8.55
2017-02-07,PROV-13,SKU-205557,GROCERY I,101,8.19,827.19,10,101,1,credito_15,8.16
2017-02-07,PROV-13,SKU-207857,GROCERY I,279,8.15,2273.85,9,263.41,0.9441,credito_15,0.78
2017-02-07,PROV-13,SKU-208659,GROCERY I,144,19.11,2751.84,9,135.76,0.9428,credito_15,5.12
2017-02-07,PROV-13,SKU-210798,GROCERY I,387,22.64,8761.68,9,342.4,0.8848,credito_15,9.54
2017-02-07,PROV-13,SKU-211203,GROCERY I,884,20.69,18289.96,12,826.89,0.9354,credito_15,8.7
2017-02-07,PROV-13,SKU-211205,GROCERY I,445,11.7,5206.5,10,434.03,0.9753,credito_15,11.59
2017-02-07,PROV-13,SKU-211206,GROCERY I,270,12.84,3466.8,8,269.9,0.9996,credito_15,4.3
2017-02-07,PROV-13,SKU-212550,GROCERY I,148,11.44,1693.12,9,148,1,credito_15,5.17
2017-02-07,PROV-13,SKU-212552,GROCERY I,256,17.57,4497.92,6,222.7,0.8699,credito_15,0.47
2017-02-07,PROV-13,SKU-213066,GROCERY I,351,21.09,7402.59,6,335.67,0.9563,credito_15,7.3
2017-02-07,PROV-13,SKU-213653,GROCERY I,378,22.82,8625.96,9,378,1,credito_15,7.03
2017-02-07,PROV-13,SKU-213788,GROCERY I,287,15.73,4514.51,10,278.61,0.9708,credito_15,11.41
2017-02-07,PROV-13,SKU-215303,GROCERY I,211,22.99,4850.89,8,207.3,0.9825,credito_15,1.73
2017-02-07,PROV-13,SKU-215304,GROCERY I,287,20.98,6021.26,7,239.38,0.8341,credito_15,0.46
2017-02-07,PROV-13,SKU-215327,GROCERY I,734,4.39,3222.26,8,649.21,0.8845,credito_15,11.74
2017-02-07,PROV-13,SKU-215331,GROCERY I,978,20.73,20273.94,8,897.83,0.918,credito_15,0.29
2017-02-07,PROV-13,SKU-215332,GROCERY I,527,18.14,9559.78,6,486.02,0.9222,credito_15,7.61
2017-02-07,PROV-13,SKU-215896,GROCERY I,736,13.91,10237.76,7,693.77,0.9426,credito_15,7.71
2017-02-07,PROV-13,SKU-217827,GROCERY I,195,2.53,493.35,9,167.18,0.8573,credito_15,2.77
2017-02-07,PROV-13,SKU-220435,GROCERY I,1589,21.06,33464.34,8,1589,1,credito_15,11.82
2017-02-07,PROV-13,SKU-222879,GROCERY I,1240,8.88,11011.2,7,1206.61,0.9731,credito_15,2.65
2017-02-07,PROV-13,SKU-223068,GROCERY I,126,17.11,2155.86,12,121.46,0.964,credito_15,7.04
2017-02-07,PROV-13,SKU-223136,GROCERY I,999,15.36,15344.64,9,961.97,0.9629,credito_15,6.68
2017-02-07,PROV-13,SKU-223463,GROCERY I,163,15.36,2503.68,12,143.25,0.8788,credito_15,1.2
2017-02-07,PROV-13,SKU-229368,GROCERY I,211,19.18,4046.98,8,198.96,0.9429,credito_15,4.44
2017-02-07,PROV-13,SKU-253145,GROCERY I,99,5.87,581.13,6,98.44,0.9943,credito_15,10.33
2017-02-07,PROV-13,SKU-255161,GROCERY I,342,17.46,5971.32,6,321.03,0.9387,credito_15,11.28
2017-02-07,PROV-13,SKU-255198,GROCERY I,354,8.35,2955.9,12,354,1,credito_15,4.74
2017-02-07,PROV-13,SKU-255199,GROCERY I,367,20.85,7651.95,10,300.52,0.8189,credito_15,11.45
2017-02-07,PROV-13,SKU-255202,GROCERY I,89,8.12,722.68,6,83.27,0.9356,credito_15,7.57
2017-02-07,PROV-13,SKU-258396,GROCERY I,605,16.42,9934.1,12,605,1,credito_15,0.78
2017-02-07,PROV-13,SKU-314384,GROCERY I,2637,4.03,10627.11,10,2374.5,0.9005,credito_15,6.66
2017-02-07,PROV-13,SKU-364606,GROCERY I,3057,22.34,68293.38,11,3057,1,credito_15,3.71
2017-02-07,PROV-14,SKU-167437,GROCERY II,249,21.71,5405.79,6,249,1,credito_30,10.63
2017-02-07,PROV-14,SKU-210520,GROCERY II,15,21.47,322.05,6,12.79,0.8527,credito_30,6.79
2017-02-07,PROV-18,SKU-250782,HOME APPLIANCES,37,22.99,850.63,9,35.27,0.9532,contado,7.75
2017-02-07,PROV-22,SKU-115847,LINGERIE,52,24.3,1263.6,7,46.68,0.8977,contado,3.39
2017-02-07,PROV-22,SKU-177050,LINGERIE,12,19.6,235.2,5,10.09,0.8408,contado,7.94
2017-02-07,PROV-22,SKU-215468,LINGERIE,51,5.11,260.61,5,45.74,0.8969,contado,7.72
2017-02-07,PROV-25,SKU-205209,MEATS,178.94,3.26,583.34,9,178.94,1,credito_30,1.36
2017-02-07,PROV-25,SKU-584028,MEATS,2134.07,24.29,51836.56,10,2072.96,0.9714,credito_30,3.56
2017-02-07,PROV-26,SKU-114799,PERSONAL CARE,174,11.47,1995.78,3,168.62,0.9691,contado,10.15
2017-02-07,PROV-26,SKU-114800,PERSONAL CARE,265,21.01,5567.65,7,245.74,0.9273,contado,0.3
2017-02-07,PROV-29,SKU-108831,POULTRY,435.08,13.2,5743.06,5,392.42,0.9019,credito_15,3.37
2017-02-07,PROV-29,SKU-159156,POULTRY,1036.06,24.7,25590.68,4,1036.06,1,credito_15,11.37
2017-02-07,PROV-29,SKU-208539,POULTRY,137.54,9.37,1288.75,6,110.57,0.8039,credito_15,5.37
2017-02-07,PROV-31,SKU-1473410,PRODUCE,3284.9,20.04,65829.39,4,3156.51,0.9609,credito_30,7.81
2017-02-07,PROV-31,SKU-1473474,PRODUCE,8782.32,10.26,90106.61,8,7952.74,0.9055,credito_30,7.85
2017-02-07,PROV-31,SKU-1502392,PRODUCE,2433.56,5.27,12824.86,8,2217.77,0.9113,credito_30,7.28
2017-02-07,PROV-31,SKU-1503844,PRODUCE,11404.53,2.17,24747.83,7,9595.97,0.8414,credito_30,8.42
2017-02-07,PROV-31,SKU-1503847,PRODUCE,3178.76,8.42,26765.16,7,2844.82,0.8949,credito_30,7.56
2017-02-07,PROV-31,SKU-1584575,PRODUCE,3537,3.25,11495.25,7,2852.62,0.8065,credito_30,11.81
2017-02-07,PROV-31,SKU-1642399,PRODUCE,3727.83,24.92,92897.53,10,3455.75,0.927,credito_30,6.89
2017-02-07,PROV-31,SKU-1686656,PRODUCE,2521,8.68,21882.28,8,2462.89,0.9769,credito_30,11.97
2017-02-07,PROV-31,SKU-1695835,PRODUCE,5117.54,5.86,29988.78,10,4280.2,0.8364,credito_30,8.88
2017-02-07,PROV-31,SKU-1751174,PRODUCE,3108.47,10.13,31488.8,4,2760.64,0.8881,credito_30,6.69
2017-02-07,PROV-31,SKU-1926217,PRODUCE,3119,6.14,19150.66,9,3025.55,0.97,credito_30,5.65
2017-02-07,PROV-33,SKU-252698,SEAFOOD,236.23,7.5,1771.72,10,224.48,0.9503,contado,11.52
2017-02-14,PROV-01,SKU-121964,AUTOMOTIVE,14,3.38,47.32,8,12.01,0.8579,contado,1.52
2017-02-14,PROV-01,SKU-172995,AUTOMOTIVE,66,6.73,444.18,7,60.92,0.923,contado,5.33
2017-02-14,PROV-04,SKU-1047679,BEVERAGES,5226,22.41,117114.66,4,4980.8,0.9531,credito_15,10.65
2017-02-14,PROV-04,SKU-119624,BEVERAGES,321,2.86,918.06,5,313.62,0.977,credito_15,7.65
2017-02-14,PROV-04,SKU-1430040,BEVERAGES,4033,9.67,38999.11,2,3721.23,0.9227,credito_15,8.28
2017-02-14,PROV-04,SKU-1463992,BEVERAGES,8642,20.67,178630.14,2,7441.8,0.8611,credito_15,8.32
2017-02-14,PROV-04,SKU-1463993,BEVERAGES,6581,8.61,56662.41,4,6291.18,0.956,credito_15,9.69
2017-02-14,PROV-04,SKU-165550,BEVERAGES,547,10.86,5940.42,3,476.94,0.8719,credito_15,3.29
2017-02-14,PROV-04,SKU-165551,BEVERAGES,175,24.82,4343.5,4,153.53,0.8773,credito_15,5.98
2017-02-14,PROV-04,SKU-165553,BEVERAGES,174,2.93,509.82,8,155.24,0.8922,credito_15,1.86
2017-02-14,PROV-04,SKU-174081,BEVERAGES,183,7.23,1323.09,5,181.54,0.992,credito_15,8.87
2017-02-14,PROV-04,SKU-2006812,BEVERAGES,3392,19.22,65194.24,5,3036.38,0.8952,credito_15,5.04
2017-02-14,PROV-04,SKU-2042941,BEVERAGES,7751,10.12,78440.12,2,6814.18,0.8791,credito_15,10.03
2017-02-14,PROV-04,SKU-2042947,BEVERAGES,7394,17.61,130208.34,7,6950.22,0.94,credito_15,3.19
2017-02-14,PROV-04,SKU-219147,BEVERAGES,385,16.82,6475.7,5,336.4,0.8738,credito_15,4.33
2017-02-14,PROV-04,SKU-219150,BEVERAGES,12,1.52,18.24,8,12,1,credito_15,7.8
2017-02-14,PROV-04,SKU-219152,BEVERAGES,104,23.63,2457.52,6,96.54,0.9283,credito_15,2.42
2017-02-14,PROV-04,SKU-257848,BEVERAGES,243,5.96,1448.28,7,203.55,0.8377,credito_15,0.96
2017-02-14,PROV-04,SKU-364738,BEVERAGES,3437,14.62,50248.94,6,3226.2,0.9387,credito_15,4
2017-02-14,PROV-04,SKU-819932,BEVERAGES,2908,20.65,60050.2,4,2396.38,0.8241,credito_15,6.63
2017-02-14,PROV-06,SKU-103665,BREAD/BAKERY,207,8.68,1796.76,7,179.59,0.8676,credito_15,1.27
2017-02-14,PROV-06,SKU-1333307,BREAD/BAKERY,2193,11.69,25636.17,8,2193,1,credito_15,9.77
2017-02-14,PROV-06,SKU-153239,BREAD/BAKERY,536,9.2,4931.2,9,474.21,0.8847,credito_15,1.27
2017-02-14,PROV-06,SKU-153395,BREAD/BAKERY,120,14.3,1716,5,94.58,0.7882,credito_15,9.97
2017-02-14,PROV-06,SKU-153398,BREAD/BAKERY,192,10.58,2031.36,9,184.72,0.9621,credito_15,8.01
2017-02-14,PROV-06,SKU-165718,BREAD/BAKERY,490,8.98,4400.2,5,468.62,0.9564,credito_15,7.62
2017-02-14,PROV-06,SKU-215370,BREAD/BAKERY,337,19.96,6726.52,6,314.38,0.9329,credito_15,8.45
2017-02-14,PROV-06,SKU-253103,BREAD/BAKERY,286,2.6,743.6,9,265.46,0.9282,credito_15,6.65
2017-02-14,PROV-08,SKU-103501,CLEANING,202,9.62,1943.24,7,202,1,credito_15,8.69
2017-02-14,PROV-08,SKU-108786,CLEANING,327,4.58,1497.66,5,315.67,0.9654,credito_15,3.46
2017-02-14,PROV-08,SKU-108952,CLEANING,171,10.81,1848.51,7,169.04,0.9885,credito_15,6.92
2017-02-14,PROV-08,SKU-115267,CLEANING,353,1.77,624.81,9,353,1,credito_15,11.54
2017-02-14,PROV-08,SKU-116311,CLEANING,28,17.2,481.6,8,28,1,credito_15,0.69
2017-02-14,PROV-08,SKU-119023,CLEANING,136,24.77,3368.72,7,121.97,0.8968,credito_15,8.23
2017-02-14,PROV-08,SKU-119024,CLEANING,238,6.05,1439.9,7,219.78,0.9234,credito_15,11.59
2017-02-14,PROV-08,SKU-119026,CLEANING,458,8.19,3751.02,6,443.38,0.9681,credito_15,2.94
2017-02-14,PROV-08,SKU-119187,CLEANING,211,13.85,2922.35,8,192.04,0.9101,credito_15,7.41
2017-02-14,PROV-08,SKU-119191,CLEANING,134,15.12,2026.08,6,134,1,credito_15,0.56
2017-02-14,PROV-08,SKU-119193,CLEANING,131,13.08,1713.48,9,122.32,0.9337,credito_15,7.88
2017-02-14,PROV-08,SKU-122425,CLEANING,13,8.09,105.17,6,13,1,credito_15,5.18
2017-02-14,PROV-08,SKU-153078,CLEANING,185,6.87,1270.95,8,180.68,0.9766,credito_15,3.4
2017-02-14,PROV-08,SKU-158788,CLEANING,384,22.36,8586.24,7,355.15,0.9249,credito_15,7.19
2017-02-14,PROV-08,SKU-158789,CLEANING,361,24.65,8898.65,10,361,1,credito_15,4.87
2017-02-14,PROV-08,SKU-158956,CLEANING,279,24.55,6849.45,4,277.24,0.9937,credito_15,11.34
2017-02-14,PROV-08,SKU-159242,CLEANING,272,2.52,685.44,5,272,1,credito_15,3.16
2017-02-14,PROV-08,SKU-164647,CLEANING,966,18.9,18257.4,4,966,1,credito_15,5.65
2017-02-14,PROV-08,SKU-168927,CLEANING,508,6.22,3159.76,9,489.42,0.9634,credito_15,2.36
2017-02-14,PROV-08,SKU-168930,CLEANING,543,2.51,1362.93,9,543,1,credito_15,10.16
2017-02-14,PROV-08,SKU-168931,CLEANING,179,3.83,685.57,8,172.97,0.9663,credito_15,3.65
2017-02-14,PROV-08,SKU-169101,CLEANING,93,9.59,891.87,7,82.49,0.887,credito_15,10.19
2017-02-14,PROV-08,SKU-169104,CLEANING,25,9.36,234,8,23.79,0.9516,credito_15,4.31
2017-02-14,PROV-08,SKU-171890,CLEANING,89,10.02,891.78,7,86.44,0.9712,credito_15,0.71
2017-02-14,PROV-08,SKU-176411,CLEANING,31,16.05,497.55,10,28.83,0.93,credito_15,10.1
2017-02-14,PROV-08,SKU-208498,CLEANING,181,19.45,3520.45,6,176.43,0.9748,credito_15,6.98
2017-02-14,PROV-08,SKU-209085,CLEANING,253,4.68,1184.04,7,253,1,credito_15,11.82
2017-02-14,PROV-08,SKU-214381,CLEANING,510,9.45,4819.5,10,480.23,0.9416,credito_15,8.83
2017-02-14,PROV-08,SKU-214859,CLEANING,165,22.21,3664.65,6,153.31,0.9292,credito_15,3.39
2017-02-14,PROV-08,SKU-214860,CLEANING,247,16.03,3959.41,7,247,1,credito_15,9.67
2017-02-14,PROV-08,SKU-214862,CLEANING,210,4.59,963.9,9,203.08,0.967,credito_15,10.81
2017-02-14,PROV-08,SKU-218726,CLEANING,84,13.04,1095.36,7,77.46,0.9221,credito_15,3.89
2017-02-14,PROV-08,SKU-218728,CLEANING,115,8.65,994.75,8,110.33,0.9594,credito_15,9.61
2017-02-14,PROV-08,SKU-221506,CLEANING,263,13.87,3647.81,8,263,1,credito_15,2.57
2017-02-14,PROV-08,SKU-224081,CLEANING,63,20.04,1262.52,6,51.74,0.8213,credito_15,1.26
2017-02-14,PROV-08,SKU-226126,CLEANING,184,22.27,4097.68,4,169.92,0.9235,credito_15,8.28
2017-02-14,PROV-08,SKU-252970,CLEANING,201,8.03,1614.03,6,201,1,credito_15,1.41
2017-02-14,PROV-08,SKU-252972,CLEANING,226,4,904,6,223.25,0.9878,credito_15,8.15
2017-02-14,PROV-08,SKU-258376,CLEANING,406,12.72,5164.32,8,398.69,0.982,credito_15,9.61
2017-02-14,PROV-09,SKU-122095,DAIRY,161,6.17,993.37,12,133.48,0.8291,contado,4.2
2017-02-14,PROV-09,SKU-123347,DAIRY,262,16.24,4254.88,6,244.27,0.9323,contado,2.47
2017-02-14,PROV-09,SKU-129635,DAIRY,723,21.54,15573.42,6,723,1,contado,4.3
2017-02-14,PROV-09,SKU-1427659,DAIRY,2897,20.77,60170.69,11,2897,1,contado,5.87
2017-02-14,PROV-09,SKU-158842,DAIRY,251,19.63,4927.13,11,229.2,0.9131,contado,7.14
2017-02-14,PROV-09,SKU-164088,DAIRY,279,6.09,1699.11,8,255.93,0.9173,contado,0.61
2017-02-14,PROV-09,SKU-205486,DAIRY,182,22.33,4064.06,9,165.74,0.9107,contado,8.22
2017-02-14,PROV-10,SKU-108696,DELI,242,14.5,3509,8,242,1,credito_15,6.85
2017-02-14,PROV-10,SKU-108698,DELI,176,4.36,767.36,9,156.7,0.8903,credito_15,0.37
2017-02-14,PROV-10,SKU-108701,DELI,165,8.18,1349.7,6,163.26,0.9895,credito_15,1.35
2017-02-14,PROV-10,SKU-208426,DELI,138,18.13,2501.94,7,137.84,0.9988,credito_15,9.7
2017-02-14,PROV-10,SKU-220613,DELI,106,5.5,583,10,99.25,0.9363,credito_15,10.64
2017-02-14,PROV-11,SKU-108833,EGGS,117,13.17,1540.89,7,109.23,0.9336,credito_30,9.82
2017-02-14,PROV-11,SKU-158680,EGGS,344,15.57,5356.08,7,311.61,0.9058,credito_30,3.92
2017-02-14,PROV-11,SKU-208384,EGGS,2495,13.6,33932,12,2318.28,0.9292,credito_30,7.81
2017-02-14,PROV-11,SKU-208386,EGGS,334,17.06,5698.04,9,290.24,0.869,credito_30,6.32
2017-02-14,PROV-11,SKU-227111,EGGS,271,15.75,4268.25,9,237.73,0.8772,credito_30,5.65
2017-02-14,PROV-11,SKU-258268,EGGS,254,3.54,899.16,11,239.98,0.9448,credito_30,0.73
2017-02-14,PROV-12,SKU-258411,FROZEN FOODS,192,20.23,3884.16,6,186.58,0.9718,credito_15,9.84
2017-02-14,PROV-13,SKU-105574,GROCERY I,426,1.76,749.76,6,426,1,credito_15,10.52
2017-02-14,PROV-13,SKU-105576,GROCERY I,576,13.13,7562.88,6,569.76,0.9892,credito_15,5.21
2017-02-14,PROV-13,SKU-105577,GROCERY I,80,8.29,663.2,12,76.22,0.9528,credito_15,10.66
2017-02-14,PROV-13,SKU-105693,GROCERY I,92,1.51,138.92,8,88.93,0.9666,credito_15,5.73
2017-02-14,PROV-13,SKU-105737,GROCERY I,193,12.04,2323.72,11,191.17,0.9905,credito_15,7.51
2017-02-14,PROV-13,SKU-105857,GROCERY I,341,22.71,7744.11,10,312.31,0.9159,credito_15,9.17
2017-02-14,PROV-13,SKU-106716,GROCERY I,380,16.92,6429.6,8,326.11,0.8582,credito_15,5.05
2017-02-14,PROV-13,SKU-108079,GROCERY I,158,24.15,3815.7,10,142.89,0.9044,credito_15,9.51
2017-02-14,PROV-13,SKU-108797,GROCERY I,325,23.15,7523.75,8,312.47,0.9614,credito_15,4.03
2017-02-14,PROV-13,SKU-111223,GROCERY I,806,17.97,14483.82,10,725.63,0.9003,credito_15,4.17
2017-02-14,PROV-13,SKU-111397,GROCERY I,253,10.24,2590.72,8,218.48,0.8636,credito_15,2.23
2017-02-14,PROV-13,SKU-112830,GROCERY I,188,10.99,2066.12,6,172.3,0.9165,credito_15,1.42
2017-02-14,PROV-13,SKU-114790,GROCERY I,737,24.29,17901.73,6,689.49,0.9355,credito_15,6.65
2017-02-14,PROV-13,SKU-115611,GROCERY I,781,22.31,17424.11,9,691.52,0.8854,credito_15,4.13
2017-02-14,PROV-13,SKU-115720,GROCERY I,429,21.56,9249.24,12,406.83,0.9483,credito_15,0.01
2017-02-14,PROV-13,SKU-115850,GROCERY I,881,16.03,14122.43,12,757.88,0.8602,credito_15,11.94
2017-02-14,PROV-13,SKU-115891,GROCERY I,264,15.3,4039.2,7,225.04,0.8524,credito_15,11.14
2017-02-14,PROV-13,SKU-115892,GROCERY I,623,10.31,6423.13,7,589.37,0.946,credito_15,1.29
2017-02-14,PROV-13,SKU-115893,GROCERY I,760,7.16,5441.6,11,705.68,0.9285,credito_15,5.62
2017-02-14,PROV-13,SKU-115894,GROCERY I,724,4.91,3554.84,8,625.17,0.8635,credito_15,4.29
2017-02-14,PROV-13,SKU-116017,GROCERY I,1121,5.48,6143.08,9,1087.02,0.9697,credito_15,5.71
2017-02-14,PROV-13,SKU-116018,GROCERY I,464,9.79,4542.56,9,382.23,0.8238,credito_15,2.31
2017-02-14,PROV-13,SKU-116279,GROCERY I,120,7.96,955.2,6,116.36,0.9697,credito_15,11.83
2017-02-14,PROV-13,SKU-123601,GROCERY I,466,20.21,9417.86,10,454.15,0.9746,credito_15,10.66
2017-02-14,PROV-13,SKU-123602,GROCERY I,169,21.56,3643.64,6,162.97,0.9643,credito_15,4.51
2017-02-14,PROV-13,SKU-123927,GROCERY I,56,12.89,721.84,6,56,1,credito_15,1.78
2017-02-14,PROV-13,SKU-127534,GROCERY I,123,9.78,1202.94,7,123,1,credito_15,1.96
2017-02-14,PROV-13,SKU-129296,GROCERY I,248,17.27,4282.96,6,230.86,0.9309,credito_15,5.98
2017-02-14,PROV-13,SKU-129297,GROCERY I,246,6.14,1510.44,8,246,1,credito_15,0.68
2017-02-14,PROV-13,SKU-129759,GROCERY I,97,20.22,1961.34,7,88.01,0.9073,credito_15,9.17
2017-02-14,PROV-13,SKU-153267,GROCERY I,876,14.59,12780.84,10,840.25,0.9592,credito_15,4.1
2017-02-14,PROV-13,SKU-155500,GROCERY I,1180,5.43,6407.4,6,1068.93,0.9059,credito_15,1.26
2017-02-14,PROV-13,SKU-155600,GROCERY I,86,13.97,1201.42,11,74.96,0.8716,credito_15,11.42
2017-02-14,PROV-13,SKU-155601,GROCERY I,84,17.53,1472.52,8,79.67,0.9485,credito_15,9.96
2017-02-14,PROV-13,SKU-155607,GROCERY I,80,13.99,1119.2,12,80,1,credito_15,2.31
2017-02-14,PROV-13,SKU-155610,GROCERY I,189,1.62,306.18,10,178.49,0.9444,credito_15,9.27
2017-02-14,PROV-13,SKU-155621,GROCERY I,133,15.2,2021.6,6,130.2,0.9789,credito_15,0.65
2017-02-14,PROV-13,SKU-155625,GROCERY I,122,20.43,2492.46,8,111.86,0.9169,credito_15,7.65
2017-02-14,PROV-13,SKU-157956,GROCERY I,178,22.53,4010.34,9,178,1,credito_15,9.68
2017-02-14,PROV-13,SKU-158875,GROCERY I,142,10.06,1428.52,7,117.82,0.8297,credito_15,0.02
2017-02-14,PROV-13,SKU-162066,GROCERY I,569,22.92,13041.48,7,546.52,0.9605,credito_15,10.68
2017-02-14,PROV-13,SKU-164036,GROCERY I,350,10.4,3640,12,285.91,0.8169,credito_15,11.11
2017-02-14,PROV-13,SKU-164037,GROCERY I,317,20.02,6346.34,6,302.84,0.9553,credito_15,8.62
2017-02-14,PROV-13,SKU-165594,GROCERY I,674,15.04,10136.96,7,674,1,credito_15,5.83
2017-02-14,PROV-13,SKU-165693,GROCERY I,523,4.38,2290.74,7,519.1,0.9925,credito_15,0.75
2017-02-14,PROV-13,SKU-165704,GROCERY I,1156,24.86,28738.16,8,939.62,0.8128,credito_15,8.69
2017-02-14,PROV-13,SKU-165727,GROCERY I,181,21.7,3927.7,11,151.67,0.838,credito_15,4.98
2017-02-14,PROV-13,SKU-165988,GROCERY I,585,24.95,14595.75,11,529.93,0.9059,credito_15,9.69
2017-02-14,PROV-13,SKU-169028,GROCERY I,196,3.63,711.48,12,190.76,0.9733,credito_15,0.37
2017-02-14,PROV-13,SKU-170791,GROCERY I,813,7.87,6398.31,8,813,1,credito_15,4.61
2017-02-14,PROV-13,SKU-172343,GROCERY I,445,22.32,9932.4,12,417.45,0.9381,credito_15,6.56
2017-02-14,PROV-13,SKU-173111,GROCERY I,328,18.85,6182.8,11,298.59,0.9103,credito_15,11.89
2017-02-14,PROV-13,SKU-179274,GROCERY I,397,4.25,1687.25,6,376.19,0.9476,credito_15,3
2017-02-14,PROV-13,SKU-179564,GROCERY I,36,7.98,287.28,7,32,0.8889,credito_15,7.45
2017-02-14,PROV-13,SKU-179579,GROCERY I,93,16.68,1551.24,10,82.76,0.8899,credito_15,11.68
2017-02-14,PROV-13,SKU-205381,GROCERY I,91,10.63,967.33,8,82.94,0.9114,credito_15,5.53
2017-02-14,PROV-13,SKU-205387,GROCERY I,458,24.72,11321.76,6,420.47,0.9181,credito_15,8.55
2017-02-14,PROV-13,SKU-207857,GROCERY I,282,8.15,2298.3,6,267.42,0.9483,credito_15,0.78
2017-02-14,PROV-13,SKU-208514,GROCERY I,576,23.73,13668.48,10,576,1,credito_15,6.96
2017-02-14,PROV-13,SKU-208659,GROCERY I,360,19.11,6879.6,8,358.38,0.9955,credito_15,5.12
2017-02-14,PROV-13,SKU-208699,GROCERY I,147,6.33,930.51,6,140.5,0.9558,credito_15,9.02
2017-02-14,PROV-13,SKU-210798,GROCERY I,386,22.64,8739.04,7,358.78,0.9295,credito_15,9.54
2017-02-14,PROV-13,SKU-211205,GROCERY I,353,11.7,4130.1,10,353,1,credito_15,11.59
2017-02-14,PROV-13,SKU-211999,GROCERY I,104,22,2288,6,104,1,credito_15,0.75
2017-02-14,PROV-13,SKU-212552,GROCERY I,222,17.57,3900.54,12,201.77,0.9089,credito_15,0.47
2017-02-14,PROV-13,SKU-213066,GROCERY I,289,21.09,6095.01,9,249.64,0.8638,credito_15,7.3
2017-02-14,PROV-13,SKU-213652,GROCERY I,505,10.28,5191.4,12,496.17,0.9825,credito_15,1.62
2017-02-14,PROV-13,SKU-213653,GROCERY I,286,22.82,6526.52,11,280.26,0.9799,credito_15,7.03
2017-02-14,PROV-13,SKU-213788,GROCERY I,231,15.73,3633.63,7,228.46,0.989,credito_15,11.41
2017-02-14,PROV-13,SKU-215303,GROCERY I,141,22.99,3241.59,6,131.87,0.9352,credito_15,1.73
2017-02-14,PROV-13,SKU-215304,GROCERY I,308,20.98,6461.84,10,308,1,credito_15,0.46
2017-02-14,PROV-13,SKU-215327,GROCERY I,658,4.39,2888.62,12,585.19,0.8893,credito_15,11.74
2017-02-14,PROV-13,SKU-215331,GROCERY I,918,20.73,19030.14,8,896.04,0.9761,credito_15,0.29
2017-02-14,PROV-13,SKU-215352,GROCERY I,1048,19.77,20718.96,6,982.97,0.9379,credito_15,0.19
2017-02-14,PROV-13,SKU-215356,GROCERY I,159,7.24,1151.16,8,159,1,credito_15,3.19
2017-02-14,PROV-13,SKU-215896,GROCERY I,670,13.91,9319.7,10,655.11,0.9778,credito_15,7.71
2017-02-14,PROV-13,SKU-220432,GROCERY I,433,17.17,7434.61,6,387.54,0.895,credito_15,4.63
2017-02-14,PROV-13,SKU-220435,GROCERY I,1523,21.06,32074.38,10,1461.99,0.9599,credito_15,11.82
2017-02-14,PROV-13,SKU-222879,GROCERY I,1066,8.88,9466.08,7,1066,1,credito_15,2.65
2017-02-14,PROV-13,SKU-222975,GROCERY I,624,16.35,10202.4,9,599.5,0.9607,credito_15,1.16
2017-02-14,PROV-13,SKU-223068,GROCERY I,96,17.11,1642.56,7,95.23,0.992,credito_15,7.04
2017-02-14,PROV-13,SKU-223136,GROCERY I,1202,15.36,18462.72,9,1143.76,0.9515,credito_15,6.68
2017-02-14,PROV-13,SKU-223463,GROCERY I,159,15.36,2442.24,9,159,1,credito_15,1.2
2017-02-14,PROV-13,SKU-229368,GROCERY I,232,19.18,4449.76,6,232,1,credito_15,4.44
2017-02-14,PROV-13,SKU-253145,GROCERY I,128,5.87,751.36,9,126.5,0.9883,credito_15,10.33
2017-02-14,PROV-13,SKU-255161,GROCERY I,123,17.46,2147.58,9,108.04,0.8784,credito_15,11.28
2017-02-14,PROV-13,SKU-255198,GROCERY I,221,8.35,1845.35,9,213.18,0.9646,credito_15,4.74
2017-02-14,PROV-13,SKU-255199,GROCERY I,337,20.85,7026.45,9,305.7,0.9071,credito_15,11.45
2017-02-14,PROV-13,SKU-255202,GROCERY I,211,8.12,1713.32,12,180.41,0.855,credito_15,7.57
2017-02-14,PROV-13,SKU-258395,GROCERY I,116,7.79,903.64,10,107.8,0.9293,credito_15,4.92
2017-02-14,PROV-13,SKU-258396,GROCERY I,663,16.42,10886.46,6,641.59,0.9677,credito_15,0.78
2017-02-14,PROV-13,SKU-314384,GROCERY I,2509,4.03,10111.27,6,2509,1,credito_15,6.66
2017-02-14,PROV-13,SKU-364606,GROCERY I,3049,22.34,68114.66,8,2921.65,0.9582,credito_15,3.71
2017-02-14,PROV-14,SKU-167437,GROCERY II,173,21.71,3755.83,7,142.93,0.8262,credito_30,10.63
2017-02-14,PROV-14,SKU-210520,GROCERY II,15,21.47,322.05,6,12.38,0.8253,credito_30,6.79
2017-02-14,PROV-18,SKU-250782,HOME APPLIANCES,45,22.99,1034.55,13,39.47,0.8771,contado,7.75
2017-02-14,PROV-22,SKU-115847,LINGERIE,52,24.3,1263.6,6,49.1,0.9442,contado,3.39
2017-02-14,PROV-22,SKU-177050,LINGERIE,19,19.6,372.4,10,15.92,0.8379,contado,7.94
2017-02-14,PROV-22,SKU-215468,LINGERIE,71,5.11,362.81,8,69.22,0.9749,contado,7.72
2017-02-14,PROV-25,SKU-205209,MEATS,263.19,3.26,858,13,255.41,0.9704,credito_30,1.36
2017-02-14,PROV-25,SKU-584028,MEATS,2146.85,24.29,52146.99,9,1969.57,0.9174,credito_30,3.56
2017-02-14,PROV-26,SKU-114799,PERSONAL CARE,161,11.47,1846.67,3,145.92,0.9063,contado,10.15
2017-02-14,PROV-26,SKU-114800,PERSONAL CARE,327,21.01,6870.27,5,290.84,0.8894,contado,0.3
2017-02-14,PROV-29,SKU-108831,POULTRY,382.37,13.2,5047.28,3,360.33,0.9424,credito_15,3.37
2017-02-14,PROV-29,SKU-159156,POULTRY,1191.08,24.7,29419.67,2,970.46,0.8148,credito_15,11.37
2017-02-14,PROV-29,SKU-208539,POULTRY,172.06,9.37,1612.2,5,162.41,0.9439,credito_15,5.37
2017-02-14,PROV-31,SKU-1473410,PRODUCE,3449.96,20.04,69137.2,10,3327.98,0.9646,credito_30,7.81
2017-02-14,PROV-31,SKU-1473474,PRODUCE,8744.57,10.26,89719.29,6,7688.77,0.8793,credito_30,7.85
2017-02-14,PROV-31,SKU-1502392,PRODUCE,2789.71,5.27,14701.77,5,2453.31,0.8794,credito_30,7.28
2017-02-14,PROV-31,SKU-1503844,PRODUCE,10823.66,2.17,23487.34,6,9895.35,0.9142,credito_30,8.42
2017-02-14,PROV-31,SKU-1503847,PRODUCE,3052.89,8.42,25705.33,7,2515.61,0.824,credito_30,7.56
2017-02-14,PROV-31,SKU-1584575,PRODUCE,3344,3.25,10868,8,3344,1,credito_30,11.81
2017-02-14,PROV-31,SKU-1642399,PRODUCE,3748.5,24.92,93412.62,5,3748.5,1,credito_30,6.89
2017-02-14,PROV-31,SKU-1686656,PRODUCE,2427,8.68,21066.36,8,2369.32,0.9762,credito_30,11.97
2017-02-14,PROV-31,SKU-1695835,PRODUCE,4681.64,5.86,27434.41,8,4039.41,0.8628,credito_30,8.88
2017-02-14,PROV-31,SKU-1751174,PRODUCE,1786.42,10.13,18096.44,7,1596.87,0.8939,credito_30,6.69
2017-02-14,PROV-31,SKU-1926217,PRODUCE,3128,6.14,19205.92,4,2763.81,0.8836,credito_30,5.65
2017-02-14,PROV-33,SKU-252698,SEAFOOD,165.1,7.5,1238.25,11,149.17,0.9035,contado,11.52
2017-02-21,PROV-01,SKU-121964,AUTOMOTIVE,27,3.38,91.26,7,23.28,0.8622,contado,1.52
2017-02-21,PROV-01,SKU-172995,AUTOMOTIVE,113,6.73,760.49,7,99.21,0.878,contado,5.33
2017-02-21,PROV-04,SKU-1047679,BEVERAGES,4703,22.41,105394.23,2,4490.57,0.9548,credito_15,10.65
2017-02-21,PROV-04,SKU-119624,BEVERAGES,271,2.86,775.06,7,249.35,0.9201,credito_15,7.65
2017-02-21,PROV-04,SKU-1430040,BEVERAGES,4304,9.67,41619.68,7,3910.6,0.9086,credito_15,8.28
2017-02-21,PROV-04,SKU-1463992,BEVERAGES,8400,20.67,173628,7,7447.14,0.8866,credito_15,8.32
2017-02-21,PROV-04,SKU-1463993,BEVERAGES,6263,8.61,53924.43,5,5510.24,0.8798,credito_15,9.69
2017-02-21,PROV-04,SKU-165550,BEVERAGES,344,10.86,3735.84,5,330.51,0.9608,credito_15,3.29
2017-02-21,PROV-04,SKU-165551,BEVERAGES,172,24.82,4269.04,4,172,1,credito_15,5.98
2017-02-21,PROV-04,SKU-165553,BEVERAGES,197,2.93,577.21,2,189.03,0.9595,credito_15,1.86
2017-02-21,PROV-04,SKU-174081,BEVERAGES,178,7.23,1286.94,8,150.35,0.8447,credito_15,8.87
2017-02-21,PROV-04,SKU-2006812,BEVERAGES,3379,19.22,64944.38,2,3035.92,0.8985,credito_15,5.04
2017-02-21,PROV-04,SKU-2042941,BEVERAGES,7327,10.12,74149.24,3,6471.8,0.8833,credito_15,10.03
2017-02-21,PROV-04,SKU-2042947,BEVERAGES,7217,17.61,127091.37,4,6612.17,0.9162,credito_15,3.19
2017-02-21,PROV-04,SKU-219147,BEVERAGES,405,16.82,6812.1,2,379.52,0.9371,credito_15,4.33
2017-02-21,PROV-04,SKU-219150,BEVERAGES,14,1.52,21.28,3,14,1,credito_15,7.8
2017-02-21,PROV-04,SKU-219152,BEVERAGES,236,23.63,5576.68,5,204.04,0.8646,credito_15,2.42
2017-02-21,PROV-04,SKU-257848,BEVERAGES,220,5.96,1311.2,7,174.41,0.7928,credito_15,0.96
2017-02-21,PROV-04,SKU-364738,BEVERAGES,2732,14.62,39941.84,8,2371.35,0.868,credito_15,4
2017-02-21,PROV-04,SKU-819932,BEVERAGES,6039,20.65,124705.35,3,5624.92,0.9314,credito_15,6.63
2017-02-21,PROV-06,SKU-103665,BREAD/BAKERY,200,8.68,1736,6,176.5,0.8825,credito_15,1.27
2017-02-21,PROV-06,SKU-1333307,BREAD/BAKERY,1983,11.69,23181.27,6,1930.33,0.9734,credito_15,9.77
2017-02-21,PROV-06,SKU-153239,BREAD/BAKERY,649,9.2,5970.8,9,643.17,0.991,credito_15,1.27
2017-02-21,PROV-06,SKU-153395,BREAD/BAKERY,138,14.3,1973.4,10,119.46,0.8657,credito_15,9.97
2017-02-21,PROV-06,SKU-153398,BREAD/BAKERY,159,10.58,1682.22,10,149.85,0.9425,credito_15,8.01
2017-02-21,PROV-06,SKU-165718,BREAD/BAKERY,337,8.98,3026.26,9,267.26,0.7931,credito_15,7.62
2017-02-21,PROV-06,SKU-215370,BREAD/BAKERY,271,19.96,5409.16,4,258.47,0.9538,credito_15,8.45
2017-02-21,PROV-06,SKU-253103,BREAD/BAKERY,377,2.6,980.2,8,359.29,0.953,credito_15,6.65
2017-02-21,PROV-08,SKU-103501,CLEANING,204,9.62,1962.48,4,190.79,0.9352,credito_15,8.69
2017-02-21,PROV-08,SKU-108786,CLEANING,396,4.58,1813.68,10,367.6,0.9283,credito_15,3.46
2017-02-21,PROV-08,SKU-108952,CLEANING,135,10.81,1459.35,10,135,1,credito_15,6.92
2017-02-21,PROV-08,SKU-115267,CLEANING,332,1.77,587.64,5,318.55,0.9595,credito_15,11.54
2017-02-21,PROV-08,SKU-116311,CLEANING,20,17.2,344,6,20,1,credito_15,0.69
2017-02-21,PROV-08,SKU-119023,CLEANING,104,24.77,2576.08,9,104,1,credito_15,8.23
2017-02-21,PROV-08,SKU-119024,CLEANING,249,6.05,1506.45,4,235.79,0.9469,credito_15,11.59
2017-02-21,PROV-08,SKU-119026,CLEANING,322,8.19,2637.18,4,310.05,0.9629,credito_15,2.94
2017-02-21,PROV-08,SKU-119187,CLEANING,172,13.85,2382.2,9,165.87,0.9644,credito_15,7.41
2017-02-21,PROV-08,SKU-119191,CLEANING,127,15.12,1920.24,7,114.32,0.9002,credito_15,0.56
2017-02-21,PROV-08,SKU-119193,CLEANING,110,13.08,1438.8,4,110,1,credito_15,7.88
2017-02-21,PROV-08,SKU-122425,CLEANING,52,8.09,420.68,5,51.2,0.9846,credito_15,5.18
2017-02-21,PROV-08,SKU-153078,CLEANING,165,6.87,1133.55,5,164.48,0.9968,credito_15,3.4
2017-02-21,PROV-08,SKU-158788,CLEANING,451,22.36,10084.36,10,451,1,credito_15,7.19
2017-02-21,PROV-08,SKU-158789,CLEANING,474,24.65,11684.1,8,474,1,credito_15,4.87
2017-02-21,PROV-08,SKU-158956,CLEANING,250,24.55,6137.5,8,236.95,0.9478,credito_15,11.34
2017-02-21,PROV-08,SKU-159242,CLEANING,252,2.52,635.04,7,249.94,0.9918,credito_15,3.16
2017-02-21,PROV-08,SKU-164647,CLEANING,955,18.9,18049.5,6,955,1,credito_15,5.65
2017-02-21,PROV-08,SKU-168927,CLEANING,448,6.22,2786.56,7,416.79,0.9303,credito_15,2.36
2017-02-21,PROV-08,SKU-168930,CLEANING,526,2.51,1320.26,8,510.23,0.97,credito_15,10.16
2017-02-21,PROV-08,SKU-168931,CLEANING,166,3.83,635.78,4,159.23,0.9592,credito_15,3.65
2017-02-21,PROV-08,SKU-169101,CLEANING,74,9.59,709.66,6,72.52,0.98,credito_15,10.19
2017-02-21,PROV-08,SKU-169104,CLEANING,14,9.36,131.04,6,12.74,0.91,credito_15,4.31
2017-02-21,PROV-08,SKU-171890,CLEANING,119,10.02,1192.38,8,115.87,0.9737,credito_15,0.71
2017-02-21,PROV-08,SKU-176411,CLEANING,26,16.05,417.3,4,25.61,0.985,credito_15,10.1
2017-02-21,PROV-08,SKU-208498,CLEANING,252,19.45,4901.4,4,227.98,0.9047,credito_15,6.98
2017-02-21,PROV-08,SKU-209085,CLEANING,288,4.68,1347.84,10,278.36,0.9665,credito_15,11.82
2017-02-21,PROV-08,SKU-214381,CLEANING,407,9.45,3846.15,7,383.93,0.9433,credito_15,8.83
2017-02-21,PROV-08,SKU-214859,CLEANING,165,22.21,3664.65,10,149.38,0.9053,credito_15,3.39
2017-02-21,PROV-08,SKU-214860,CLEANING,235,16.03,3767.05,7,235,1,credito_15,9.67
2017-02-21,PROV-08,SKU-214862,CLEANING,218,4.59,1000.62,5,218,1,credito_15,10.81
2017-02-21,PROV-08,SKU-218726,CLEANING,94,13.04,1225.76,6,94,1,credito_15,3.89
2017-02-21,PROV-08,SKU-218728,CLEANING,127,8.65,1098.55,5,125.68,0.9896,credito_15,9.61
2017-02-21,PROV-08,SKU-221506,CLEANING,230,13.87,3190.1,8,205.55,0.8937,credito_15,2.57
2017-02-21,PROV-08,SKU-224081,CLEANING,130,20.04,2605.2,5,123.17,0.9475,credito_15,1.26
2017-02-21,PROV-08,SKU-226126,CLEANING,236,22.27,5255.72,10,197.39,0.8364,credito_15,8.28
2017-02-21,PROV-08,SKU-252970,CLEANING,197,8.03,1581.91,5,169.55,0.8607,credito_15,1.41
2017-02-21,PROV-08,SKU-252972,CLEANING,223,4,892,8,214.3,0.961,credito_15,8.15
2017-02-21,PROV-08,SKU-258376,CLEANING,540,12.72,6868.8,10,469.09,0.8687,credito_15,9.61
2017-02-21,PROV-09,SKU-122095,DAIRY,160,6.17,987.2,10,134.58,0.8411,contado,4.2
2017-02-21,PROV-09,SKU-123347,DAIRY,243,16.24,3946.32,9,241.44,0.9936,contado,2.47
2017-02-21,PROV-09,SKU-129635,DAIRY,730,21.54,15724.2,11,635.45,0.8705,contado,4.3
2017-02-21,PROV-09,SKU-158842,DAIRY,215,19.63,4220.45,9,205.83,0.9573,contado,7.14
2017-02-21,PROV-09,SKU-164088,DAIRY,283,6.09,1723.47,8,259.76,0.9179,contado,0.61
2017-02-21,PROV-09,SKU-173113,DAIRY,84,13.89,1166.76,8,71.5,0.8512,contado,0.57
2017-02-21,PROV-09,SKU-179615,DAIRY,515,23.7,12205.5,12,515,1,contado,11.16
2017-02-21,PROV-09,SKU-205486,DAIRY,162,22.33,3617.46,7,137.7,0.85,contado,8.22
2017-02-21,PROV-10,SKU-108696,DELI,265,14.5,3842.5,7,263.11,0.9929,credito_15,6.85
2017-02-21,PROV-10,SKU-108698,DELI,170,4.36,741.2,6,168.75,0.9926,credito_15,0.37
2017-02-21,PROV-10,SKU-108701,DELI,166,8.18,1357.88,7,163.55,0.9852,credito_15,1.35
2017-02-21,PROV-10,SKU-208426,DELI,114,18.13,2066.82,11,103.8,0.9105,credito_15,9.7
2017-02-21,PROV-10,SKU-220613,DELI,90,5.5,495,9,83.5,0.9278,credito_15,10.64
2017-02-21,PROV-11,SKU-108833,EGGS,99,13.17,1303.83,10,89.25,0.9015,credito_30,9.82
2017-02-21,PROV-11,SKU-127547,EGGS,204,21.95,4477.8,9,186.54,0.9144,credito_30,10.18
2017-02-21,PROV-11,SKU-158680,EGGS,311,15.57,4842.27,6,272.59,0.8765,credito_30,3.92
2017-02-21,PROV-11,SKU-208386,EGGS,308,17.06,5254.48,9,288.81,0.9377,credito_30,6.32
2017-02-21,PROV-11,SKU-227111,EGGS,209,15.75,3291.75,10,188,0.8995,credito_30,5.65
2017-02-21,PROV-11,SKU-258268,EGGS,221,3.54,782.34,7,199.52,0.9028,credito_30,0.73
2017-02-21,PROV-12,SKU-258411,FROZEN FOODS,198,20.23,4005.54,5,175.66,0.8872,credito_15,9.84
2017-02-21,PROV-13,SKU-103520,GROCERY I,106,24.61,2608.66,7,97.38,0.9187,credito_15,4.19
2017-02-21,PROV-13,SKU-105574,GROCERY I,326,1.76,573.76,6,283.23,0.8688,credito_15,10.52
2017-02-21,PROV-13,SKU-105575,GROCERY I,761,20.25,15410.25,12,738.23,0.9701,credito_15,5.98
2017-02-21,PROV-13,SKU-105576,GROCERY I,642,13.13,8429.46,8,642,1,credito_15,5.21
2017-02-21,PROV-13,SKU-105577,GROCERY I,87,8.29,721.23,6,85.68,0.9848,credito_15,10.66
2017-02-21,PROV-13,SKU-105693,GROCERY I,103,1.51,155.53,10,96.07,0.9327,credito_15,5.73
2017-02-21,PROV-13,SKU-105737,GROCERY I,113,12.04,1360.52,7,100.82,0.8922,credito_15,7.51
2017-02-21,PROV-13,SKU-105857,GROCERY I,368,22.71,8357.28,8,321.56,0.8738,credito_15,9.17
2017-02-21,PROV-13,SKU-106716,GROCERY I,426,16.92,7207.92,8,410.55,0.9637,credito_15,5.05
2017-02-21,PROV-13,SKU-108079,GROCERY I,131,24.15,3163.65,8,114.92,0.8773,credito_15,9.51
2017-02-21,PROV-13,SKU-108797,GROCERY I,334,23.15,7732.1,8,320.56,0.9598,credito_15,4.03
2017-02-21,PROV-13,SKU-111223,GROCERY I,848,17.97,15238.56,6,841.37,0.9922,credito_15,4.17
2017-02-21,PROV-13,SKU-111397,GROCERY I,241,10.24,2467.84,10,233.87,0.9704,credito_15,2.23
2017-02-21,PROV-13,SKU-112830,GROCERY I,208,10.99,2285.92,7,193.3,0.9293,credito_15,1.42
2017-02-21,PROV-13,SKU-114790,GROCERY I,829,24.29,20136.41,12,829,1,credito_15,6.65
2017-02-21,PROV-13,SKU-115611,GROCERY I,769,22.31,17156.39,8,763.24,0.9925,credito_15,4.13
2017-02-21,PROV-13,SKU-115693,GROCERY I,203,23.46,4762.38,9,191.41,0.9429,credito_15,5.42
2017-02-21,PROV-13,SKU-115720,GROCERY I,412,21.56,8882.72,7,405.67,0.9846,credito_15,0.01
2017-02-21,PROV-13,SKU-115850,GROCERY I,808,16.03,12952.24,6,808,1,credito_15,11.94
2017-02-21,PROV-13,SKU-115891,GROCERY I,309,15.3,4727.7,8,307.71,0.9958,credito_15,11.14
2017-02-21,PROV-13,SKU-115892,GROCERY I,599,10.31,6175.69,10,476.4,0.7953,credito_15,1.29
2017-02-21,PROV-13,SKU-115893,GROCERY I,573,7.16,4102.68,10,485.06,0.8465,credito_15,5.62
2017-02-21,PROV-13,SKU-116017,GROCERY I,993,5.48,5441.64,8,937.18,0.9438,credito_15,5.71
2017-02-21,PROV-13,SKU-116279,GROCERY I,128,7.96,1018.88,6,122.66,0.9583,credito_15,11.83
2017-02-21,PROV-13,SKU-123601,GROCERY I,374,20.21,7558.54,9,374,1,credito_15,10.66
2017-02-21,PROV-13,SKU-123602,GROCERY I,90,21.56,1940.4,9,86,0.9556,credito_15,4.51
2017-02-21,PROV-13,SKU-123927,GROCERY I,51,12.89,657.39,7,47.62,0.9337,credito_15,1.78
2017-02-21,PROV-13,SKU-125430,GROCERY I,786,5.35,4205.1,9,706.11,0.8984,credito_15,11.1
2017-02-21,PROV-13,SKU-127534,GROCERY I,138,9.78,1349.64,7,138,1,credito_15,1.96
2017-02-21,PROV-13,SKU-129296,GROCERY I,256,17.27,4421.12,6,248.15,0.9693,credito_15,5.98
2017-02-21,PROV-13,SKU-129297,GROCERY I,260,6.14,1596.4,9,249.81,0.9608,credito_15,0.68
2017-02-21,PROV-13,SKU-129759,GROCERY I,137,20.22,2770.14,8,125.85,0.9186,credito_15,9.17
2017-02-21,PROV-13,SKU-153267,GROCERY I,1104,14.59,16107.36,7,997.33,0.9034,credito_15,4.1
2017-02-21,PROV-13,SKU-155499,GROCERY I,286,11.6,3317.6,10,271.51,0.9493,credito_15,7.31
2017-02-21,PROV-13,SKU-155500,GROCERY I,1147,5.43,6228.21,6,1115.74,0.9727,credito_15,1.26
2017-02-21,PROV-13,SKU-155601,GROCERY I,86,17.53,1507.58,6,82.75,0.9622,credito_15,9.96
2017-02-21,PROV-13,SKU-155607,GROCERY I,73,13.99,1021.27,10,62.2,0.8521,credito_15,2.31
2017-02-21,PROV-13,SKU-155610,GROCERY I,157,1.62,254.34,6,157,1,credito_15,9.27
2017-02-21,PROV-13,SKU-155621,GROCERY I,122,15.2,1854.4,6,116.23,0.9527,credito_15,0.65
2017-02-21,PROV-13,SKU-155625,GROCERY I,137,20.43,2798.91,12,124.55,0.9091,credito_15,7.65
2017-02-21,PROV-13,SKU-157956,GROCERY I,192,22.53,4325.76,8,173.66,0.9045,credito_15,9.68
2017-02-21,PROV-13,SKU-158875,GROCERY I,131,10.06,1317.86,7,120.16,0.9173,credito_15,0.02
2017-02-21,PROV-13,SKU-162066,GROCERY I,569,22.92,13041.48,8,569,1,credito_15,10.68
2017-02-21,PROV-13,SKU-164036,GROCERY I,313,10.4,3255.2,7,293.41,0.9374,credito_15,11.11
2017-02-21,PROV-13,SKU-164037,GROCERY I,310,20.02,6206.2,9,302.17,0.9747,credito_15,8.62
2017-02-21,PROV-13,SKU-165594,GROCERY I,643,15.04,9670.72,12,601.57,0.9356,credito_15,5.83
2017-02-21,PROV-13,SKU-165693,GROCERY I,501,4.38,2194.38,9,437.56,0.8734,credito_15,0.75
2017-02-21,PROV-13,SKU-165705,GROCERY I,201,12.35,2482.35,6,197.11,0.9806,credito_15,9.51
2017-02-21,PROV-13,SKU-165988,GROCERY I,506,24.95,12624.7,6,506,1,credito_15,9.69
2017-02-21,PROV-13,SKU-168989,GROCERY I,81,5.77,467.37,12,76.8,0.9481,credito_15,2.11
2017-02-21,PROV-13,SKU-169028,GROCERY I,205,3.63,744.15,10,195.15,0.952,credito_15,0.37
2017-02-21,PROV-13,SKU-170791,GROCERY I,137,7.87,1078.19,11,131.12,0.9571,credito_15,4.61
2017-02-21,PROV-13,SKU-172184,GROCERY I,281,15.9,4467.9,9,269.28,0.9583,credito_15,9.62
2017-02-21,PROV-13,SKU-172343,GROCERY I,421,22.32,9396.72,6,391.31,0.9295,credito_15,6.56
2017-02-21,PROV-13,SKU-177395,GROCERY I,360,18.86,6789.6,7,352.26,0.9785,credito_15,5.91
2017-02-21,PROV-13,SKU-179274,GROCERY I,457,4.25,1942.25,10,457,1,credito_15,3
2017-02-21,PROV-13,SKU-179564,GROCERY I,29,7.98,231.42,10,26.73,0.9217,credito_15,7.45
2017-02-21,PROV-13,SKU-179579,GROCERY I,121,16.68,2018.28,11,112.89,0.933,credito_15,11.68
2017-02-21,PROV-13,SKU-205381,GROCERY I,97,10.63,1031.11,7,89.9,0.9268,credito_15,5.53
2017-02-21,PROV-13,SKU-205387,GROCERY I,469,24.72,11593.68,11,431.99,0.9211,credito_15,8.55
2017-02-21,PROV-13,SKU-205557,GROCERY I,79,8.19,647.01,6,72.79,0.9214,credito_15,8.16
2017-02-21,PROV-13,SKU-207857,GROCERY I,259,8.15,2110.85,9,229.9,0.8876,credito_15,0.78
2017-02-21,PROV-13,SKU-208514,GROCERY I,611,23.73,14499.03,10,562.98,0.9214,credito_15,6.96
2017-02-21,PROV-13,SKU-208699,GROCERY I,146,6.33,924.18,9,142.46,0.9758,credito_15,9.02
2017-02-21,PROV-13,SKU-210798,GROCERY I,288,22.64,6520.32,7,261.37,0.9075,credito_15,9.54
2017-02-21,PROV-13,SKU-211205,GROCERY I,333,11.7,3896.1,6,287.51,0.8634,credito_15,11.59
2017-02-21,PROV-13,SKU-211206,GROCERY I,814,12.84,10451.76,9,814,1,credito_15,4.3
2017-02-21,PROV-13,SKU-212550,GROCERY I,178,11.44,2036.32,8,178,1,credito_15,5.17
2017-02-21,PROV-13,SKU-213066,GROCERY I,305,21.09,6432.45,12,289.7,0.9498,credito_15,7.3
2017-02-21,PROV-13,SKU-213652,GROCERY I,519,10.28,5335.32,10,519,1,credito_15,1.62
2017-02-21,PROV-13,SKU-213653,GROCERY I,298,22.82,6800.36,9,262.52,0.8809,credito_15,7.03
2017-02-21,PROV-13,SKU-213788,GROCERY I,264,15.73,4152.72,6,254.36,0.9635,credito_15,11.41
2017-02-21,PROV-13,SKU-215303,GROCERY I,134,22.99,3080.66,10,129.39,0.9656,credito_15,1.73
2017-02-21,PROV-13,SKU-215304,GROCERY I,247,20.98,5182.06,10,237.32,0.9608,credito_15,0.46
2017-02-21,PROV-13,SKU-215327,GROCERY I,597,4.39,2620.83,11,597,1,credito_15,11.74
2017-02-21,PROV-13,SKU-215331,GROCERY I,1023,20.73,21206.79,10,1023,1,credito_15,0.29
2017-02-21,PROV-13,SKU-215332,GROCERY I,488,18.14,8852.32,7,464.64,0.9521,credito_15,7.61
2017-02-21,PROV-13,SKU-215352,GROCERY I,821,19.77,16231.17,9,761.12,0.9271,credito_15,0.19
2017-02-21,PROV-13,SKU-215356,GROCERY I,166,7.24,1201.84,8,150.03,0.9038,credito_15,3.19
2017-02-21,PROV-13,SKU-215896,GROCERY I,541,13.91,7525.31,12,534.41,0.9878,credito_15,7.71
2017-02-21,PROV-13,SKU-217827,GROCERY I,194,2.53,490.82,9,185.44,0.9559,credito_15,2.77
2017-02-21,PROV-13,SKU-220432,GROCERY I,354,17.17,6078.18,10,346.86,0.9798,credito_15,4.63
2017-02-21,PROV-13,SKU-220435,GROCERY I,1993,21.06,41972.58,6,1909.38,0.958,credito_15,11.82
2017-02-21,PROV-13,SKU-222975,GROCERY I,633,16.35,10349.55,10,527.87,0.8339,credito_15,1.16
2017-02-21,PROV-13,SKU-223068,GROCERY I,116,17.11,1984.76,6,111.71,0.963,credito_15,7.04
2017-02-21,PROV-13,SKU-223434,GROCERY I,409,11.22,4588.98,9,409,1,credito_15,4.5
2017-02-21,PROV-13,SKU-223463,GROCERY I,231,15.36,3548.16,11,231,1,credito_15,1.2
2017-02-21,PROV-13,SKU-253145,GROCERY I,104,5.87,610.48,10,101.95,0.9803,credito_15,10.33
2017-02-21,PROV-13,SKU-255161,GROCERY I,120,17.46,2095.2,8,93.48,0.779,credito_15,11.28
2017-02-21,PROV-13,SKU-255199,GROCERY I,327,20.85,6817.95,9,327,1,credito_15,11.45
2017-02-21,PROV-13,SKU-255202,GROCERY I,163,8.12,1323.56,10,148.42,0.9106,credito_15,7.57
2017-02-21,PROV-13,SKU-258395,GROCERY I,96,7.79,747.84,7,96,1,credito_15,4.92
2017-02-21,PROV-13,SKU-258396,GROCERY I,691,16.42,11346.22,10,691,1,credito_15,0.78
2017-02-21,PROV-13,SKU-314384,GROCERY I,2328,4.03,9381.84,7,2182.3,0.9374,credito_15,6.66
2017-02-21,PROV-13,SKU-364606,GROCERY I,2875,22.34,64227.5,10,2867.28,0.9973,credito_15,3.71
2017-02-21,PROV-14,SKU-167437,GROCERY II,194,21.71,4211.74,8,194,1,credito_30,10.63
2017-02-21,PROV-14,SKU-210520,GROCERY II,12,21.47,257.64,5,11.29,0.9408,credito_30,6.79
2017-02-21,PROV-18,SKU-250782,HOME APPLIANCES,49,22.99,1126.51,10,44.92,0.9167,contado,7.75
2017-02-21,PROV-22,SKU-115847,LINGERIE,60,24.3,1458,5,51.92,0.8653,contado,3.39
2017-02-21,PROV-22,SKU-177050,LINGERIE,11,19.6,215.6,7,9.76,0.8873,contado,7.94
2017-02-21,PROV-22,SKU-215468,LINGERIE,39,5.11,199.29,7,35.84,0.919,contado,7.72
2017-02-21,PROV-25,SKU-205209,MEATS,191.08,3.26,622.92,12,177.44,0.9286,credito_30,1.36
2017-02-21,PROV-25,SKU-584028,MEATS,2073.78,24.29,50372.12,8,1890.19,0.9115,credito_30,3.56
2017-02-21,PROV-26,SKU-114799,PERSONAL CARE,156,11.47,1789.32,6,131.71,0.8443,contado,10.15
2017-02-21,PROV-26,SKU-114800,PERSONAL CARE,247,21.01,5189.47,7,217.21,0.8794,contado,0.3
2017-02-21,PROV-29,SKU-108831,POULTRY,382.74,13.2,5052.17,3,284.09,0.7423,credito_15,3.37
2017-02-21,PROV-29,SKU-159156,POULTRY,1793.89,24.7,44309.08,4,1536.21,0.8564,credito_15,11.37
2017-02-21,PROV-29,SKU-208539,POULTRY,127.25,9.37,1192.33,2,105.9,0.8322,credito_15,5.37
2017-02-21,PROV-31,SKU-1473410,PRODUCE,3017.83,20.04,60477.31,6,2262.71,0.7498,credito_30,7.81
2017-02-21,PROV-31,SKU-1473474,PRODUCE,8136.55,10.26,83481,4,6939.98,0.8529,credito_30,7.85
2017-02-21,PROV-31,SKU-1502392,PRODUCE,1833.48,5.27,9662.44,5,1660.42,0.9056,credito_30,7.28
2017-02-21,PROV-31,SKU-1503844,PRODUCE,9318.69,2.17,20221.56,5,7991.08,0.8575,credito_30,8.42
2017-02-21,PROV-31,SKU-1503847,PRODUCE,3050.22,8.42,25682.85,5,2724.37,0.8932,credito_30,7.56
2017-02-21,PROV-31,SKU-1584575,PRODUCE,2279,3.25,7406.75,7,1956.4,0.8584,credito_30,11.81
2017-02-21,PROV-31,SKU-1642399,PRODUCE,3706.68,24.92,92370.46,4,3236.35,0.8731,credito_30,6.89
2017-02-21,PROV-31,SKU-1686656,PRODUCE,2196,8.68,19061.28,6,1985.57,0.9042,credito_30,11.97
2017-02-21,PROV-31,SKU-1695835,PRODUCE,4025.89,5.86,23591.71,7,3849.23,0.9561,credito_30,8.88
2017-02-21,PROV-31,SKU-1751174,PRODUCE,2104.58,10.13,21319.4,8,2104.58,1,credito_30,6.69
2017-02-21,PROV-31,SKU-1926217,PRODUCE,2825,6.14,17345.5,7,2616.55,0.9262,credito_30,5.65
2017-02-28,PROV-01,SKU-121964,AUTOMOTIVE,33,3.38,111.54,8,29.9,0.9061,contado,1.52
2017-02-28,PROV-01,SKU-172995,AUTOMOTIVE,94,6.73,632.62,8,90.46,0.9623,contado,5.33
2017-02-28,PROV-04,SKU-1047679,BEVERAGES,5877,22.41,131703.57,5,5816.47,0.9897,credito_15,10.65
2017-02-28,PROV-04,SKU-119624,BEVERAGES,350,2.86,1001,7,333.94,0.9541,credito_15,7.65
2017-02-28,PROV-04,SKU-1430040,BEVERAGES,4242,9.67,41020.14,6,3705.49,0.8735,credito_15,8.28
2017-02-28,PROV-04,SKU-1463992,BEVERAGES,11660,20.67,241012.2,7,10519.55,0.9022,credito_15,8.32
2017-02-28,PROV-04,SKU-1463993,BEVERAGES,8345,8.61,71850.45,2,6889.72,0.8256,credito_15,9.69
2017-02-28,PROV-04,SKU-165550,BEVERAGES,466,10.86,5060.76,7,415.53,0.8917,credito_15,3.29
2017-02-28,PROV-04,SKU-165551,BEVERAGES,209,24.82,5187.38,2,194.94,0.9327,credito_15,5.98
2017-02-28,PROV-04,SKU-165553,BEVERAGES,221,2.93,647.53,3,206.82,0.9358,credito_15,1.86
2017-02-28,PROV-04,SKU-174081,BEVERAGES,308,7.23,2226.84,4,296.87,0.9639,credito_15,8.87
2017-02-28,PROV-04,SKU-2006812,BEVERAGES,3948,19.22,75880.56,4,3698.63,0.9368,credito_15,5.04
2017-02-28,PROV-04,SKU-2042941,BEVERAGES,9854,10.12,99722.48,8,9034.75,0.9169,credito_15,10.03
2017-02-28,PROV-04,SKU-2042947,BEVERAGES,9991,17.61,175941.51,6,8941.8,0.895,credito_15,3.19
2017-02-28,PROV-04,SKU-219147,BEVERAGES,422,16.82,7098.04,7,350.8,0.8313,credito_15,4.33
2017-02-28,PROV-04,SKU-219150,BEVERAGES,10,1.52,15.2,8,8.81,0.881,credito_15,7.8
2017-02-28,PROV-04,SKU-219152,BEVERAGES,248,23.63,5860.24,6,224.42,0.9049,credito_15,2.42
2017-02-28,PROV-04,SKU-257848,BEVERAGES,253,5.96,1507.88,5,203.22,0.8032,credito_15,0.96
2017-02-28,PROV-04,SKU-364738,BEVERAGES,4280,14.62,62573.6,2,3984.29,0.9309,credito_15,4
2017-02-28,PROV-04,SKU-819932,BEVERAGES,6415,20.65,132469.75,3,5713.84,0.8907,credito_15,6.63
2017-02-28,PROV-06,SKU-103665,BREAD/BAKERY,195,8.68,1692.6,5,172.48,0.8845,credito_15,1.27
2017-02-28,PROV-06,SKU-1333307,BREAD/BAKERY,2282,11.69,26676.58,5,2099.56,0.9201,credito_15,9.77
2017-02-28,PROV-06,SKU-153239,BREAD/BAKERY,808,9.2,7433.6,10,656.4,0.8124,credito_15,1.27
2017-02-28,PROV-06,SKU-153395,BREAD/BAKERY,197,14.3,2817.1,7,168.07,0.8531,credito_15,9.97
2017-02-28,PROV-06,SKU-153398,BREAD/BAKERY,220,10.58,2327.6,9,220,1,credito_15,8.01
2017-02-28,PROV-06,SKU-165718,BREAD/BAKERY,431,8.98,3870.38,8,405.72,0.9413,credito_15,7.62
2017-02-28,PROV-06,SKU-215370,BREAD/BAKERY,455,19.96,9081.8,8,382.37,0.8404,credito_15,8.45
2017-02-28,PROV-06,SKU-253103,BREAD/BAKERY,539,2.6,1401.4,4,514.68,0.9549,credito_15,6.65
2017-02-28,PROV-08,SKU-103501,CLEANING,273,9.62,2626.26,5,273,1,credito_15,8.69
2017-02-28,PROV-08,SKU-108786,CLEANING,683,4.58,3128.14,10,683,1,credito_15,3.46
2017-02-28,PROV-08,SKU-108952,CLEANING,208,10.81,2248.48,4,208,1,credito_15,6.92
2017-02-28,PROV-08,SKU-115267,CLEANING,537,1.77,950.49,6,498.75,0.9288,credito_15,11.54
2017-02-28,PROV-08,SKU-116311,CLEANING,42,17.2,722.4,5,41.67,0.9921,credito_15,0.69
2017-02-28,PROV-08,SKU-119023,CLEANING,196,24.77,4854.92,4,196,1,credito_15,8.23
2017-02-28,PROV-08,SKU-119024,CLEANING,336,6.05,2032.8,7,319.89,0.9521,credito_15,11.59
2017-02-28,PROV-08,SKU-119026,CLEANING,422,8.19,3456.18,8,372.24,0.8821,credito_15,2.94
2017-02-28,PROV-08,SKU-119187,CLEANING,254,13.85,3517.9,5,248.9,0.9799,credito_15,7.41
2017-02-28,PROV-08,SKU-119191,CLEANING,162,15.12,2449.44,4,138.86,0.8572,credito_15,0.56
2017-02-28,PROV-08,SKU-119193,CLEANING,161,13.08,2105.88,4,146.01,0.9069,credito_15,7.88
2017-02-28,PROV-08,SKU-122425,CLEANING,149,8.09,1205.41,7,127.28,0.8542,credito_15,5.18
2017-02-28,PROV-08,SKU-153078,CLEANING,220,6.87,1511.4,5,206.01,0.9364,credito_15,3.4
2017-02-28,PROV-08,SKU-158788,CLEANING,423,22.36,9458.28,7,423,1,credito_15,7.19
2017-02-28,PROV-08,SKU-158789,CLEANING,866,24.65,21346.9,6,866,1,credito_15,4.87
2017-02-28,PROV-08,SKU-158956,CLEANING,405,24.55,9942.75,7,393.96,0.9727,credito_15,11.34
2017-02-28,PROV-08,SKU-159242,CLEANING,343,2.52,864.36,7,312.48,0.911,credito_15,3.16
2017-02-28,PROV-08,SKU-164647,CLEANING,1277,18.9,24135.3,10,1103.8,0.8644,credito_15,5.65
2017-02-28,PROV-08,SKU-168927,CLEANING,778,6.22,4839.16,6,778,1,credito_15,2.36
2017-02-28,PROV-08,SKU-168930,CLEANING,705,2.51,1769.55,9,705,1,credito_15,10.16
2017-02-28,PROV-08,SKU-168931,CLEANING,240,3.83,919.2,9,235.87,0.9828,credito_15,3.65
2017-02-28,PROV-08,SKU-169101,CLEANING,48,9.59,460.32,8,43.6,0.9083,credito_15,10.19
2017-02-28,PROV-08,SKU-169104,CLEANING,10,9.36,93.6,9,9.56,0.956,credito_15,4.31
2017-02-28,PROV-08,SKU-171890,CLEANING,100,10.02,1002,5,99.09,0.9909,credito_15,0.71
2017-02-28,PROV-08,SKU-176411,CLEANING,23,16.05,369.15,5,19.09,0.83,credito_15,10.1
2017-02-28,PROV-08,SKU-208498,CLEANING,202,19.45,3928.9,10,184.75,0.9146,credito_15,6.98
2017-02-28,PROV-08,SKU-209085,CLEANING,315,4.68,1474.2,8,294.56,0.9351,credito_15,11.82
2017-02-28,PROV-08,SKU-214381,CLEANING,553,9.45,5225.85,5,529.04,0.9567,credito_15,8.83
2017-02-28,PROV-08,SKU-214859,CLEANING,220,22.21,4886.2,8,203.91,0.9269,credito_15,3.39
2017-02-28,PROV-08,SKU-214860,CLEANING,278,16.03,4456.34,6,222.9,0.8018,credito_15,9.67
2017-02-28,PROV-08,SKU-214862,CLEANING,342,4.59,1569.78,4,316.38,0.9251,credito_15,10.81
2017-02-28,PROV-08,SKU-218726,CLEANING,93,13.04,1212.72,10,93,1,credito_15,3.89
2017-02-28,PROV-08,SKU-218728,CLEANING,129,8.65,1115.85,4,115.92,0.8986,credito_15,9.61
2017-02-28,PROV-08,SKU-221506,CLEANING,357,13.87,4951.59,9,355.68,0.9963,credito_15,2.57
2017-02-28,PROV-08,SKU-224081,CLEANING,243,20.04,4869.72,8,243,1,credito_15,1.26
2017-02-28,PROV-08,SKU-226126,CLEANING,345,22.27,7683.15,9,323.86,0.9387,credito_15,8.28
2017-02-28,PROV-08,SKU-252970,CLEANING,291,8.03,2336.73,8,291,1,credito_15,1.41
2017-02-28,PROV-08,SKU-252972,CLEANING,336,4,1344,4,282.88,0.8419,credito_15,8.15
2017-02-28,PROV-08,SKU-258376,CLEANING,1099,12.72,13979.28,7,1064.27,0.9684,credito_15,9.61
2017-02-28,PROV-09,SKU-122095,DAIRY,183,6.17,1129.11,7,180.92,0.9886,contado,4.2
2017-02-28,PROV-09,SKU-123347,DAIRY,317,16.24,5148.08,7,299.04,0.9433,contado,2.47
2017-02-28,PROV-09,SKU-129635,DAIRY,933,21.54,20096.82,10,757.37,0.8118,contado,4.3
2017-02-28,PROV-09,SKU-1427659,DAIRY,3398,20.77,70576.46,11,3267.87,0.9617,contado,5.87
2017-02-28,PROV-09,SKU-158842,DAIRY,285,19.63,5594.55,10,260.61,0.9144,contado,7.14
2017-02-28,PROV-09,SKU-173113,DAIRY,82,13.89,1138.98,8,67.84,0.8273,contado,0.57
2017-02-28,PROV-10,SKU-108696,DELI,308,14.5,4466,11,304.6,0.989,credito_15,6.85
2017-02-28,PROV-10,SKU-108698,DELI,258,4.36,1124.88,9,258,1,credito_15,0.37
2017-02-28,PROV-10,SKU-108701,DELI,263,8.18,2151.34,10,263,1,credito_15,1.35
2017-02-28,PROV-10,SKU-208426,DELI,173,18.13,3136.49,6,172,0.9942,credito_15,9.7
2017-02-28,PROV-10,SKU-220613,DELI,221,5.5,1215.5,9,220.48,0.9976,credito_15,10.64
2017-02-28,PROV-11,SKU-108833,EGGS,158,13.17,2080.86,6,131.9,0.8348,credito_30,9.82
2017-02-28,PROV-11,SKU-158680,EGGS,551,15.57,8579.07,6,493.06,0.8948,credito_30,3.92
2017-02-28,PROV-11,SKU-208384,EGGS,3949,13.6,53706.4,6,3187.65,0.8072,credito_30,7.81
2017-02-28,PROV-11,SKU-208386,EGGS,453,17.06,7728.18,9,453,1,credito_30,6.32
2017-02-28,PROV-11,SKU-227111,EGGS,295,15.75,4646.25,6,225.95,0.7659,credito_30,5.65
2017-02-28,PROV-12,SKU-258411,FROZEN FOODS,278,20.23,5623.94,5,269.14,0.9681,credito_15,9.84
2017-02-28,PROV-13,SKU-103520,GROCERY I,140,24.61,3445.4,8,118.19,0.8442,credito_15,4.19
2017-02-28,PROV-13,SKU-105574,GROCERY I,436,1.76,767.36,7,424.33,0.9732,credito_15,10.52
2017-02-28,PROV-13,SKU-105576,GROCERY I,920,13.13,12079.6,12,920,1,credito_15,5.21
2017-02-28,PROV-13,SKU-105577,GROCERY I,122,8.29,1011.38,6,106.92,0.8764,credito_15,10.66
2017-02-28,PROV-13,SKU-105693,GROCERY I,123,1.51,185.73,9,122.05,0.9923,credito_15,5.73
2017-02-28,PROV-13,SKU-105737,GROCERY I,180,12.04,2167.2,7,180,1,credito_15,7.51
2017-02-28,PROV-13,SKU-105857,GROCERY I,440,22.71,9992.4,8,398.28,0.9052,credito_15,9.17
2017-02-28,PROV-13,SKU-106716,GROCERY I,544,16.92,9204.48,10,510.37,0.9382,credito_15,5.05
2017-02-28,PROV-13,SKU-108079,GROCERY I,155,24.15,3743.25,10,117.51,0.7581,credito_15,9.51
2017-02-28,PROV-13,SKU-108797,GROCERY I,533,23.15,12338.95,12,498.5,0.9353,credito_15,4.03
2017-02-28,PROV-13,SKU-108862,GROCERY I,41,17.93,735.13,9,41,1,credito_15,1.47
2017-02-28,PROV-13,SKU-111223,GROCERY I,1118,17.97,20090.46,12,1055.78,0.9443,credito_15,4.17
2017-02-28,PROV-13,SKU-112830,GROCERY I,296,10.99,3253.04,10,296,1,credito_15,1.42
2017-02-28,PROV-13,SKU-114790,GROCERY I,1137,24.29,27617.73,7,1068.5,0.9398,credito_15,6.65
2017-02-28,PROV-13,SKU-115611,GROCERY I,981,22.31,21886.11,6,981,1,credito_15,4.13
2017-02-28,PROV-13,SKU-115693,GROCERY I,195,23.46,4574.7,10,185.3,0.9503,credito_15,5.42
2017-02-28,PROV-13,SKU-115720,GROCERY I,526,21.56,11340.56,12,485.01,0.9221,credito_15,0.01
2017-02-28,PROV-13,SKU-115850,GROCERY I,1263,16.03,20245.89,6,1263,1,credito_15,11.94
2017-02-28,PROV-13,SKU-115891,GROCERY I,305,15.3,4666.5,11,298.06,0.9772,credito_15,11.14
2017-02-28,PROV-13,SKU-115892,GROCERY I,2272,10.31,23424.32,11,2091.01,0.9203,credito_15,1.29
2017-02-28,PROV-13,SKU-115893,GROCERY I,862,7.16,6171.92,10,811.38,0.9413,credito_15,5.62
2017-02-28,PROV-13,SKU-115894,GROCERY I,947,4.91,4649.77,6,922.99,0.9746,credito_15,4.29
2017-02-28,PROV-13,SKU-116017,GROCERY I,1852,5.48,10148.96,8,1852,1,credito_15,5.71
2017-02-28,PROV-13,SKU-116018,GROCERY I,516,9.79,5051.64,8,445.96,0.8643,credito_15,2.31
2017-02-28,PROV-13,SKU-116279,GROCERY I,172,7.96,1369.12,8,169.43,0.9851,credito_15,11.83
2017-02-28,PROV-13,SKU-122419,GROCERY I,216,21.05,4546.8,9,190.45,0.8817,credito_15,0.79
2017-02-28,PROV-13,SKU-123601,GROCERY I,765,20.21,15460.65,7,669.5,0.8752,credito_15,10.66
2017-02-28,PROV-13,SKU-123602,GROCERY I,165,21.56,3557.4,7,165,1,credito_15,4.51
2017-02-28,PROV-13,SKU-123927,GROCERY I,78,12.89,1005.42,8,74.99,0.9614,credito_15,1.78
2017-02-28,PROV-13,SKU-125430,GROCERY I,922,5.35,4932.7,8,922,1,credito_15,11.1
2017-02-28,PROV-13,SKU-127534,GROCERY I,198,9.78,1936.44,7,198,1,credito_15,1.96
2017-02-28,PROV-13,SKU-129296,GROCERY I,414,17.27,7149.78,8,358.93,0.867,credito_15,5.98
2017-02-28,PROV-13,SKU-129297,GROCERY I,271,6.14,1663.94,9,265.45,0.9795,credito_15,0.68
2017-02-28,PROV-13,SKU-129759,GROCERY I,136,20.22,2749.92,7,136,1,credito_15,9.17
2017-02-28,PROV-13,SKU-153267,GROCERY I,1641,14.59,23942.19,8,1423.66,0.8676,credito_15,4.1
2017-02-28,PROV-13,SKU-155500,GROCERY I,1570,5.43,8525.1,12,1443.96,0.9197,credito_15,1.26
2017-02-28,PROV-13,SKU-155600,GROCERY I,124,13.97,1732.28,8,112.1,0.904,credito_15,11.42
2017-02-28,PROV-13,SKU-155601,GROCERY I,114,17.53,1998.42,6,100.08,0.8779,credito_15,9.96
2017-02-28,PROV-13,SKU-155607,GROCERY I,84,13.99,1175.16,9,84,1,credito_15,2.31
2017-02-28,PROV-13,SKU-155621,GROCERY I,162,15.2,2462.4,9,141.89,0.8759,credito_15,0.65
2017-02-28,PROV-13,SKU-155625,GROCERY I,162,20.43,3309.66,7,162,1,credito_15,7.65
2017-02-28,PROV-13,SKU-157956,GROCERY I,154,22.53,3469.62,7,140.73,0.9138,credito_15,9.68
2017-02-28,PROV-13,SKU-158875,GROCERY I,159,10.06,1599.54,6,158.56,0.9972,credito_15,0.02
2017-02-28,PROV-13,SKU-162066,GROCERY I,740,22.92,16960.8,12,688.97,0.931,credito_15,10.68
2017-02-28,PROV-13,SKU-164036,GROCERY I,446,10.4,4638.4,12,412.21,0.9242,credito_15,11.11
2017-02-28,PROV-13,SKU-164037,GROCERY I,351,20.02,7027.02,11,351,1,credito_15,8.62
2017-02-28,PROV-13,SKU-165594,GROCERY I,901,15.04,13551.04,6,832.18,0.9236,credito_15,5.83
2017-02-28,PROV-13,SKU-165693,GROCERY I,678,4.38,2969.64,7,619.59,0.9138,credito_15,0.75
2017-02-28,PROV-13,SKU-165704,GROCERY I,1259,24.86,31298.74,8,1134.06,0.9008,credito_15,8.69
2017-02-28,PROV-13,SKU-165705,GROCERY I,220,12.35,2717,8,197.81,0.8991,credito_15,9.51
2017-02-28,PROV-13,SKU-165727,GROCERY I,313,21.7,6792.1,8,310.04,0.9905,credito_15,4.98
2017-02-28,PROV-13,SKU-165988,GROCERY I,785,24.95,19585.75,7,765.35,0.975,credito_15,9.69
2017-02-28,PROV-13,SKU-169028,GROCERY I,241,3.63,874.83,8,216.39,0.8979,credito_15,0.37
2017-02-28,PROV-13,SKU-170791,GROCERY I,924,7.87,7271.88,6,838.26,0.9072,credito_15,4.61
2017-02-28,PROV-13,SKU-172184,GROCERY I,338,15.9,5374.2,8,295.14,0.8732,credito_15,9.62
2017-02-28,PROV-13,SKU-172343,GROCERY I,402,22.32,8972.64,9,382.78,0.9522,credito_15,6.56
2017-02-28,PROV-13,SKU-173111,GROCERY I,393,18.85,7408.05,6,370.23,0.9421,credito_15,11.89
2017-02-28,PROV-13,SKU-179564,GROCERY I,43,7.98,343.14,9,42.07,0.9784,credito_15,7.45
2017-02-28,PROV-13,SKU-205381,GROCERY I,157,10.63,1668.91,6,157,1,credito_15,5.53
2017-02-28,PROV-13,SKU-205387,GROCERY I,539,24.72,13324.08,8,469.33,0.8707,credito_15,8.55
2017-02-28,PROV-13,SKU-205557,GROCERY I,101,8.19,827.19,9,101,1,credito_15,8.16
2017-02-28,PROV-13,SKU-207857,GROCERY I,308,8.15,2510.2,8,297.69,0.9665,credito_15,0.78
2017-02-28,PROV-13,SKU-208514,GROCERY I,501,23.73,11888.73,11,501,1,credito_15,6.96
2017-02-28,PROV-13,SKU-208659,GROCERY I,652,19.11,12459.72,10,543.4,0.8334,credito_15,5.12
2017-02-28,PROV-13,SKU-208699,GROCERY I,181,6.33,1145.73,8,158.42,0.8752,credito_15,9.02
2017-02-28,PROV-13,SKU-210798,GROCERY I,335,22.64,7584.4,8,293.5,0.8761,credito_15,9.54
2017-02-28,PROV-13,SKU-211203,GROCERY I,1048,20.69,21683.12,11,1021.98,0.9752,credito_15,8.7
2017-02-28,PROV-13,SKU-211206,GROCERY I,1019,12.84,13083.96,10,930.7,0.9133,credito_15,4.3
2017-02-28,PROV-13,SKU-211999,GROCERY I,129,22,2838,6,116.44,0.9026,credito_15,0.75
2017-02-28,PROV-13,SKU-212550,GROCERY I,218,11.44,2493.92,6,218,1,credito_15,5.17
2017-02-28,PROV-13,SKU-212552,GROCERY I,320,17.57,5622.4,8,320,1,credito_15,0.47
2017-02-28,PROV-13,SKU-213066,GROCERY I,341,21.09,7191.69,8,280.59,0.8228,credito_15,7.3
2017-02-28,PROV-13,SKU-213652,GROCERY I,592,10.28,6085.76,6,541.65,0.9149,credito_15,1.62
2017-02-28,PROV-13,SKU-213653,GROCERY I,371,22.82,8466.22,7,333.97,0.9002,credito_15,7.03
2017-02-28,PROV-13,SKU-213788,GROCERY I,368,15.73,5788.64,6,349.61,0.95,credito_15,11.41
2017-02-28,PROV-13,SKU-215303,GROCERY I,304,22.99,6988.96,12,300.43,0.9883,credito_15,1.73
2017-02-28,PROV-13,SKU-215304,GROCERY I,244,20.98,5119.12,10,232.44,0.9526,credito_15,0.46
2017-02-28,PROV-13,SKU-215327,GROCERY I,730,4.39,3204.7,10,686.88,0.9409,credito_15,11.74
2017-02-28,PROV-13,SKU-215331,GROCERY I,1258,20.73,26078.34,9,1258,1,credito_15,0.29
2017-02-28,PROV-13,SKU-215352,GROCERY I,2872,19.77,56779.44,8,2753.73,0.9588,credito_15,0.19
2017-02-28,PROV-13,SKU-215356,GROCERY I,213,7.24,1542.12,7,213,1,credito_15,3.19
2017-02-28,PROV-13,SKU-215896,GROCERY I,835,13.91,11614.85,12,835,1,credito_15,7.71
2017-02-28,PROV-13,SKU-217827,GROCERY I,261,2.53,660.33,10,230.74,0.8841,credito_15,2.77
2017-02-28,PROV-13,SKU-220432,GROCERY I,616,17.17,10576.72,10,573.92,0.9317,credito_15,4.63
2017-02-28,PROV-13,SKU-222879,GROCERY I,1615,8.88,14341.2,8,1461.17,0.9047,credito_15,2.65
2017-02-28,PROV-13,SKU-222975,GROCERY I,776,16.35,12687.6,9,776,1,credito_15,1.16
2017-02-28,PROV-13,SKU-223068,GROCERY I,125,17.11,2138.75,6,107.56,0.8605,credito_15,7.04
2017-02-28,PROV-13,SKU-223136,GROCERY I,1657,15.36,25451.52,7,1399.99,0.8449,credito_15,6.68
2017-02-28,PROV-13,SKU-223434,GROCERY I,687,11.22,7708.14,10,623.89,0.9081,credito_15,4.5
2017-02-28,PROV-13,SKU-223463,GROCERY I,277,15.36,4254.72,8,270.91,0.978,credito_15,1.2
2017-02-28,PROV-13,SKU-229368,GROCERY I,204,19.18,3912.72,9,190.22,0.9325,credito_15,4.44
2017-02-28,PROV-13,SKU-255161,GROCERY I,176,17.46,3072.96,7,156.8,0.8909,credito_15,11.28
2017-02-28,PROV-13,SKU-255198,GROCERY I,372,8.35,3106.2,9,340.15,0.9144,credito_15,4.74
2017-02-28,PROV-13,SKU-255202,GROCERY I,228,8.12,1851.36,10,226.4,0.993,credito_15,7.57
2017-02-28,PROV-13,SKU-258395,GROCERY I,148,7.79,1152.92,10,148,1,credito_15,4.92
2017-02-28,PROV-13,SKU-258396,GROCERY I,922,16.42,15139.24,6,922,1,credito_15,0.78
2017-02-28,PROV-13,SKU-314384,GROCERY I,3399,4.03,13697.97,6,3351.92,0.9861,credito_15,6.66
2017-02-28,PROV-13,SKU-364606,GROCERY I,3757,22.34,83931.38,9,3757,1,credito_15,3.71
2017-02-28,PROV-14,SKU-167437,GROCERY II,276,21.71,5991.96,5,250.94,0.9092,credito_30,10.63
2017-02-28,PROV-14,SKU-210520,GROCERY II,10,21.47,214.7,9,9.75,0.975,credito_30,6.79
2017-02-28,PROV-18,SKU-250782,HOME APPLIANCES,68,22.99,1563.32,7,63.42,0.9326,contado,7.75
2017-02-28,PROV-22,SKU-115847,LINGERIE,41,24.3,996.3,7,38.89,0.9485,contado,3.39
2017-02-28,PROV-22,SKU-177050,LINGERIE,24,19.6,470.4,11,21.82,0.9092,contado,7.94
2017-02-28,PROV-22,SKU-215468,LINGERIE,66,5.11,337.26,9,55.6,0.8424,contado,7.72
2017-02-28,PROV-25,SKU-205209,MEATS,204.04,3.26,665.17,8,182.99,0.8968,credito_30,1.36
2017-02-28,PROV-26,SKU-114799,PERSONAL CARE,254,11.47,2913.38,4,241.5,0.9508,contado,10.15
2017-02-28,PROV-26,SKU-114800,PERSONAL CARE,300,21.01,6303,5,270.46,0.9015,contado,0.3
2017-02-28,PROV-29,SKU-108831,POULTRY,480.07,13.2,6336.92,8,450.42,0.9382,credito_15,3.37
2017-02-28,PROV-29,SKU-159156,POULTRY,2705.53,24.7,66826.59,2,2418.6,0.8939,credito_15,11.37
2017-02-28,PROV-29,SKU-208539,POULTRY,202.27,9.37,1895.27,3,187.56,0.9273,credito_15,5.37
2017-02-28,PROV-31,SKU-1473410,PRODUCE,3987.61,20.04,79911.71,9,3549.44,0.8901,credito_30,7.81
2017-02-28,PROV-31,SKU-1473474,PRODUCE,10151.88,10.26,104158.29,5,9599.14,0.9456,credito_30,7.85
2017-02-28,PROV-31,SKU-1502392,PRODUCE,2685.99,5.27,14155.17,9,2501,0.9311,credito_30,7.28
2017-02-28,PROV-31,SKU-1503844,PRODUCE,10705.6,2.17,23231.15,6,9140.11,0.8538,credito_30,8.42
2017-02-28,PROV-31,SKU-1503847,PRODUCE,3912.4,8.42,32942.41,8,3633.76,0.9288,credito_30,7.56
2017-02-28,PROV-31,SKU-1584575,PRODUCE,4145,3.25,13471.25,4,3496.63,0.8436,credito_30,11.81
2017-02-28,PROV-31,SKU-1642399,PRODUCE,4283.45,24.92,106743.58,5,4173.05,0.9742,credito_30,6.89
2017-02-28,PROV-31,SKU-1686656,PRODUCE,3147,8.68,27315.96,5,2612.89,0.8303,credito_30,11.97
2017-02-28,PROV-31,SKU-1695835,PRODUCE,5336.03,5.86,31269.13,8,4955.39,0.9287,credito_30,8.88
2017-02-28,PROV-31,SKU-1751174,PRODUCE,3298.64,10.13,33415.22,5,2972.77,0.9012,credito_30,6.69
2017-02-28,PROV-31,SKU-1926217,PRODUCE,3489,6.14,21422.46,9,3099.1,0.8882,credito_30,5.65
2017-02-28,PROV-33,SKU-252698,SEAFOOD,259.39,7.5,1945.43,8,252.58,0.9737,contado,11.52
2017-03-07,PROV-01,SKU-121964,AUTOMOTIVE,19,3.38,64.22,6,18.07,0.9511,contado,1.52
2017-03-07,PROV-01,SKU-172995,AUTOMOTIVE,104,6.73,699.92,7,98.18,0.944,contado,5.33
2017-03-07,PROV-04,SKU-1047679,BEVERAGES,6438,22.41,144275.58,7,5443.32,0.8455,credito_15,10.65
2017-03-07,PROV-04,SKU-119624,BEVERAGES,312,2.86,892.32,7,291.91,0.9356,credito_15,7.65
2017-03-07,PROV-04,SKU-1430040,BEVERAGES,3942,9.67,38119.14,7,3898.82,0.989,credito_15,8.28
2017-03-07,PROV-04,SKU-1463992,BEVERAGES,9407,20.67,194442.69,5,8429.86,0.8961,credito_15,8.32
2017-03-07,PROV-04,SKU-1463993,BEVERAGES,7003,8.61,60295.83,6,6751.8,0.9641,credito_15,9.69
2017-03-07,PROV-04,SKU-165550,BEVERAGES,462,10.86,5017.32,5,425.62,0.9213,credito_15,3.29
2017-03-07,PROV-04,SKU-165551,BEVERAGES,169,24.82,4194.58,3,154.01,0.9113,credito_15,5.98
2017-03-07,PROV-04,SKU-165553,BEVERAGES,227,2.93,665.11,6,191.89,0.8453,credito_15,1.86
2017-03-07,PROV-04,SKU-174081,BEVERAGES,244,7.23,1764.12,8,229.56,0.9408,credito_15,8.87
2017-03-07,PROV-04,SKU-2006812,BEVERAGES,3939,19.22,75707.58,3,3752.03,0.9525,credito_15,5.04
2017-03-07,PROV-04,SKU-2042941,BEVERAGES,8280,10.12,83793.6,4,8280,1,credito_15,10.03
2017-03-07,PROV-04,SKU-2042947,BEVERAGES,8161,17.61,143715.21,2,7788.84,0.9544,credito_15,3.19
2017-03-07,PROV-04,SKU-219147,BEVERAGES,358,16.82,6021.56,8,348.3,0.9729,credito_15,4.33
2017-03-07,PROV-04,SKU-219150,BEVERAGES,2,1.52,3.04,6,1.81,0.905,credito_15,7.8
2017-03-07,PROV-04,SKU-219152,BEVERAGES,262,23.63,6191.06,6,226.32,0.8638,credito_15,2.42
2017-03-07,PROV-04,SKU-257848,BEVERAGES,226,5.96,1346.96,6,215.36,0.9529,credito_15,0.96
2017-03-07,PROV-04,SKU-364738,BEVERAGES,3549,14.62,51886.38,2,3253.91,0.9169,credito_15,4
2017-03-07,PROV-04,SKU-819932,BEVERAGES,6929,20.65,143083.85,6,5643.23,0.8144,credito_15,6.63
2017-03-07,PROV-06,SKU-103665,BREAD/BAKERY,140,8.68,1215.2,10,140,1,credito_15,1.27
2017-03-07,PROV-06,SKU-1333307,BREAD/BAKERY,2194,11.69,25647.86,8,1712.18,0.7804,credito_15,9.77
2017-03-07,PROV-06,SKU-153239,BREAD/BAKERY,374,9.2,3440.8,5,374,1,credito_15,1.27
2017-03-07,PROV-06,SKU-153395,BREAD/BAKERY,120,14.3,1716,10,120,1,credito_15,9.97
2017-03-07,PROV-06,SKU-153398,BREAD/BAKERY,175,10.58,1851.5,7,158.88,0.9079,credito_15,8.01
2017-03-07,PROV-06,SKU-165718,BREAD/BAKERY,1369,8.98,12293.62,9,1227.27,0.8965,credito_15,7.62
2017-03-07,PROV-06,SKU-215370,BREAD/BAKERY,417,19.96,8323.32,9,318.93,0.7648,credito_15,8.45
2017-03-07,PROV-06,SKU-253103,BREAD/BAKERY,192,2.6,499.2,10,170.76,0.8894,credito_15,6.65
2017-03-07,PROV-08,SKU-103501,CLEANING,181,9.62,1741.22,5,181,1,credito_15,8.69
2017-03-07,PROV-08,SKU-108786,CLEANING,469,4.58,2148.02,10,449.83,0.9591,credito_15,3.46
2017-03-07,PROV-08,SKU-108952,CLEANING,174,10.81,1880.94,9,170.9,0.9822,credito_15,6.92
2017-03-07,PROV-08,SKU-115267,CLEANING,365,1.77,646.05,8,305.35,0.8366,credito_15,11.54
2017-03-07,PROV-08,SKU-116311,CLEANING,32,17.2,550.4,9,29.11,0.9097,credito_15,0.69
2017-03-07,PROV-08,SKU-119023,CLEANING,109,24.77,2699.93,5,92.77,0.8511,credito_15,8.23
2017-03-07,PROV-08,SKU-119024,CLEANING,290,6.05,1754.5,9,274.61,0.9469,credito_15,11.59
2017-03-07,PROV-08,SKU-119026,CLEANING,481,8.19,3939.39,8,436.4,0.9073,credito_15,2.94
2017-03-07,PROV-08,SKU-119187,CLEANING,188,13.85,2603.8,6,175.99,0.9361,credito_15,7.41
2017-03-07,PROV-08,SKU-119191,CLEANING,121,15.12,1829.52,4,113.61,0.9389,credito_15,0.56
2017-03-07,PROV-08,SKU-119193,CLEANING,127,13.08,1661.16,5,127,1,credito_15,7.88
2017-03-07,PROV-08,SKU-122425,CLEANING,112,8.09,906.08,6,112,1,credito_15,5.18
2017-03-07,PROV-08,SKU-153078,CLEANING,210,6.87,1442.7,8,210,1,credito_15,3.4
2017-03-07,PROV-08,SKU-158788,CLEANING,355,22.36,7937.8,5,315.72,0.8894,credito_15,7.19
2017-03-07,PROV-08,SKU-158789,CLEANING,712,24.65,17550.8,10,652.67,0.9167,credito_15,4.87
2017-03-07,PROV-08,SKU-158956,CLEANING,300,24.55,7365,10,300,1,credito_15,11.34
2017-03-07,PROV-08,SKU-159242,CLEANING,290,2.52,730.8,6,290,1,credito_15,3.16
2017-03-07,PROV-08,SKU-164647,CLEANING,946,18.9,17879.4,5,798.55,0.8441,credito_15,5.65
2017-03-07,PROV-08,SKU-168927,CLEANING,612,6.22,3806.64,6,555.95,0.9084,credito_15,2.36
2017-03-07,PROV-08,SKU-168930,CLEANING,586,2.51,1470.86,9,530.92,0.906,credito_15,10.16
2017-03-07,PROV-08,SKU-168931,CLEANING,259,3.83,991.97,8,258.07,0.9964,credito_15,3.65
2017-03-07,PROV-08,SKU-169101,CLEANING,46,9.59,441.14,6,46,1,credito_15,10.19
2017-03-07,PROV-08,SKU-169104,CLEANING,16,9.36,149.76,8,16,1,credito_15,4.31
2017-03-07,PROV-08,SKU-171890,CLEANING,120,10.02,1202.4,5,112.67,0.9389,credito_15,0.71
2017-03-07,PROV-08,SKU-176411,CLEANING,17,16.05,272.85,8,15.42,0.9071,credito_15,10.1
2017-03-07,PROV-08,SKU-208498,CLEANING,161,19.45,3131.45,8,133.82,0.8312,credito_15,6.98
2017-03-07,PROV-08,SKU-209085,CLEANING,250,4.68,1170,7,246.95,0.9878,credito_15,11.82
2017-03-07,PROV-08,SKU-214381,CLEANING,403,9.45,3808.35,8,403,1,credito_15,8.83
2017-03-07,PROV-08,SKU-214859,CLEANING,179,22.21,3975.59,8,167.08,0.9334,credito_15,3.39
2017-03-07,PROV-08,SKU-214860,CLEANING,207,16.03,3318.21,6,197.43,0.9538,credito_15,9.67
2017-03-07,PROV-08,SKU-214862,CLEANING,229,4.59,1051.11,8,205.72,0.8983,credito_15,10.81
2017-03-07,PROV-08,SKU-218726,CLEANING,79,13.04,1030.16,9,76.25,0.9652,credito_15,3.89
2017-03-07,PROV-08,SKU-218728,CLEANING,140,8.65,1211,4,130.94,0.9353,credito_15,9.61
2017-03-07,PROV-08,SKU-221506,CLEANING,230,13.87,3190.1,5,230,1,credito_15,2.57
2017-03-07,PROV-08,SKU-224081,CLEANING,154,20.04,3086.16,10,138.81,0.9014,credito_15,1.26
2017-03-07,PROV-08,SKU-226126,CLEANING,261,22.27,5812.47,4,249.88,0.9574,credito_15,8.28
2017-03-07,PROV-08,SKU-252970,CLEANING,209,8.03,1678.27,5,209,1,credito_15,1.41
2017-03-07,PROV-08,SKU-252972,CLEANING,267,4,1068,8,261.66,0.98,credito_15,8.15
2017-03-07,PROV-08,SKU-258376,CLEANING,728,12.72,9260.16,4,662.2,0.9096,credito_15,9.61
2017-03-07,PROV-09,SKU-122095,DAIRY,155,6.17,956.35,7,139.52,0.9001,contado,4.2
2017-03-07,PROV-09,SKU-123347,DAIRY,243,16.24,3946.32,9,238.83,0.9828,contado,2.47
2017-03-07,PROV-09,SKU-129635,DAIRY,819,21.54,17641.26,10,752.23,0.9185,contado,4.3
2017-03-07,PROV-09,SKU-1427659,DAIRY,2664,20.77,55331.28,8,2310.17,0.8672,contado,5.87
2017-03-07,PROV-09,SKU-158842,DAIRY,237,19.63,4652.31,8,224.03,0.9453,contado,7.14
2017-03-07,PROV-09,SKU-164088,DAIRY,305,6.09,1857.45,9,234.73,0.7696,contado,0.61
2017-03-07,PROV-09,SKU-173113,DAIRY,66,13.89,916.74,8,64.26,0.9736,contado,0.57
2017-03-07,PROV-09,SKU-179615,DAIRY,503,23.7,11921.1,9,424.43,0.8438,contado,11.16
2017-03-07,PROV-10,SKU-108696,DELI,272,14.5,3944,7,264.83,0.9736,credito_15,6.85
2017-03-07,PROV-10,SKU-108701,DELI,155,8.18,1267.9,8,155,1,credito_15,1.35
2017-03-07,PROV-10,SKU-208426,DELI,151,18.13,2737.63,10,151,1,credito_15,9.7
2017-03-07,PROV-10,SKU-220613,DELI,171,5.5,940.5,5,156.42,0.9147,credito_15,10.64
2017-03-07,PROV-11,SKU-108833,EGGS,91,13.17,1198.47,9,70.45,0.7742,credito_30,9.82
2017-03-07,PROV-11,SKU-127547,EGGS,265,21.95,5816.75,12,252.12,0.9514,credito_30,10.18
2017-03-07,PROV-11,SKU-158680,EGGS,524,15.57,8158.68,7,524,1,credito_30,3.92
2017-03-07,PROV-11,SKU-208384,EGGS,2078,13.6,28260.8,9,1734.38,0.8346,credito_30,7.81
2017-03-07,PROV-11,SKU-208386,EGGS,400,17.06,6824,8,353.36,0.8834,credito_30,6.32
2017-03-07,PROV-11,SKU-227111,EGGS,273,15.75,4299.75,9,214.49,0.7857,credito_30,5.65
2017-03-07,PROV-11,SKU-258268,EGGS,349,3.54,1235.46,8,270.74,0.7758,credito_30,0.73
2017-03-07,PROV-12,SKU-258411,FROZEN FOODS,195,20.23,3944.85,3,182.49,0.9358,credito_15,9.84
2017-03-07,PROV-13,SKU-103520,GROCERY I,176,24.61,4331.36,10,159.9,0.9085,credito_15,4.19
2017-03-07,PROV-13,SKU-105574,GROCERY I,371,1.76,652.96,10,312.51,0.8423,credito_15,10.52
2017-03-07,PROV-13,SKU-105575,GROCERY I,834,20.25,16888.5,9,771.53,0.9251,credito_15,5.98
2017-03-07,PROV-13,SKU-105576,GROCERY I,642,13.13,8429.46,9,604.8,0.9421,credito_15,5.21
2017-03-07,PROV-13,SKU-105577,GROCERY I,119,8.29,986.51,8,119,1,credito_15,10.66
2017-03-07,PROV-13,SKU-105693,GROCERY I,65,1.51,98.15,10,65,1,credito_15,5.73
2017-03-07,PROV-13,SKU-105857,GROCERY I,363,22.71,8243.73,10,363,1,credito_15,9.17
2017-03-07,PROV-13,SKU-106716,GROCERY I,360,16.92,6091.2,10,320.07,0.8891,credito_15,5.05
2017-03-07,PROV-13,SKU-108079,GROCERY I,151,24.15,3646.65,11,136.62,0.9048,credito_15,9.51
2017-03-07,PROV-13,SKU-108797,GROCERY I,411,23.15,9514.65,6,411,1,credito_15,4.03
2017-03-07,PROV-13,SKU-108862,GROCERY I,90,17.93,1613.7,10,89.66,0.9962,credito_15,1.47
2017-03-07,PROV-13,SKU-111223,GROCERY I,930,17.97,16712.1,7,848.83,0.9127,credito_15,4.17
2017-03-07,PROV-13,SKU-111397,GROCERY I,206,10.24,2109.44,11,206,1,credito_15,2.23
2017-03-07,PROV-13,SKU-112830,GROCERY I,205,10.99,2252.95,7,192,0.9366,credito_15,1.42
2017-03-07,PROV-13,SKU-114790,GROCERY I,774,24.29,18800.46,8,774,1,credito_15,6.65
2017-03-07,PROV-13,SKU-115611,GROCERY I,892,22.31,19900.52,9,728.68,0.8169,credito_15,4.13
2017-03-07,PROV-13,SKU-115693,GROCERY I,193,23.46,4527.78,6,189.69,0.9828,credito_15,5.42
2017-03-07,PROV-13,SKU-115720,GROCERY I,477,21.56,10284.12,8,477,1,credito_15,0.01
2017-03-07,PROV-13,SKU-115850,GROCERY I,932,16.03,14939.96,6,872.28,0.9359,credito_15,11.94
2017-03-07,PROV-13,SKU-115891,GROCERY I,308,15.3,4712.4,12,286.25,0.9294,credito_15,11.14
2017-03-07,PROV-13,SKU-115892,GROCERY I,1440,10.31,14846.4,7,1285.59,0.8928,credito_15,1.29
2017-03-07,PROV-13,SKU-115893,GROCERY I,701,7.16,5019.16,12,632.71,0.9026,credito_15,5.62
2017-03-07,PROV-13,SKU-116017,GROCERY I,1092,5.48,5984.16,9,1092,1,credito_15,5.71
2017-03-07,PROV-13,SKU-116018,GROCERY I,445,9.79,4356.55,9,445,1,credito_15,2.31
2017-03-07,PROV-13,SKU-122419,GROCERY I,156,21.05,3283.8,6,140.47,0.9004,credito_15,0.79
2017-03-07,PROV-13,SKU-123601,GROCERY I,918,20.21,18552.78,8,857.37,0.934,credito_15,10.66
2017-03-07,PROV-13,SKU-123602,GROCERY I,294,21.56,6338.64,7,294,1,credito_15,4.51
2017-03-07,PROV-13,SKU-125430,GROCERY I,767,5.35,4103.45,7,711.14,0.9272,credito_15,11.1
2017-03-07,PROV-13,SKU-127534,GROCERY I,162,9.78,1584.36,6,162,1,credito_15,1.96
2017-03-07,PROV-13,SKU-129296,GROCERY I,250,17.27,4317.5,6,250,1,credito_15,5.98
2017-03-07,PROV-13,SKU-129297,GROCERY I,267,6.14,1639.38,11,267,1,credito_15,0.68
2017-03-07,PROV-13,SKU-129759,GROCERY I,116,20.22,2345.52,10,115.66,0.9971,credito_15,9.17
2017-03-07,PROV-13,SKU-153267,GROCERY I,624,14.59,9104.16,6,581.87,0.9325,credito_15,4.1
2017-03-07,PROV-13,SKU-155499,GROCERY I,295,11.6,3422,9,295,1,credito_15,7.31
2017-03-07,PROV-13,SKU-155500,GROCERY I,1218,5.43,6613.74,8,1213.17,0.996,credito_15,1.26
2017-03-07,PROV-13,SKU-155600,GROCERY I,123,13.97,1718.31,12,113.21,0.9204,credito_15,11.42
2017-03-07,PROV-13,SKU-155601,GROCERY I,79,17.53,1384.87,8,69.19,0.8758,credito_15,9.96
2017-03-07,PROV-13,SKU-155607,GROCERY I,82,13.99,1147.18,6,75.47,0.9204,credito_15,2.31
2017-03-07,PROV-13,SKU-155610,GROCERY I,160,1.62,259.2,6,139.09,0.8693,credito_15,9.27
2017-03-07,PROV-13,SKU-155621,GROCERY I,156,15.2,2371.2,7,139.18,0.8922,credito_15,0.65
2017-03-07,PROV-13,SKU-155625,GROCERY I,140,20.43,2860.2,7,127.72,0.9123,credito_15,7.65
2017-03-07,PROV-13,SKU-158875,GROCERY I,125,10.06,1257.5,8,125,1,credito_15,0.02
2017-03-07,PROV-13,SKU-162066,GROCERY I,583,22.92,13362.36,8,549.65,0.9428,credito_15,10.68
2017-03-07,PROV-13,SKU-164036,GROCERY I,322,10.4,3348.8,9,303.99,0.9441,credito_15,11.11
2017-03-07,PROV-13,SKU-164037,GROCERY I,499,20.02,9989.98,8,446.83,0.8955,credito_15,8.62
2017-03-07,PROV-13,SKU-165594,GROCERY I,746,15.04,11219.84,9,709.36,0.9509,credito_15,5.83
2017-03-07,PROV-13,SKU-165693,GROCERY I,575,4.38,2518.5,10,511.96,0.8904,credito_15,0.75
2017-03-07,PROV-13,SKU-165704,GROCERY I,971,24.86,24139.06,11,950.33,0.9787,credito_15,8.69
2017-03-07,PROV-13,SKU-165705,GROCERY I,201,12.35,2482.35,12,185.68,0.9238,credito_15,9.51
2017-03-07,PROV-13,SKU-165727,GROCERY I,300,21.7,6510,8,299.29,0.9976,credito_15,4.98
2017-03-07,PROV-13,SKU-165988,GROCERY I,572,24.95,14271.4,6,572,1,credito_15,9.69
2017-03-07,PROV-13,SKU-168989,GROCERY I,449,5.77,2590.73,8,391.49,0.8719,credito_15,2.11
2017-03-07,PROV-13,SKU-169028,GROCERY I,203,3.63,736.89,11,181.14,0.8923,credito_15,0.37
2017-03-07,PROV-13,SKU-170791,GROCERY I,578,7.87,4548.86,11,557.66,0.9648,credito_15,4.61
2017-03-07,PROV-13,SKU-172184,GROCERY I,279,15.9,4436.1,6,243.74,0.8736,credito_15,9.62
2017-03-07,PROV-13,SKU-172343,GROCERY I,710,22.32,15847.2,8,647.62,0.9121,credito_15,6.56
2017-03-07,PROV-13,SKU-173111,GROCERY I,373,18.85,7031.05,11,342.33,0.9178,credito_15,11.89
2017-03-07,PROV-13,SKU-177395,GROCERY I,389,18.86,7336.54,8,389,1,credito_15,5.91
2017-03-07,PROV-13,SKU-179274,GROCERY I,492,4.25,2091,10,492,1,credito_15,3
2017-03-07,PROV-13,SKU-179564,GROCERY I,40,7.98,319.2,7,39.91,0.9978,credito_15,7.45
2017-03-07,PROV-13,SKU-179579,GROCERY I,110,16.68,1834.8,10,93.15,0.8468,credito_15,11.68
2017-03-07,PROV-13,SKU-205381,GROCERY I,59,10.63,627.17,8,59,1,credito_15,5.53
2017-03-07,PROV-13,SKU-205387,GROCERY I,353,24.72,8726.16,10,350.78,0.9937,credito_15,8.55
2017-03-07,PROV-13,SKU-205557,GROCERY I,113,8.19,925.47,6,107.55,0.9518,credito_15,8.16
2017-03-07,PROV-13,SKU-207857,GROCERY I,293,8.15,2387.95,10,293,1,credito_15,0.78
2017-03-07,PROV-13,SKU-208514,GROCERY I,326,23.73,7735.98,10,292.07,0.8959,credito_15,6.96
2017-03-07,PROV-13,SKU-208659,GROCERY I,145,19.11,2770.95,8,128.04,0.883,credito_15,5.12
2017-03-07,PROV-13,SKU-210798,GROCERY I,328,22.64,7425.92,10,328,1,credito_15,9.54
2017-03-07,PROV-13,SKU-211203,GROCERY I,784,20.69,16220.96,7,733.25,0.9353,credito_15,8.7
2017-03-07,PROV-13,SKU-211206,GROCERY I,378,12.84,4853.52,10,375.21,0.9926,credito_15,4.3
2017-03-07,PROV-13,SKU-211999,GROCERY I,106,22,2332,7,102.07,0.9629,credito_15,0.75
2017-03-07,PROV-13,SKU-212552,GROCERY I,214,17.57,3759.98,6,184.5,0.8621,credito_15,0.47
2017-03-07,PROV-13,SKU-213066,GROCERY I,304,21.09,6411.36,10,287.53,0.9458,credito_15,7.3
2017-03-07,PROV-13,SKU-213652,GROCERY I,625,10.28,6425,12,591.58,0.9465,credito_15,1.62
2017-03-07,PROV-13,SKU-213653,GROCERY I,197,22.82,4495.54,8,197,1,credito_15,7.03
2017-03-07,PROV-13,SKU-213788,GROCERY I,307,15.73,4829.11,11,290.75,0.9471,credito_15,11.41
2017-03-07,PROV-13,SKU-215303,GROCERY I,239,22.99,5494.61,8,221.71,0.9277,credito_15,1.73
2017-03-07,PROV-13,SKU-215304,GROCERY I,160,20.98,3356.8,8,160,1,credito_15,0.46
2017-03-07,PROV-13,SKU-215327,GROCERY I,727,4.39,3191.53,8,705.73,0.9707,credito_15,11.74
2017-03-07,PROV-13,SKU-215332,GROCERY I,596,18.14,10811.44,8,528.81,0.8873,credito_15,7.61
2017-03-07,PROV-13,SKU-215356,GROCERY I,185,7.24,1339.4,9,172.78,0.9339,credito_15,3.19
2017-03-07,PROV-13,SKU-215896,GROCERY I,619,13.91,8610.29,7,594.34,0.9602,credito_15,7.71
2017-03-07,PROV-13,SKU-217827,GROCERY I,171,2.53,432.63,8,165.67,0.9688,credito_15,2.77
2017-03-07,PROV-13,SKU-220432,GROCERY I,604,17.17,10370.68,11,604,1,credito_15,4.63
2017-03-07,PROV-13,SKU-220435,GROCERY I,1657,21.06,34896.42,8,1657,1,credito_15,11.82
2017-03-07,PROV-13,SKU-222879,GROCERY I,1260,8.88,11188.8,12,1154.62,0.9164,credito_15,2.65
2017-03-07,PROV-13,SKU-223136,GROCERY I,1484,15.36,22794.24,12,1369.1,0.9226,credito_15,6.68
2017-03-07,PROV-13,SKU-223434,GROCERY I,438,11.22,4914.36,9,354.48,0.8093,credito_15,4.5
2017-03-07,PROV-13,SKU-229368,GROCERY I,203,19.18,3893.54,7,189.99,0.9359,credito_15,4.44
2017-03-07,PROV-13,SKU-253145,GROCERY I,541,5.87,3175.67,8,540.64,0.9993,credito_15,10.33
2017-03-07,PROV-13,SKU-255161,GROCERY I,61,17.46,1065.06,9,57.1,0.9361,credito_15,11.28
2017-03-07,PROV-13,SKU-255202,GROCERY I,218,8.12,1770.16,6,194.98,0.8944,credito_15,7.57
2017-03-07,PROV-13,SKU-258395,GROCERY I,106,7.79,825.74,7,92.89,0.8763,credito_15,4.92
2017-03-07,PROV-13,SKU-258396,GROCERY I,750,16.42,12315,7,706.52,0.942,credito_15,0.78
2017-03-07,PROV-13,SKU-314384,GROCERY I,2630,4.03,10598.9,10,2630,1,credito_15,6.66
2017-03-07,PROV-13,SKU-364606,GROCERY I,3552,22.34,79351.68,8,3089.46,0.8698,credito_15,3.71
2017-03-07,PROV-14,SKU-167437,GROCERY II,179,21.71,3886.09,5,167.28,0.9345,credito_30,10.63
2017-03-07,PROV-14,SKU-210520,GROCERY II,17,21.47,364.99,7,16.61,0.9771,credito_30,6.79
2017-03-07,PROV-18,SKU-250782,HOME APPLIANCES,59,22.99,1356.41,12,53.6,0.9085,contado,7.75
2017-03-07,PROV-22,SKU-115847,LINGERIE,46,24.3,1117.8,8,41.03,0.892,contado,3.39
2017-03-07,PROV-22,SKU-177050,LINGERIE,9,19.6,176.4,9,7.85,0.8722,contado,7.94
2017-03-07,PROV-22,SKU-215468,LINGERIE,34,5.11,173.74,5,30.38,0.8935,contado,7.72
2017-03-07,PROV-26,SKU-114799,PERSONAL CARE,339,11.47,3888.33,7,278.98,0.8229,contado,10.15
2017-03-07,PROV-26,SKU-114800,PERSONAL CARE,242,21.01,5084.42,7,217.12,0.8972,contado,0.3
2017-03-07,PROV-29,SKU-108831,POULTRY,356.04,13.2,4699.73,4,292.15,0.8206,credito_15,3.37
2017-03-07,PROV-29,SKU-159156,POULTRY,1534.07,24.7,37891.53,5,1384.28,0.9024,credito_15,11.37
2017-03-07,PROV-29,SKU-208539,POULTRY,199.74,9.37,1871.56,2,179.11,0.8967,credito_15,5.37
2017-03-07,PROV-31,SKU-1473410,PRODUCE,3660.82,20.04,73362.83,5,2826.14,0.772,credito_30,7.81
2017-03-07,PROV-31,SKU-1473474,PRODUCE,8916.69,10.26,91485.24,5,8077.16,0.9058,credito_30,7.85
2017-03-07,PROV-31,SKU-1502392,PRODUCE,2923.27,5.27,15405.63,5,2451.38,0.8386,credito_30,7.28
2017-03-07,PROV-31,SKU-1503844,PRODUCE,10834.56,2.17,23510.99,8,9660.85,0.8917,credito_30,8.42
2017-03-07,PROV-31,SKU-1503847,PRODUCE,2972.88,8.42,25031.65,8,2791.85,0.9391,credito_30,7.56
2017-03-07,PROV-31,SKU-1584575,PRODUCE,3322,3.25,10796.5,4,2927.97,0.8814,credito_30,11.81
2017-03-07,PROV-31,SKU-1642399,PRODUCE,3605.72,24.92,89854.54,5,3178.36,0.8815,credito_30,6.89
2017-03-07,PROV-31,SKU-1686656,PRODUCE,2491,8.68,21621.88,10,1886.31,0.7573,credito_30,11.97
2017-03-07,PROV-31,SKU-1695835,PRODUCE,3689.71,5.86,21621.7,10,3257.46,0.8828,credito_30,8.88
2017-03-07,PROV-31,SKU-1751174,PRODUCE,2634.15,10.13,26683.94,5,2391.56,0.9079,credito_30,6.69
2017-03-07,PROV-31,SKU-1926217,PRODUCE,3062,6.14,18800.68,5,2584.4,0.844,credito_30,5.65
2017-03-07,PROV-33,SKU-252698,SEAFOOD,257.12,7.5,1928.4,12,216,0.8401,contado,11.52
2017-03-14,PROV-01,SKU-121964,AUTOMOTIVE,21,3.38,70.98,7,20.05,0.9548,contado,1.52
2017-03-14,PROV-01,SKU-172995,AUTOMOTIVE,99,6.73,666.27,12,88.89,0.8979,contado,5.33
2017-03-14,PROV-04,SKU-1047679,BEVERAGES,6120,22.41,137149.2,3,5476.03,0.8948,credito_15,10.65
2017-03-14,PROV-04,SKU-119624,BEVERAGES,207,2.86,592.02,6,186.62,0.9015,credito_15,7.65
2017-03-14,PROV-04,SKU-1430040,BEVERAGES,3402,9.67,32897.34,5,3122.91,0.918,credito_15,8.28
2017-03-14,PROV-04,SKU-1463992,BEVERAGES,8766,20.67,181193.22,5,8766,1,credito_15,8.32
2017-03-14,PROV-04,SKU-1463993,BEVERAGES,7017,8.61,60416.37,7,6259.21,0.892,credito_15,9.69
2017-03-14,PROV-04,SKU-165550,BEVERAGES,411,10.86,4463.46,3,361.6,0.8798,credito_15,3.29
2017-03-14,PROV-04,SKU-165551,BEVERAGES,197,24.82,4889.54,2,182.75,0.9277,credito_15,5.98
2017-03-14,PROV-04,SKU-165553,BEVERAGES,220,2.93,644.6,8,194.37,0.8835,credito_15,1.86
2017-03-14,PROV-04,SKU-174081,BEVERAGES,237,7.23,1713.51,8,237,1,credito_15,8.87
2017-03-14,PROV-04,SKU-2006812,BEVERAGES,3615,19.22,69480.3,6,3399.34,0.9403,credito_15,5.04
2017-03-14,PROV-04,SKU-2042941,BEVERAGES,7827,10.12,79209.24,2,7827,1,credito_15,10.03
2017-03-14,PROV-04,SKU-2042947,BEVERAGES,6838,17.61,120417.18,8,5655.2,0.827,credito_15,3.19
2017-03-14,PROV-04,SKU-219147,BEVERAGES,309,16.82,5197.38,6,286.65,0.9277,credito_15,4.33
2017-03-14,PROV-04,SKU-219150,BEVERAGES,3,1.52,4.56,5,2.86,0.9533,credito_15,7.8
2017-03-14,PROV-04,SKU-219152,BEVERAGES,113,23.63,2670.19,7,100.31,0.8877,credito_15,2.42
2017-03-14,PROV-04,SKU-257848,BEVERAGES,211,5.96,1257.56,4,184.83,0.876,credito_15,0.96
2017-03-14,PROV-04,SKU-364738,BEVERAGES,3462,14.62,50614.44,7,2639.69,0.7625,credito_15,4
2017-03-14,PROV-04,SKU-819932,BEVERAGES,4769,20.65,98479.85,7,4768.68,0.9999,credito_15,6.63
2017-03-14,PROV-06,SKU-103665,BREAD/BAKERY,179,8.68,1553.72,4,145.87,0.8149,credito_15,1.27
2017-03-14,PROV-06,SKU-1333307,BREAD/BAKERY,2300,11.69,26887,5,2188.42,0.9515,credito_15,9.77
2017-03-14,PROV-06,SKU-153239,BREAD/BAKERY,320,9.2,2944,6,301.65,0.9427,credito_15,1.27
2017-03-14,PROV-06,SKU-153395,BREAD/BAKERY,138,14.3,1973.4,6,120.81,0.8754,credito_15,9.97
2017-03-14,PROV-06,SKU-153398,BREAD/BAKERY,176,10.58,1862.08,9,150.62,0.8558,credito_15,8.01
2017-03-14,PROV-06,SKU-165718,BREAD/BAKERY,408,8.98,3663.84,9,396.88,0.9727,credito_15,7.62
2017-03-14,PROV-06,SKU-215370,BREAD/BAKERY,353,19.96,7045.88,7,293.76,0.8322,credito_15,8.45
2017-03-14,PROV-06,SKU-253103,BREAD/BAKERY,80,2.6,208,4,76.12,0.9515,credito_15,6.65
2017-03-14,PROV-08,SKU-103501,CLEANING,206,9.62,1981.72,9,206,1,credito_15,8.69
2017-03-14,PROV-08,SKU-108786,CLEANING,453,4.58,2074.74,6,416.49,0.9194,credito_15,3.46
2017-03-14,PROV-08,SKU-108952,CLEANING,166,10.81,1794.46,7,166,1,credito_15,6.92
2017-03-14,PROV-08,SKU-115267,CLEANING,436,1.77,771.72,9,376.57,0.8637,credito_15,11.54
2017-03-14,PROV-08,SKU-116311,CLEANING,29,17.2,498.8,10,25.62,0.8834,credito_15,0.69
2017-03-14,PROV-08,SKU-119023,CLEANING,150,24.77,3715.5,6,150,1,credito_15,8.23
2017-03-14,PROV-08,SKU-119024,CLEANING,306,6.05,1851.3,5,266.56,0.8711,credito_15,11.59
2017-03-14,PROV-08,SKU-119026,CLEANING,423,8.19,3464.37,9,420.44,0.9939,credito_15,2.94
2017-03-14,PROV-08,SKU-119187,CLEANING,194,13.85,2686.9,10,187.78,0.9679,credito_15,7.41
2017-03-14,PROV-08,SKU-119191,CLEANING,192,15.12,2903.04,5,190.98,0.9947,credito_15,0.56
2017-03-14,PROV-08,SKU-119193,CLEANING,97,13.08,1268.76,4,97,1,credito_15,7.88
2017-03-14,PROV-08,SKU-122425,CLEANING,105,8.09,849.45,6,104.78,0.9979,credito_15,5.18
2017-03-14,PROV-08,SKU-153078,CLEANING,195,6.87,1339.65,5,175.23,0.8986,credito_15,3.4
2017-03-14,PROV-08,SKU-158788,CLEANING,341,22.36,7624.76,4,320.43,0.9397,credito_15,7.19
2017-03-14,PROV-08,SKU-158789,CLEANING,658,24.65,16219.7,5,604.4,0.9185,credito_15,4.87
2017-03-14,PROV-08,SKU-158956,CLEANING,347,24.55,8518.85,10,343.39,0.9896,credito_15,11.34
2017-03-14,PROV-08,SKU-159242,CLEANING,319,2.52,803.88,7,313.29,0.9821,credito_15,3.16
2017-03-14,PROV-08,SKU-164647,CLEANING,836,18.9,15800.4,6,836,1,credito_15,5.65
2017-03-14,PROV-08,SKU-168927,CLEANING,595,6.22,3700.9,7,577.95,0.9713,credito_15,2.36
2017-03-14,PROV-08,SKU-168930,CLEANING,619,2.51,1553.69,8,578.14,0.934,credito_15,10.16
2017-03-14,PROV-08,SKU-168931,CLEANING,232,3.83,888.56,4,227.14,0.9791,credito_15,3.65
2017-03-14,PROV-08,SKU-169101,CLEANING,49,9.59,469.91,4,45.54,0.9294,credito_15,10.19
2017-03-14,PROV-08,SKU-169104,CLEANING,29,9.36,271.44,7,26.59,0.9169,credito_15,4.31
2017-03-14,PROV-08,SKU-171890,CLEANING,116,10.02,1162.32,10,107.76,0.929,credito_15,0.71
2017-03-14,PROV-08,SKU-176411,CLEANING,24,16.05,385.2,5,21.78,0.9075,credito_15,10.1
2017-03-14,PROV-08,SKU-208498,CLEANING,149,19.45,2898.05,10,149,1,credito_15,6.98
2017-03-14,PROV-08,SKU-209085,CLEANING,264,4.68,1235.52,4,240.9,0.9125,credito_15,11.82
2017-03-14,PROV-08,SKU-214381,CLEANING,458,9.45,4328.1,7,441.09,0.9631,credito_15,8.83
2017-03-14,PROV-08,SKU-214859,CLEANING,157,22.21,3486.97,9,144.1,0.9178,credito_15,3.39
2017-03-14,PROV-08,SKU-214860,CLEANING,225,16.03,3606.75,4,225,1,credito_15,9.67
2017-03-14,PROV-08,SKU-214862,CLEANING,242,4.59,1110.78,6,223.82,0.9249,credito_15,10.81
2017-03-14,PROV-08,SKU-218726,CLEANING,80,13.04,1043.2,5,80,1,credito_15,3.89
2017-03-14,PROV-08,SKU-218728,CLEANING,132,8.65,1141.8,6,125.85,0.9534,credito_15,9.61
2017-03-14,PROV-08,SKU-221506,CLEANING,225,13.87,3120.75,4,225,1,credito_15,2.57
2017-03-14,PROV-08,SKU-224081,CLEANING,145,20.04,2905.8,10,145,1,credito_15,1.26
2017-03-14,PROV-08,SKU-226126,CLEANING,224,22.27,4988.48,10,212.39,0.9482,credito_15,8.28
2017-03-14,PROV-08,SKU-252970,CLEANING,238,8.03,1911.14,5,228.3,0.9592,credito_15,1.41
2017-03-14,PROV-08,SKU-252972,CLEANING,263,4,1052,9,249.63,0.9492,credito_15,8.15
2017-03-14,PROV-08,SKU-258376,CLEANING,726,12.72,9234.72,7,697.03,0.9601,credito_15,9.61
2017-03-14,PROV-09,SKU-122095,DAIRY,167,6.17,1030.39,11,151.81,0.909,contado,4.2
2017-03-14,PROV-09,SKU-123347,DAIRY,257,16.24,4173.68,9,257,1,contado,2.47
2017-03-14,PROV-09,SKU-129635,DAIRY,870,21.54,18739.8,7,789.73,0.9077,contado,4.3
2017-03-14,PROV-09,SKU-1427659,DAIRY,3114,20.77,64677.78,10,3053.59,0.9806,contado,5.87
2017-03-14,PROV-09,SKU-158842,DAIRY,190,19.63,3729.7,12,183.47,0.9656,contado,7.14
2017-03-14,PROV-09,SKU-164088,DAIRY,294,6.09,1790.46,10,278.56,0.9475,contado,0.61
2017-03-14,PROV-09,SKU-173113,DAIRY,85,13.89,1180.65,8,80.42,0.9461,contado,0.57
2017-03-14,PROV-09,SKU-179615,DAIRY,557,23.7,13200.9,7,557,1,contado,11.16
2017-03-14,PROV-09,SKU-205486,DAIRY,216,22.33,4823.28,8,207.83,0.9622,contado,8.22
2017-03-14,PROV-10,SKU-108696,DELI,278,14.5,4031,6,249.27,0.8967,credito_15,6.85
2017-03-14,PROV-10,SKU-108698,DELI,208,4.36,906.88,5,187.73,0.9025,credito_15,0.37
2017-03-14,PROV-10,SKU-108701,DELI,173,8.18,1415.14,5,160.05,0.9251,credito_15,1.35
2017-03-14,PROV-10,SKU-220613,DELI,193,5.5,1061.5,7,186.28,0.9652,credito_15,10.64
2017-03-14,PROV-11,SKU-108833,EGGS,128,13.17,1685.76,11,128,1,credito_30,9.82
2017-03-14,PROV-11,SKU-208384,EGGS,1931,13.6,26261.6,8,1500.11,0.7769,credito_30,7.81
2017-03-14,PROV-11,SKU-227111,EGGS,301,15.75,4740.75,9,292.93,0.9732,credito_30,5.65
2017-03-14,PROV-11,SKU-258268,EGGS,351,3.54,1242.54,6,304.87,0.8686,credito_30,0.73
2017-03-14,PROV-12,SKU-258411,FROZEN FOODS,224,20.23,4531.52,3,222.15,0.9917,credito_15,9.84
2017-03-14,PROV-13,SKU-103520,GROCERY I,153,24.61,3765.33,9,148.76,0.9723,credito_15,4.19
2017-03-14,PROV-13,SKU-105574,GROCERY I,463,1.76,814.88,9,438.12,0.9463,credito_15,10.52
2017-03-14,PROV-13,SKU-105575,GROCERY I,728,20.25,14742,8,682.08,0.9369,credito_15,5.98
2017-03-14,PROV-13,SKU-105576,GROCERY I,649,13.13,8521.37,10,592.81,0.9134,credito_15,5.21
2017-03-14,PROV-13,SKU-106716,GROCERY I,386,16.92,6531.12,10,364.04,0.9431,credito_15,5.05
2017-03-14,PROV-13,SKU-108079,GROCERY I,131,24.15,3163.65,6,131,1,credito_15,9.51
2017-03-14,PROV-13,SKU-108797,GROCERY I,406,23.15,9398.9,9,406,1,credito_15,4.03
2017-03-14,PROV-13,SKU-108862,GROCERY I,49,17.93,878.57,12,49,1,credito_15,1.47
2017-03-14,PROV-13,SKU-111223,GROCERY I,889,17.97,15975.33,10,889,1,credito_15,4.17
2017-03-14,PROV-13,SKU-111397,GROCERY I,251,10.24,2570.24,7,250.7,0.9988,credito_15,2.23
2017-03-14,PROV-13,SKU-114790,GROCERY I,832,24.29,20209.28,7,767.49,0.9225,credito_15,6.65
2017-03-14,PROV-13,SKU-115611,GROCERY I,880,22.31,19632.8,7,822.66,0.9348,credito_15,4.13
2017-03-14,PROV-13,SKU-115720,GROCERY I,457,21.56,9852.92,12,443.04,0.9695,credito_15,0.01
2017-03-14,PROV-13,SKU-115850,GROCERY I,852,16.03,13657.56,8,750.42,0.8808,credito_15,11.94
2017-03-14,PROV-13,SKU-115891,GROCERY I,320,15.3,4896,11,320,1,credito_15,11.14
2017-03-14,PROV-13,SKU-115892,GROCERY I,2320,10.31,23919.2,8,2133.63,0.9197,credito_15,1.29
2017-03-14,PROV-13,SKU-115893,GROCERY I,674,7.16,4825.84,7,669.96,0.994,credito_15,5.62
2017-03-14,PROV-13,SKU-115894,GROCERY I,817,4.91,4011.47,9,743.49,0.91,credito_15,4.29
2017-03-14,PROV-13,SKU-116017,GROCERY I,1166,5.48,6389.68,7,1120.35,0.9608,credito_15,5.71
2017-03-14,PROV-13,SKU-116018,GROCERY I,553,9.79,5413.87,9,513.05,0.9278,credito_15,2.31
2017-03-14,PROV-13,SKU-122419,GROCERY I,177,21.05,3725.85,11,167.29,0.9451,credito_15,0.79
2017-03-14,PROV-13,SKU-123601,GROCERY I,970,20.21,19603.7,6,903.35,0.9313,credito_15,10.66
2017-03-14,PROV-13,SKU-123602,GROCERY I,288,21.56,6209.28,6,284.67,0.9884,credito_15,4.51
2017-03-14,PROV-13,SKU-125430,GROCERY I,562,5.35,3006.7,10,559.6,0.9957,credito_15,11.1
2017-03-14,PROV-13,SKU-127534,GROCERY I,147,9.78,1437.66,6,137.06,0.9324,credito_15,1.96
2017-03-14,PROV-13,SKU-129296,GROCERY I,250,17.27,4317.5,10,231.77,0.9271,credito_15,5.98
2017-03-14,PROV-13,SKU-129297,GROCERY I,247,6.14,1516.58,8,220.09,0.8911,credito_15,0.68
2017-03-14,PROV-13,SKU-129759,GROCERY I,154,20.22,3113.88,8,138.78,0.9012,credito_15,9.17
2017-03-14,PROV-13,SKU-153267,GROCERY I,465,14.59,6784.35,6,413.23,0.8887,credito_15,4.1
2017-03-14,PROV-13,SKU-155500,GROCERY I,1230,5.43,6678.9,9,1127.02,0.9163,credito_15,1.26
2017-03-14,PROV-13,SKU-155601,GROCERY I,83,17.53,1454.99,6,64.99,0.783,credito_15,9.96
2017-03-14,PROV-13,SKU-155607,GROCERY I,77,13.99,1077.23,12,72.84,0.946,credito_15,2.31
2017-03-14,PROV-13,SKU-155621,GROCERY I,133,15.2,2021.6,9,118.36,0.8899,credito_15,0.65
2017-03-14,PROV-13,SKU-155625,GROCERY I,158,20.43,3227.94,6,152.04,0.9623,credito_15,7.65
2017-03-14,PROV-13,SKU-157956,GROCERY I,179,22.53,4032.87,8,167.89,0.9379,credito_15,9.68
2017-03-14,PROV-13,SKU-158875,GROCERY I,120,10.06,1207.2,6,115.37,0.9614,credito_15,0.02
2017-03-14,PROV-13,SKU-162066,GROCERY I,589,22.92,13499.88,7,508.91,0.864,credito_15,10.68
2017-03-14,PROV-13,SKU-164036,GROCERY I,373,10.4,3879.2,7,341.99,0.9169,credito_15,11.11
2017-03-14,PROV-13,SKU-164037,GROCERY I,420,20.02,8408.4,10,357.43,0.851,credito_15,8.62
2017-03-14,PROV-13,SKU-165594,GROCERY I,781,15.04,11746.24,9,715.93,0.9167,credito_15,5.83
2017-03-14,PROV-13,SKU-165693,GROCERY I,571,4.38,2500.98,10,526,0.9212,credito_15,0.75
2017-03-14,PROV-13,SKU-165704,GROCERY I,1048,24.86,26053.28,10,928.47,0.8859,credito_15,8.69
2017-03-14,PROV-13,SKU-165705,GROCERY I,192,12.35,2371.2,6,168.69,0.8786,credito_15,9.51
2017-03-14,PROV-13,SKU-165727,GROCERY I,282,21.7,6119.4,8,260.94,0.9253,credito_15,4.98
2017-03-14,PROV-13,SKU-165988,GROCERY I,681,24.95,16990.95,8,564.75,0.8293,credito_15,9.69
2017-03-14,PROV-13,SKU-168989,GROCERY I,156,5.77,900.12,8,151.49,0.9711,credito_15,2.11
2017-03-14,PROV-13,SKU-169028,GROCERY I,198,3.63,718.74,12,191.59,0.9676,credito_15,0.37
2017-03-14,PROV-13,SKU-170791,GROCERY I,537,7.87,4226.19,8,520.46,0.9692,credito_15,4.61
2017-03-14,PROV-13,SKU-172184,GROCERY I,319,15.9,5072.1,11,288.43,0.9042,credito_15,9.62
2017-03-14,PROV-13,SKU-172343,GROCERY I,1229,22.32,27431.28,10,1186.75,0.9656,credito_15,6.56
2017-03-14,PROV-13,SKU-173111,GROCERY I,353,18.85,6654.05,10,336.95,0.9545,credito_15,11.89
2017-03-14,PROV-13,SKU-177395,GROCERY I,369,18.86,6959.34,9,357.43,0.9686,credito_15,5.91
2017-03-14,PROV-13,SKU-179274,GROCERY I,536,4.25,2278,10,494.08,0.9218,credito_15,3
2017-03-14,PROV-13,SKU-179564,GROCERY I,59,7.98,470.82,7,58.59,0.9931,credito_15,7.45
2017-03-14,PROV-13,SKU-179579,GROCERY I,102,16.68,1701.36,9,95.53,0.9366,credito_15,11.68
2017-03-14,PROV-13,SKU-205381,GROCERY I,98,10.63,1041.74,10,93.14,0.9504,credito_15,5.53
2017-03-14,PROV-13,SKU-205387,GROCERY I,396,24.72,9789.12,11,394.45,0.9961,credito_15,8.55
2017-03-14,PROV-13,SKU-205557,GROCERY I,75,8.19,614.25,7,75,1,credito_15,8.16
2017-03-14,PROV-13,SKU-207857,GROCERY I,287,8.15,2339.05,6,280.82,0.9785,credito_15,0.78
2017-03-14,PROV-13,SKU-208514,GROCERY I,363,23.73,8613.99,8,337.47,0.9297,credito_15,6.96
2017-03-14,PROV-13,SKU-208659,GROCERY I,162,19.11,3095.82,12,157.43,0.9718,credito_15,5.12
2017-03-14,PROV-13,SKU-208699,GROCERY I,175,6.33,1107.75,10,164.41,0.9395,credito_15,9.02
2017-03-14,PROV-13,SKU-211203,GROCERY I,928,20.69,19200.32,12,818.86,0.8824,credito_15,8.7
2017-03-14,PROV-13,SKU-211206,GROCERY I,288,12.84,3697.92,6,248.16,0.8617,credito_15,4.3
2017-03-14,PROV-13,SKU-212552,GROCERY I,250,17.57,4392.5,7,250,1,credito_15,0.47
2017-03-14,PROV-13,SKU-213066,GROCERY I,350,21.09,7381.5,10,304.4,0.8697,credito_15,7.3
2017-03-14,PROV-13,SKU-213652,GROCERY I,553,10.28,5684.84,8,553,1,credito_15,1.62
2017-03-14,PROV-13,SKU-213788,GROCERY I,240,15.73,3775.2,9,240,1,credito_15,11.41
2017-03-14,PROV-13,SKU-215303,GROCERY I,253,22.99,5816.47,8,236.13,0.9333,credito_15,1.73
2017-03-14,PROV-13,SKU-215304,GROCERY I,162,20.98,3398.76,6,161.68,0.998,credito_15,0.46
2017-03-14,PROV-13,SKU-215327,GROCERY I,621,4.39,2726.19,12,621,1,credito_15,11.74
2017-03-14,PROV-13,SKU-215331,GROCERY I,957,20.73,19838.61,10,916.14,0.9573,credito_15,0.29
2017-03-14,PROV-13,SKU-215332,GROCERY I,518,18.14,9396.52,8,466.95,0.9014,credito_15,7.61
2017-03-14,PROV-13,SKU-215352,GROCERY I,2821,19.77,55771.17,8,2398.95,0.8504,credito_15,0.19
2017-03-14,PROV-13,SKU-215356,GROCERY I,170,7.24,1230.8,7,153.62,0.9036,credito_15,3.19
2017-03-14,PROV-13,SKU-215896,GROCERY I,609,13.91,8471.19,12,573.83,0.9422,credito_15,7.71
2017-03-14,PROV-13,SKU-217827,GROCERY I,242,2.53,612.26,12,242,1,credito_15,2.77
2017-03-14,PROV-13,SKU-220435,GROCERY I,1717,21.06,36160.02,6,1667.77,0.9713,credito_15,11.82
2017-03-14,PROV-13,SKU-222879,GROCERY I,1387,8.88,12316.56,12,1235.02,0.8904,credito_15,2.65
2017-03-14,PROV-13,SKU-222975,GROCERY I,733,16.35,11984.55,12,733,1,credito_15,1.16
2017-03-14,PROV-13,SKU-223068,GROCERY I,129,17.11,2207.19,10,123.65,0.9585,credito_15,7.04
2017-03-14,PROV-13,SKU-223136,GROCERY I,1452,15.36,22302.72,7,1312.41,0.9039,credito_15,6.68
2017-03-14,PROV-13,SKU-223434,GROCERY I,471,11.22,5284.62,9,453.8,0.9635,credito_15,4.5
2017-03-14,PROV-13,SKU-223463,GROCERY I,138,15.36,2119.68,6,127,0.9203,credito_15,1.2
2017-03-14,PROV-13,SKU-229368,GROCERY I,222,19.18,4257.96,11,205.52,0.9258,credito_15,4.44
2017-03-14,PROV-13,SKU-253145,GROCERY I,654,5.87,3838.98,8,611.64,0.9352,credito_15,10.33
2017-03-14,PROV-13,SKU-255161,GROCERY I,85,17.46,1484.1,7,74.48,0.8762,credito_15,11.28
2017-03-14,PROV-13,SKU-255198,GROCERY I,238,8.35,1987.3,8,225.36,0.9469,credito_15,4.74
2017-03-14,PROV-13,SKU-255199,GROCERY I,377,20.85,7860.45,10,377,1,credito_15,11.45
2017-03-14,PROV-13,SKU-255202,GROCERY I,176,8.12,1429.12,6,172.32,0.9791,credito_15,7.57
2017-03-14,PROV-13,SKU-258395,GROCERY I,99,7.79,771.21,10,94.8,0.9576,credito_15,4.92
2017-03-14,PROV-13,SKU-258396,GROCERY I,649,16.42,10656.58,7,584.14,0.9001,credito_15,0.78
2017-03-14,PROV-13,SKU-364606,GROCERY I,3915,22.34,87461.1,6,3392.06,0.8664,credito_15,3.71
2017-03-14,PROV-14,SKU-167437,GROCERY II,215,21.71,4667.65,5,215,1,credito_30,10.63
2017-03-14,PROV-14,SKU-210520,GROCERY II,29,21.47,622.63,9,26.39,0.91,credito_30,6.79
2017-03-14,PROV-18,SKU-250782,HOME APPLIANCES,77,22.99,1770.23,8,75.26,0.9774,contado,7.75
2017-03-14,PROV-22,SKU-115847,LINGERIE,33,24.3,801.9,7,33,1,contado,3.39
2017-03-14,PROV-22,SKU-177050,LINGERIE,27,19.6,529.2,7,24.24,0.8978,contado,7.94
2017-03-14,PROV-22,SKU-215468,LINGERIE,27,5.11,137.97,5,25.35,0.9389,contado,7.72
2017-03-14,PROV-25,SKU-205209,MEATS,115.05,3.26,375.06,10,109.24,0.9495,credito_30,1.36
2017-03-14,PROV-25,SKU-584028,MEATS,2158.19,24.29,52422.43,12,2054.14,0.9518,credito_30,3.56
2017-03-14,PROV-26,SKU-114799,PERSONAL CARE,371,11.47,4255.37,4,327.87,0.8837,contado,10.15
2017-03-14,PROV-26,SKU-114800,PERSONAL CARE,247,21.01,5189.47,1,221.05,0.8949,contado,0.3
2017-03-14,PROV-29,SKU-108831,POULTRY,345.8,13.2,4564.56,6,327.64,0.9475,credito_15,3.37
2017-03-14,PROV-29,SKU-159156,POULTRY,923.91,24.7,22820.58,8,712.2,0.7709,credito_15,11.37
2017-03-14,PROV-29,SKU-208539,POULTRY,139.56,9.37,1307.68,8,130.81,0.9373,credito_15,5.37
2017-03-14,PROV-31,SKU-1473410,PRODUCE,3671.5,20.04,73576.86,6,2917.6,0.7947,credito_30,7.81
2017-03-14,PROV-31,SKU-1473474,PRODUCE,9138.05,10.26,93756.39,5,7132.78,0.7806,credito_30,7.85
2017-03-14,PROV-31,SKU-1502392,PRODUCE,2869.42,5.27,15121.84,9,2719.5,0.9478,credito_30,7.28
2017-03-14,PROV-31,SKU-1503844,PRODUCE,11276.93,2.17,24470.94,6,9935.98,0.8811,credito_30,8.42
2017-03-14,PROV-31,SKU-1503847,PRODUCE,3199.72,8.42,26941.64,10,2782.98,0.8698,credito_30,7.56
2017-03-14,PROV-31,SKU-1584575,PRODUCE,3296,3.25,10712,9,2583.65,0.7839,credito_30,11.81
2017-03-14,PROV-31,SKU-1642399,PRODUCE,4128.85,24.92,102890.94,5,3875.27,0.9386,credito_30,6.89
2017-03-14,PROV-31,SKU-1686656,PRODUCE,2773,8.68,24069.64,4,2232.14,0.805,credito_30,11.97
2017-03-14,PROV-31,SKU-1695835,PRODUCE,4109.86,5.86,24083.78,6,3677.16,0.8947,credito_30,8.88
2017-03-14,PROV-31,SKU-1751174,PRODUCE,2758.15,10.13,27940.06,5,2363.67,0.857,credito_30,6.69
2017-03-14,PROV-31,SKU-1926217,PRODUCE,3260,6.14,20016.4,7,2640.39,0.8099,credito_30,5.65
2017-03-14,PROV-33,SKU-252698,SEAFOOD,254.01,7.5,1905.07,11,234.39,0.9228,contado,11.52
2017-03-21,PROV-01,SKU-121964,AUTOMOTIVE,31,3.38,104.78,6,29.14,0.94,contado,1.52
2017-03-21,PROV-04,SKU-1047679,BEVERAGES,5528,22.41,123882.48,8,5109.45,0.9243,credito_15,10.65
2017-03-21,PROV-04,SKU-119624,BEVERAGES,304,2.86,869.44,7,255.83,0.8415,credito_15,7.65
2017-03-21,PROV-04,SKU-1430040,BEVERAGES,5046,9.67,48794.82,7,4550.53,0.9018,credito_15,8.28
2017-03-21,PROV-04,SKU-1463992,BEVERAGES,8824,20.67,182392.08,2,8824,1,credito_15,8.32
2017-03-21,PROV-04,SKU-1463993,BEVERAGES,6986,8.61,60149.46,5,6380.42,0.9133,credito_15,9.69
2017-03-21,PROV-04,SKU-165550,BEVERAGES,397,10.86,4311.42,4,353.04,0.8893,credito_15,3.29
2017-03-21,PROV-04,SKU-165551,BEVERAGES,197,24.82,4889.54,8,156.32,0.7935,credito_15,5.98
2017-03-21,PROV-04,SKU-165553,BEVERAGES,240,2.93,703.2,5,195.17,0.8132,credito_15,1.86
2017-03-21,PROV-04,SKU-174081,BEVERAGES,194,7.23,1402.62,7,175.68,0.9056,credito_15,8.87
2017-03-21,PROV-04,SKU-2006812,BEVERAGES,3658,19.22,70306.76,8,3466.32,0.9476,credito_15,5.04
2017-03-21,PROV-04,SKU-2042941,BEVERAGES,7055,10.12,71396.6,4,7055,1,credito_15,10.03
2017-03-21,PROV-04,SKU-2042947,BEVERAGES,6590,17.61,116049.9,3,5367.94,0.8146,credito_15,3.19
2017-03-21,PROV-04,SKU-219147,BEVERAGES,355,16.82,5971.1,8,329.1,0.927,credito_15,4.33
2017-03-21,PROV-04,SKU-219150,BEVERAGES,8,1.52,12.16,7,7.66,0.9575,credito_15,7.8
2017-03-21,PROV-04,SKU-219152,BEVERAGES,245,23.63,5789.35,3,222.71,0.909,credito_15,2.42
2017-03-21,PROV-04,SKU-257848,BEVERAGES,266,5.96,1585.36,4,252.81,0.9504,credito_15,0.96
2017-03-21,PROV-04,SKU-364738,BEVERAGES,3195,14.62,46710.9,6,3037.14,0.9506,credito_15,4
2017-03-21,PROV-04,SKU-819932,BEVERAGES,5776,20.65,119274.4,5,4599.38,0.7963,credito_15,6.63
2017-03-21,PROV-06,SKU-103665,BREAD/BAKERY,211,8.68,1831.48,6,184.31,0.8735,credito_15,1.27
2017-03-21,PROV-06,SKU-1333307,BREAD/BAKERY,2274,11.69,26583.06,4,1994.37,0.877,credito_15,9.77
2017-03-21,PROV-06,SKU-153239,BREAD/BAKERY,297,9.2,2732.4,4,282.52,0.9512,credito_15,1.27
2017-03-21,PROV-06,SKU-153395,BREAD/BAKERY,133,14.3,1901.9,4,132.22,0.9941,credito_15,9.97
2017-03-21,PROV-06,SKU-153398,BREAD/BAKERY,181,10.58,1914.98,4,158.13,0.8736,credito_15,8.01
2017-03-21,PROV-06,SKU-165718,BREAD/BAKERY,360,8.98,3232.8,10,350.53,0.9737,credito_15,7.62
2017-03-21,PROV-06,SKU-215370,BREAD/BAKERY,387,19.96,7724.52,8,360.87,0.9325,credito_15,8.45
2017-03-21,PROV-06,SKU-253103,BREAD/BAKERY,96,2.6,249.6,10,88.97,0.9268,credito_15,6.65
2017-03-21,PROV-08,SKU-103501,CLEANING,172,9.62,1654.64,4,172,1,credito_15,8.69
2017-03-21,PROV-08,SKU-108786,CLEANING,511,4.58,2340.38,10,476.91,0.9333,credito_15,3.46
2017-03-21,PROV-08,SKU-108952,CLEANING,161,10.81,1740.41,10,161,1,credito_15,6.92
2017-03-21,PROV-08,SKU-115267,CLEANING,376,1.77,665.52,9,376,1,credito_15,11.54
2017-03-21,PROV-08,SKU-116311,CLEANING,31,17.2,533.2,5,31,1,credito_15,0.69
2017-03-21,PROV-08,SKU-119023,CLEANING,134,24.77,3319.18,10,128.64,0.96,credito_15,8.23
2017-03-21,PROV-08,SKU-119024,CLEANING,201,6.05,1216.05,5,184.86,0.9197,credito_15,11.59
2017-03-21,PROV-08,SKU-119026,CLEANING,562,8.19,4602.78,9,516.84,0.9196,credito_15,2.94
2017-03-21,PROV-08,SKU-119187,CLEANING,230,13.85,3185.5,4,218.21,0.9487,credito_15,7.41
2017-03-21,PROV-08,SKU-119191,CLEANING,217,15.12,3281.04,7,201.46,0.9284,credito_15,0.56
2017-03-21,PROV-08,SKU-119193,CLEANING,132,13.08,1726.56,8,122.99,0.9317,credito_15,7.88
2017-03-21,PROV-08,SKU-122425,CLEANING,111,8.09,897.99,4,105.75,0.9527,credito_15,5.18
2017-03-21,PROV-08,SKU-153078,CLEANING,157,6.87,1078.59,10,135.16,0.8609,credito_15,3.4
2017-03-21,PROV-08,SKU-158788,CLEANING,325,22.36,7267,7,306.9,0.9443,credito_15,7.19
2017-03-21,PROV-08,SKU-158789,CLEANING,760,24.65,18734,10,735.46,0.9677,credito_15,4.87
2017-03-21,PROV-08,SKU-158956,CLEANING,302,24.55,7414.1,4,300.11,0.9937,credito_15,11.34
2017-03-21,PROV-08,SKU-159242,CLEANING,283,2.52,713.16,10,282.63,0.9987,credito_15,3.16
2017-03-21,PROV-08,SKU-164647,CLEANING,901,18.9,17028.9,7,861.11,0.9557,credito_15,5.65
2017-03-21,PROV-08,SKU-168927,CLEANING,550,6.22,3421,5,550,1,credito_15,2.36
2017-03-21,PROV-08,SKU-168930,CLEANING,590,2.51,1480.9,10,578.52,0.9805,credito_15,10.16
2017-03-21,PROV-08,SKU-168931,CLEANING,182,3.83,697.06,10,179.21,0.9847,credito_15,3.65
2017-03-21,PROV-08,SKU-169101,CLEANING,67,9.59,642.53,4,64.97,0.9697,credito_15,10.19
2017-03-21,PROV-08,SKU-169104,CLEANING,19,9.36,177.84,10,18.1,0.9526,credito_15,4.31
2017-03-21,PROV-08,SKU-171890,CLEANING,141,10.02,1412.82,4,132.22,0.9377,credito_15,0.71
2017-03-21,PROV-08,SKU-176411,CLEANING,16,16.05,256.8,5,15.75,0.9844,credito_15,10.1
2017-03-21,PROV-08,SKU-208498,CLEANING,154,19.45,2995.3,6,153.87,0.9992,credito_15,6.98
2017-03-21,PROV-08,SKU-209085,CLEANING,213,4.68,996.84,5,184.76,0.8674,credito_15,11.82
2017-03-21,PROV-08,SKU-214381,CLEANING,390,9.45,3685.5,8,390,1,credito_15,8.83
2017-03-21,PROV-08,SKU-214859,CLEANING,187,22.21,4153.27,7,168.17,0.8993,credito_15,3.39
2017-03-21,PROV-08,SKU-214860,CLEANING,229,16.03,3670.87,9,214.34,0.936,credito_15,9.67
2017-03-21,PROV-08,SKU-214862,CLEANING,228,4.59,1046.52,8,205.58,0.9017,credito_15,10.81
2017-03-21,PROV-08,SKU-218726,CLEANING,101,13.04,1317.04,8,92.67,0.9175,credito_15,3.89
2017-03-21,PROV-08,SKU-218728,CLEANING,101,8.65,873.65,6,101,1,credito_15,9.61
2017-03-21,PROV-08,SKU-221506,CLEANING,213,13.87,2954.31,7,210.45,0.988,credito_15,2.57
2017-03-21,PROV-08,SKU-224081,CLEANING,147,20.04,2945.88,6,136.08,0.9257,credito_15,1.26
2017-03-21,PROV-08,SKU-226126,CLEANING,212,22.27,4721.24,5,212,1,credito_15,8.28
2017-03-21,PROV-08,SKU-252970,CLEANING,227,8.03,1822.81,7,218.13,0.9609,credito_15,1.41
2017-03-21,PROV-08,SKU-252972,CLEANING,210,4,840,4,205.05,0.9764,credito_15,8.15
2017-03-21,PROV-08,SKU-258376,CLEANING,660,12.72,8395.2,10,617.59,0.9357,credito_15,9.61
2017-03-21,PROV-09,SKU-122095,DAIRY,140,6.17,863.8,7,131.83,0.9416,contado,4.2
2017-03-21,PROV-09,SKU-123347,DAIRY,205,16.24,3329.2,6,189.59,0.9248,contado,2.47
2017-03-21,PROV-09,SKU-129635,DAIRY,843,21.54,18158.22,9,787.33,0.934,contado,4.3
2017-03-21,PROV-09,SKU-1427659,DAIRY,2824,20.77,58654.48,11,2589.26,0.9169,contado,5.87
2017-03-21,PROV-09,SKU-164088,DAIRY,297,6.09,1808.73,6,297,1,contado,0.61
2017-03-21,PROV-09,SKU-173113,DAIRY,73,13.89,1013.97,7,69.2,0.9479,contado,0.57
2017-03-21,PROV-09,SKU-179615,DAIRY,520,23.7,12324,7,520,1,contado,11.16
2017-03-21,PROV-09,SKU-205486,DAIRY,183,22.33,4086.39,8,177.48,0.9698,contado,8.22
2017-03-21,PROV-10,SKU-108696,DELI,362,14.5,5249,10,351.58,0.9712,credito_15,6.85
2017-03-21,PROV-10,SKU-108698,DELI,169,4.36,736.84,9,169,1,credito_15,0.37
2017-03-21,PROV-10,SKU-108701,DELI,206,8.18,1685.08,8,199.88,0.9703,credito_15,1.35
2017-03-21,PROV-10,SKU-208426,DELI,222,18.13,4024.86,11,208.1,0.9374,credito_15,9.7
2017-03-21,PROV-10,SKU-220613,DELI,113,5.5,621.5,6,110.08,0.9742,credito_15,10.64
2017-03-21,PROV-11,SKU-108833,EGGS,116,13.17,1527.72,10,108.8,0.9379,credito_30,9.82
2017-03-21,PROV-11,SKU-127547,EGGS,225,21.95,4938.75,6,183.44,0.8153,credito_30,10.18
2017-03-21,PROV-11,SKU-158680,EGGS,435,15.57,6772.95,10,407.03,0.9357,credito_30,3.92
2017-03-21,PROV-11,SKU-208384,EGGS,1482,13.6,20155.2,8,1324.77,0.8939,credito_30,7.81
2017-03-21,PROV-11,SKU-227111,EGGS,291,15.75,4583.25,8,281.06,0.9658,credito_30,5.65
2017-03-21,PROV-11,SKU-258268,EGGS,391,3.54,1384.14,7,327.67,0.838,credito_30,0.73
2017-03-21,PROV-12,SKU-258411,FROZEN FOODS,221,20.23,4470.83,6,207.39,0.9384,credito_15,9.84
2017-03-21,PROV-13,SKU-103520,GROCERY I,159,24.61,3912.99,10,152.12,0.9567,credito_15,4.19
2017-03-21,PROV-13,SKU-105575,GROCERY I,753,20.25,15248.25,9,693.11,0.9205,credito_15,5.98
2017-03-21,PROV-13,SKU-105577,GROCERY I,107,8.29,887.03,12,92.6,0.8654,credito_15,10.66
2017-03-21,PROV-13,SKU-105737,GROCERY I,176,12.04,2119.04,10,169.39,0.9624,credito_15,7.51
2017-03-21,PROV-13,SKU-105857,GROCERY I,438,22.71,9946.98,6,386.89,0.8833,credito_15,9.17
2017-03-21,PROV-13,SKU-106716,GROCERY I,364,16.92,6158.88,8,334.21,0.9182,credito_15,5.05
2017-03-21,PROV-13,SKU-108797,GROCERY I,338,23.15,7824.7,7,330.19,0.9769,credito_15,4.03
2017-03-21,PROV-13,SKU-111397,GROCERY I,214,10.24,2191.36,6,214,1,credito_15,2.23
2017-03-21,PROV-13,SKU-112830,GROCERY I,187,10.99,2055.13,8,184.61,0.9872,credito_15,1.42
2017-03-21,PROV-13,SKU-114790,GROCERY I,811,24.29,19699.19,9,782.19,0.9645,credito_15,6.65
2017-03-21,PROV-13,SKU-115720,GROCERY I,413,21.56,8904.28,7,325.76,0.7888,credito_15,0.01
2017-03-21,PROV-13,SKU-115850,GROCERY I,758,16.03,12150.74,7,695.31,0.9173,credito_15,11.94
2017-03-21,PROV-13,SKU-115891,GROCERY I,275,15.3,4207.5,7,275,1,credito_15,11.14
2017-03-21,PROV-13,SKU-115892,GROCERY I,923,10.31,9516.13,9,913.94,0.9902,credito_15,1.29
2017-03-21,PROV-13,SKU-115893,GROCERY I,1650,7.16,11814,7,1650,1,credito_15,5.62
2017-03-21,PROV-13,SKU-115894,GROCERY I,1597,4.91,7841.27,7,1294.45,0.8106,credito_15,4.29
2017-03-21,PROV-13,SKU-116018,GROCERY I,556,9.79,5443.24,8,534.65,0.9616,credito_15,2.31
2017-03-21,PROV-13,SKU-116279,GROCERY I,132,7.96,1050.72,7,129.15,0.9784,credito_15,11.83
2017-03-21,PROV-13,SKU-122419,GROCERY I,132,21.05,2778.6,11,124.17,0.9407,credito_15,0.79
2017-03-21,PROV-13,SKU-123601,GROCERY I,824,20.21,16653.04,7,775.65,0.9413,credito_15,10.66
2017-03-21,PROV-13,SKU-123602,GROCERY I,270,21.56,5821.2,10,251.21,0.9304,credito_15,4.51
2017-03-21,PROV-13,SKU-123927,GROCERY I,44,12.89,567.16,9,44,1,credito_15,1.78
2017-03-21,PROV-13,SKU-125430,GROCERY I,630,5.35,3370.5,12,562.28,0.8925,credito_15,11.1
2017-03-21,PROV-13,SKU-127534,GROCERY I,122,9.78,1193.16,7,115.6,0.9475,credito_15,1.96
2017-03-21,PROV-13,SKU-129296,GROCERY I,279,17.27,4818.33,10,248.8,0.8918,credito_15,5.98
2017-03-21,PROV-13,SKU-129297,GROCERY I,280,6.14,1719.2,9,280,1,credito_15,0.68
2017-03-21,PROV-13,SKU-129759,GROCERY I,119,20.22,2406.18,10,119,1,credito_15,9.17
2017-03-21,PROV-13,SKU-153267,GROCERY I,458,14.59,6682.22,8,445.17,0.972,credito_15,4.1
2017-03-21,PROV-13,SKU-155499,GROCERY I,260,11.6,3016,10,250.72,0.9643,credito_15,7.31
2017-03-21,PROV-13,SKU-155500,GROCERY I,1248,5.43,6776.64,9,1104.51,0.885,credito_15,1.26
2017-03-21,PROV-13,SKU-155600,GROCERY I,91,13.97,1271.27,6,84.59,0.9296,credito_15,11.42
2017-03-21,PROV-13,SKU-155601,GROCERY I,83,17.53,1454.99,8,71.8,0.8651,credito_15,9.96
2017-03-21,PROV-13,SKU-155607,GROCERY I,69,13.99,965.31,9,65.47,0.9488,credito_15,2.31
2017-03-21,PROV-13,SKU-155610,GROCERY I,141,1.62,228.42,10,126.76,0.899,credito_15,9.27
2017-03-21,PROV-13,SKU-155621,GROCERY I,115,15.2,1748,8,113.83,0.9898,credito_15,0.65
2017-03-21,PROV-13,SKU-155625,GROCERY I,151,20.43,3084.93,6,144.15,0.9546,credito_15,7.65
2017-03-21,PROV-13,SKU-157956,GROCERY I,192,22.53,4325.76,10,185.92,0.9683,credito_15,9.68
2017-03-21,PROV-13,SKU-158875,GROCERY I,124,10.06,1247.44,12,119.57,0.9643,credito_15,0.02
2017-03-21,PROV-13,SKU-162066,GROCERY I,517,22.92,11849.64,7,475.54,0.9198,credito_15,10.68
2017-03-21,PROV-13,SKU-164036,GROCERY I,354,10.4,3681.6,6,338.64,0.9566,credito_15,11.11
2017-03-21,PROV-13,SKU-164037,GROCERY I,321,20.02,6426.42,7,273.3,0.8514,credito_15,8.62
2017-03-21,PROV-13,SKU-165594,GROCERY I,873,15.04,13129.92,10,819.9,0.9392,credito_15,5.83
2017-03-21,PROV-13,SKU-165693,GROCERY I,550,4.38,2409,11,531.78,0.9669,credito_15,0.75
2017-03-21,PROV-13,SKU-165704,GROCERY I,890,24.86,22125.4,8,820.39,0.9218,credito_15,8.69
2017-03-21,PROV-13,SKU-165705,GROCERY I,202,12.35,2494.7,10,202,1,credito_15,9.51
2017-03-21,PROV-13,SKU-165727,GROCERY I,228,21.7,4947.6,11,224.56,0.9849,credito_15,4.98
2017-03-21,PROV-13,SKU-165988,GROCERY I,532,24.95,13273.4,12,479.32,0.901,credito_15,9.69
2017-03-21,PROV-13,SKU-168989,GROCERY I,129,5.77,744.33,6,129,1,credito_15,2.11
2017-03-21,PROV-13,SKU-169028,GROCERY I,217,3.63,787.71,8,210.2,0.9687,credito_15,0.37
2017-03-21,PROV-13,SKU-170791,GROCERY I,921,7.87,7248.27,8,843.14,0.9155,credito_15,4.61
2017-03-21,PROV-13,SKU-172343,GROCERY I,1178,22.32,26292.96,7,1091.97,0.927,credito_15,6.56
2017-03-21,PROV-13,SKU-173111,GROCERY I,324,18.85,6107.4,12,296,0.9136,credito_15,11.89
2017-03-21,PROV-13,SKU-177395,GROCERY I,342,18.86,6450.12,9,289.99,0.8479,credito_15,5.91
2017-03-21,PROV-13,SKU-179274,GROCERY I,492,4.25,2091,8,474.65,0.9647,credito_15,3
2017-03-21,PROV-13,SKU-179579,GROCERY I,152,16.68,2535.36,9,152,1,credito_15,11.68
2017-03-21,PROV-13,SKU-205381,GROCERY I,100,10.63,1063,7,92.77,0.9277,credito_15,5.53
2017-03-21,PROV-13,SKU-205557,GROCERY I,88,8.19,720.72,9,88,1,credito_15,8.16
2017-03-21,PROV-13,SKU-207857,GROCERY I,324,8.15,2640.6,9,305.2,0.942,credito_15,0.78
2017-03-21,PROV-13,SKU-208514,GROCERY I,315,23.73,7474.95,6,302.26,0.9596,credito_15,6.96
2017-03-21,PROV-13,SKU-208659,GROCERY I,134,19.11,2560.74,7,122.11,0.9113,credito_15,5.12
2017-03-21,PROV-13,SKU-208699,GROCERY I,152,6.33,962.16,6,133.4,0.8776,credito_15,9.02
2017-03-21,PROV-13,SKU-210798,GROCERY I,411,22.64,9305.04,11,411,1,credito_15,9.54
2017-03-21,PROV-13,SKU-211203,GROCERY I,780,20.69,16138.2,9,780,1,credito_15,8.7
2017-03-21,PROV-13,SKU-211206,GROCERY I,258,12.84,3312.72,10,258,1,credito_15,4.3
2017-03-21,PROV-13,SKU-211999,GROCERY I,91,22,2002,11,90.97,0.9997,credito_15,0.75
2017-03-21,PROV-13,SKU-212550,GROCERY I,191,11.44,2185.04,8,166.03,0.8693,credito_15,5.17
2017-03-21,PROV-13,SKU-212552,GROCERY I,251,17.57,4410.07,7,239.7,0.955,credito_15,0.47
2017-03-21,PROV-13,SKU-213066,GROCERY I,323,21.09,6812.07,7,291.63,0.9029,credito_15,7.3
2017-03-21,PROV-13,SKU-213652,GROCERY I,634,10.28,6517.52,6,584.96,0.9226,credito_15,1.62
2017-03-21,PROV-13,SKU-213653,GROCERY I,310,22.82,7074.2,11,280.27,0.9041,credito_15,7.03
2017-03-21,PROV-13,SKU-213788,GROCERY I,270,15.73,4247.1,8,266.38,0.9866,credito_15,11.41
2017-03-21,PROV-13,SKU-215303,GROCERY I,405,22.99,9310.95,10,329.74,0.8142,credito_15,1.73
2017-03-21,PROV-13,SKU-215304,GROCERY I,173,20.98,3629.54,8,172.11,0.9949,credito_15,0.46
2017-03-21,PROV-13,SKU-215327,GROCERY I,618,4.39,2713.02,10,618,1,credito_15,11.74
2017-03-21,PROV-13,SKU-215331,GROCERY I,1034,20.73,21434.82,7,1034,1,credito_15,0.29
2017-03-21,PROV-13,SKU-215332,GROCERY I,466,18.14,8453.24,10,466,1,credito_15,7.61
2017-03-21,PROV-13,SKU-215352,GROCERY I,2924,19.77,57807.48,10,2599.86,0.8891,credito_15,0.19
2017-03-21,PROV-13,SKU-215356,GROCERY I,177,7.24,1281.48,9,161.78,0.914,credito_15,3.19
2017-03-21,PROV-13,SKU-215896,GROCERY I,593,13.91,8248.63,11,582.58,0.9824,credito_15,7.71
2017-03-21,PROV-13,SKU-217827,GROCERY I,247,2.53,624.91,6,247,1,credito_15,2.77
2017-03-21,PROV-13,SKU-220432,GROCERY I,417,17.17,7159.89,9,417,1,credito_15,4.63
2017-03-21,PROV-13,SKU-220435,GROCERY I,1691,21.06,35612.46,8,1590.45,0.9405,credito_15,11.82
2017-03-21,PROV-13,SKU-222879,GROCERY I,1213,8.88,10771.44,10,1093.97,0.9019,credito_15,2.65
2017-03-21,PROV-13,SKU-222975,GROCERY I,666,16.35,10889.1,9,666,1,credito_15,1.16
2017-03-21,PROV-13,SKU-223068,GROCERY I,116,17.11,1984.76,10,112.94,0.9736,credito_15,7.04
2017-03-21,PROV-13,SKU-223136,GROCERY I,1443,15.36,22164.48,10,1332.86,0.9237,credito_15,6.68
2017-03-21,PROV-13,SKU-223463,GROCERY I,116,15.36,1781.76,11,110.42,0.9519,credito_15,1.2
2017-03-21,PROV-13,SKU-229368,GROCERY I,181,19.18,3471.58,10,181,1,credito_15,4.44
2017-03-21,PROV-13,SKU-253145,GROCERY I,533,5.87,3128.71,10,510.87,0.9585,credito_15,10.33
2017-03-21,PROV-13,SKU-255161,GROCERY I,63,17.46,1099.98,7,58.91,0.9351,credito_15,11.28
2017-03-21,PROV-13,SKU-255198,GROCERY I,76,8.35,634.6,9,70.04,0.9216,credito_15,4.74
2017-03-21,PROV-13,SKU-255199,GROCERY I,234,20.85,4878.9,12,215.29,0.92,credito_15,11.45
2017-03-21,PROV-13,SKU-258396,GROCERY I,730,16.42,11986.6,7,722.95,0.9903,credito_15,0.78
2017-03-21,PROV-13,SKU-314384,GROCERY I,3075,4.03,12392.25,6,2899.7,0.943,credito_15,6.66
2017-03-21,PROV-13,SKU-364606,GROCERY I,3932,22.34,87840.88,6,3807.68,0.9684,credito_15,3.71
2017-03-21,PROV-14,SKU-167437,GROCERY II,286,21.71,6209.06,8,266.19,0.9307,credito_30,10.63
2017-03-21,PROV-14,SKU-210520,GROCERY II,21,21.47,450.87,8,18.71,0.891,credito_30,6.79
2017-03-21,PROV-22,SKU-177050,LINGERIE,12,19.6,235.2,7,11.23,0.9358,contado,7.94
2017-03-21,PROV-22,SKU-215468,LINGERIE,57,5.11,291.27,7,51.14,0.8972,contado,7.72
2017-03-21,PROV-25,SKU-584028,MEATS,2270.2,24.29,55143.16,11,2247.99,0.9902,credito_30,3.56
2017-03-21,PROV-26,SKU-114799,PERSONAL CARE,273,11.47,3131.31,2,247.31,0.9059,contado,10.15
2017-03-21,PROV-26,SKU-114800,PERSONAL CARE,279,21.01,5861.79,2,247.6,0.8875,contado,0.3
2017-03-21,PROV-29,SKU-108831,POULTRY,332.95,13.2,4394.94,5,321.31,0.965,credito_15,3.37
2017-03-21,PROV-29,SKU-159156,POULTRY,1018.55,24.7,25158.18,6,915.32,0.8987,credito_15,11.37
2017-03-21,PROV-29,SKU-208539,POULTRY,134.09,9.37,1256.42,2,118.76,0.8857,credito_15,5.37
2017-03-21,PROV-31,SKU-1473410,PRODUCE,3545.68,20.04,71055.43,7,3082.99,0.8695,credito_30,7.81
2017-03-21,PROV-31,SKU-1473474,PRODUCE,8959.96,10.26,91929.19,4,8021.61,0.8953,credito_30,7.85
2017-03-21,PROV-31,SKU-1502392,PRODUCE,2624.21,5.27,13829.59,4,2339.82,0.8916,credito_30,7.28
2017-03-21,PROV-31,SKU-1503844,PRODUCE,10594.48,2.17,22990.02,4,8902.42,0.8403,credito_30,8.42
2017-03-21,PROV-31,SKU-1503847,PRODUCE,2727.33,8.42,22964.12,7,2424.2,0.8889,credito_30,7.56
2017-03-21,PROV-31,SKU-1584575,PRODUCE,3382,3.25,10991.5,8,3255.43,0.9626,credito_30,11.81
2017-03-21,PROV-31,SKU-1642399,PRODUCE,4020.61,24.92,100193.6,10,3654.27,0.9089,credito_30,6.89
2017-03-21,PROV-31,SKU-1686656,PRODUCE,2552,8.68,22151.36,9,2130.86,0.835,credito_30,11.97
2017-03-21,PROV-31,SKU-1695835,PRODUCE,3872.37,5.86,22692.09,8,3163.16,0.8169,credito_30,8.88
2017-03-21,PROV-31,SKU-1751174,PRODUCE,2738.8,10.13,27744.04,7,2281.93,0.8332,credito_30,6.69
2017-03-21,PROV-31,SKU-1926217,PRODUCE,3133,6.14,19236.62,8,2988.21,0.9538,credito_30,5.65
2017-03-28,PROV-01,SKU-121964,AUTOMOTIVE,22,3.38,74.36,7,20.12,0.9145,contado,1.52
2017-03-28,PROV-01,SKU-172995,AUTOMOTIVE,78,6.73,524.94,7,71.41,0.9155,contado,5.33
2017-03-28,PROV-04,SKU-1047679,BEVERAGES,4460,22.41,99948.6,7,3975.55,0.8914,credito_15,10.65
2017-03-28,PROV-04,SKU-119624,BEVERAGES,267,2.86,763.62,5,267,1,credito_15,7.65
2017-03-28,PROV-04,SKU-1430040,BEVERAGES,5917,9.67,57217.39,2,5638.24,0.9529,credito_15,8.28
2017-03-28,PROV-04,SKU-1463992,BEVERAGES,9827,20.67,203124.09,4,9333.49,0.9498,credito_15,8.32
2017-03-28,PROV-04,SKU-1463993,BEVERAGES,7035,8.61,60571.35,6,6234.47,0.8862,credito_15,9.69
2017-03-28,PROV-04,SKU-165550,BEVERAGES,480,10.86,5212.8,5,417.14,0.869,credito_15,3.29
2017-03-28,PROV-04,SKU-165551,BEVERAGES,206,24.82,5112.92,2,185.21,0.8991,credito_15,5.98
2017-03-28,PROV-04,SKU-165553,BEVERAGES,226,2.93,662.18,7,189.83,0.84,credito_15,1.86
2017-03-28,PROV-04,SKU-174081,BEVERAGES,229,7.23,1655.67,5,207.26,0.9051,credito_15,8.87
2017-03-28,PROV-04,SKU-2006812,BEVERAGES,3625,19.22,69672.5,6,3407.71,0.9401,credito_15,5.04
2017-03-28,PROV-04,SKU-2042941,BEVERAGES,7474,10.12,75636.88,3,6710.04,0.8978,credito_15,10.03
2017-03-28,PROV-04,SKU-2042947,BEVERAGES,7838,17.61,138027.18,5,6130.45,0.7821,credito_15,3.19
2017-03-28,PROV-04,SKU-219147,BEVERAGES,324,16.82,5449.68,8,272.14,0.8399,credito_15,4.33
2017-03-28,PROV-04,SKU-219150,BEVERAGES,6,1.52,9.12,5,5.75,0.9583,credito_15,7.8
2017-03-28,PROV-04,SKU-219152,BEVERAGES,243,23.63,5742.09,5,208.98,0.86,credito_15,2.42
2017-03-28,PROV-04,SKU-257848,BEVERAGES,205,5.96,1221.8,3,167.53,0.8172,credito_15,0.96
2017-03-28,PROV-04,SKU-364738,BEVERAGES,3347,14.62,48933.14,5,2852.47,0.8522,credito_15,4
2017-03-28,PROV-04,SKU-819932,BEVERAGES,6487,20.65,133956.55,2,5744.35,0.8855,credito_15,6.63
2017-03-28,PROV-06,SKU-103665,BREAD/BAKERY,195,8.68,1692.6,5,171.33,0.8786,credito_15,1.27
2017-03-28,PROV-06,SKU-1333307,BREAD/BAKERY,2169,11.69,25355.61,4,2050.04,0.9452,credito_15,9.77
2017-03-28,PROV-06,SKU-153239,BREAD/BAKERY,270,9.2,2484,7,243.15,0.9006,credito_15,1.27
2017-03-28,PROV-06,SKU-153395,BREAD/BAKERY,135,14.3,1930.5,7,128.54,0.9521,credito_15,9.97
2017-03-28,PROV-06,SKU-153398,BREAD/BAKERY,190,10.58,2010.2,6,164.39,0.8652,credito_15,8.01
2017-03-28,PROV-06,SKU-165718,BREAD/BAKERY,459,8.98,4121.82,4,371.93,0.8103,credito_15,7.62
2017-03-28,PROV-06,SKU-215370,BREAD/BAKERY,433,19.96,8642.68,6,422.25,0.9752,credito_15,8.45
2017-03-28,PROV-06,SKU-253103,BREAD/BAKERY,113,2.6,293.8,6,107.22,0.9488,credito_15,6.65
2017-03-28,PROV-08,SKU-103501,CLEANING,209,9.62,2010.58,7,206.31,0.9871,credito_15,8.69
2017-03-28,PROV-08,SKU-108786,CLEANING,668,4.58,3059.44,6,611.94,0.9161,credito_15,3.46
2017-03-28,PROV-08,SKU-108952,CLEANING,190,10.81,2053.9,4,189.54,0.9976,credito_15,6.92
2017-03-28,PROV-08,SKU-115267,CLEANING,463,1.77,819.51,10,383.84,0.829,credito_15,11.54
2017-03-28,PROV-08,SKU-116311,CLEANING,33,17.2,567.6,8,33,1,credito_15,0.69
2017-03-28,PROV-08,SKU-119023,CLEANING,111,24.77,2749.47,6,95.95,0.8644,credito_15,8.23
2017-03-28,PROV-08,SKU-119024,CLEANING,370,6.05,2238.5,10,364.02,0.9838,credito_15,11.59
2017-03-28,PROV-08,SKU-119026,CLEANING,542,8.19,4438.98,5,520.59,0.9605,credito_15,2.94
2017-03-28,PROV-08,SKU-119187,CLEANING,166,13.85,2299.1,4,166,1,credito_15,7.41
2017-03-28,PROV-08,SKU-119191,CLEANING,163,15.12,2464.56,7,163,1,credito_15,0.56
2017-03-28,PROV-08,SKU-119193,CLEANING,105,13.08,1373.4,5,102.81,0.9791,credito_15,7.88
2017-03-28,PROV-08,SKU-122425,CLEANING,115,8.09,930.35,7,109.81,0.9549,credito_15,5.18
2017-03-28,PROV-08,SKU-153078,CLEANING,184,6.87,1264.08,9,184,1,credito_15,3.4
2017-03-28,PROV-08,SKU-158788,CLEANING,372,22.36,8317.92,10,358.55,0.9638,credito_15,7.19
2017-03-28,PROV-08,SKU-158789,CLEANING,821,24.65,20237.65,6,733.05,0.8929,credito_15,4.87
2017-03-28,PROV-08,SKU-158956,CLEANING,329,24.55,8076.95,10,324.57,0.9865,credito_15,11.34
2017-03-28,PROV-08,SKU-159242,CLEANING,367,2.52,924.84,5,367,1,credito_15,3.16
2017-03-28,PROV-08,SKU-164647,CLEANING,1357,18.9,25647.3,9,1331.99,0.9816,credito_15,5.65
2017-03-28,PROV-08,SKU-168927,CLEANING,595,6.22,3700.9,10,539.13,0.9061,credito_15,2.36
2017-03-28,PROV-08,SKU-168930,CLEANING,630,2.51,1581.3,7,624.44,0.9912,credito_15,10.16
2017-03-28,PROV-08,SKU-168931,CLEANING,310,3.83,1187.3,6,294.24,0.9492,credito_15,3.65
2017-03-28,PROV-08,SKU-169101,CLEANING,53,9.59,508.27,10,53,1,credito_15,10.19
2017-03-28,PROV-08,SKU-169104,CLEANING,19,9.36,177.84,6,19,1,credito_15,4.31
2017-03-28,PROV-08,SKU-171890,CLEANING,84,10.02,841.68,8,79.29,0.9439,credito_15,0.71
2017-03-28,PROV-08,SKU-176411,CLEANING,26,16.05,417.3,6,24.17,0.9296,credito_15,10.1
2017-03-28,PROV-08,SKU-208498,CLEANING,190,19.45,3695.5,4,166.51,0.8764,credito_15,6.98
2017-03-28,PROV-08,SKU-209085,CLEANING,300,4.68,1404,8,245.72,0.8191,credito_15,11.82
2017-03-28,PROV-08,SKU-214381,CLEANING,442,9.45,4176.9,7,382.22,0.8648,credito_15,8.83
2017-03-28,PROV-08,SKU-214859,CLEANING,233,22.21,5174.93,9,186.12,0.7988,credito_15,3.39
2017-03-28,PROV-08,SKU-214860,CLEANING,238,16.03,3815.14,6,216.29,0.9088,credito_15,9.67
2017-03-28,PROV-08,SKU-214862,CLEANING,278,4.59,1276.02,10,258.15,0.9286,credito_15,10.81
2017-03-28,PROV-08,SKU-218726,CLEANING,87,13.04,1134.48,9,77.13,0.8866,credito_15,3.89
2017-03-28,PROV-08,SKU-218728,CLEANING,141,8.65,1219.65,5,139.29,0.9879,credito_15,9.61
2017-03-28,PROV-08,SKU-221506,CLEANING,236,13.87,3273.32,9,235.27,0.9969,credito_15,2.57
2017-03-28,PROV-08,SKU-224081,CLEANING,218,20.04,4368.72,6,218,1,credito_15,1.26
2017-03-28,PROV-08,SKU-226126,CLEANING,373,22.27,8306.71,8,354.96,0.9516,credito_15,8.28
2017-03-28,PROV-08,SKU-252970,CLEANING,252,8.03,2023.56,4,239.56,0.9506,credito_15,1.41
2017-03-28,PROV-08,SKU-252972,CLEANING,274,4,1096,10,249.1,0.9091,credito_15,8.15
2017-03-28,PROV-08,SKU-258376,CLEANING,882,12.72,11219.04,4,882,1,credito_15,9.61
2017-03-28,PROV-09,SKU-122095,DAIRY,185,6.17,1141.45,12,158.91,0.859,contado,4.2
2017-03-28,PROV-09,SKU-129635,DAIRY,929,21.54,20010.66,7,910.61,0.9802,contado,4.3
2017-03-28,PROV-09,SKU-1427659,DAIRY,2928,20.77,60814.56,9,2811.41,0.9602,contado,5.87
2017-03-28,PROV-09,SKU-158842,DAIRY,233,19.63,4573.79,9,206.91,0.888,contado,7.14
2017-03-28,PROV-09,SKU-164088,DAIRY,342,6.09,2082.78,8,312.25,0.913,contado,0.61
2017-03-28,PROV-09,SKU-173113,DAIRY,104,13.89,1444.56,7,98.78,0.9498,contado,0.57
2017-03-28,PROV-09,SKU-179615,DAIRY,510,23.7,12087,8,435,0.8529,contado,11.16
2017-03-28,PROV-09,SKU-205486,DAIRY,178,22.33,3974.74,6,158.72,0.8917,contado,8.22
2017-03-28,PROV-10,SKU-108696,DELI,378,14.5,5481,6,349.27,0.924,credito_15,6.85
2017-03-28,PROV-10,SKU-108698,DELI,226,4.36,985.36,9,226,1,credito_15,0.37
2017-03-28,PROV-10,SKU-108701,DELI,237,8.18,1938.66,10,236.62,0.9984,credito_15,1.35
2017-03-28,PROV-10,SKU-208426,DELI,214,18.13,3879.82,10,196.86,0.9199,credito_15,9.7
2017-03-28,PROV-10,SKU-220613,DELI,130,5.5,715,11,125.32,0.964,credito_15,10.64
2017-03-28,PROV-11,SKU-108833,EGGS,138,13.17,1817.46,8,127.91,0.9269,credito_30,9.82
2017-03-28,PROV-11,SKU-127547,EGGS,244,21.95,5355.8,6,220.4,0.9033,credito_30,10.18
2017-03-28,PROV-11,SKU-158680,EGGS,432,15.57,6726.24,7,371.85,0.8608,credito_30,3.92
2017-03-28,PROV-11,SKU-208384,EGGS,1059,13.6,14402.4,12,934.13,0.8821,credito_30,7.81
2017-03-28,PROV-11,SKU-208386,EGGS,389,17.06,6636.34,9,367.01,0.9435,credito_30,6.32
2017-03-28,PROV-11,SKU-227111,EGGS,299,15.75,4709.25,12,276.44,0.9245,credito_30,5.65
2017-03-28,PROV-11,SKU-258268,EGGS,337,3.54,1192.98,9,283.1,0.8401,credito_30,0.73
2017-03-28,PROV-12,SKU-258411,FROZEN FOODS,236,20.23,4774.28,8,236,1,credito_15,9.84
2017-03-28,PROV-13,SKU-103520,GROCERY I,127,24.61,3125.47,9,127,1,credito_15,4.19
2017-03-28,PROV-13,SKU-105574,GROCERY I,601,1.76,1057.76,8,506.36,0.8425,credito_15,10.52
2017-03-28,PROV-13,SKU-105575,GROCERY I,912,20.25,18468,8,904.19,0.9914,credito_15,5.98
2017-03-28,PROV-13,SKU-105576,GROCERY I,864,13.13,11344.32,10,811.18,0.9389,credito_15,5.21
2017-03-28,PROV-13,SKU-105577,GROCERY I,117,8.29,969.93,12,115.87,0.9903,credito_15,10.66
2017-03-28,PROV-13,SKU-105737,GROCERY I,224,12.04,2696.96,10,223.24,0.9966,credito_15,7.51
2017-03-28,PROV-13,SKU-105857,GROCERY I,431,22.71,9788.01,6,416.5,0.9664,credito_15,9.17
2017-03-28,PROV-13,SKU-106716,GROCERY I,429,16.92,7258.68,10,385.15,0.8978,credito_15,5.05
2017-03-28,PROV-13,SKU-108079,GROCERY I,141,24.15,3405.15,8,126.33,0.896,credito_15,9.51
2017-03-28,PROV-13,SKU-108797,GROCERY I,405,23.15,9375.75,7,395.35,0.9762,credito_15,4.03
2017-03-28,PROV-13,SKU-108862,GROCERY I,63,17.93,1129.59,12,62.61,0.9938,credito_15,1.47
2017-03-28,PROV-13,SKU-111223,GROCERY I,1078,17.97,19371.66,9,1078,1,credito_15,4.17
2017-03-28,PROV-13,SKU-111397,GROCERY I,244,10.24,2498.56,12,220.7,0.9045,credito_15,2.23
2017-03-28,PROV-13,SKU-112830,GROCERY I,263,10.99,2890.37,8,263,1,credito_15,1.42
2017-03-28,PROV-13,SKU-114790,GROCERY I,1497,24.29,36362.13,9,1269.03,0.8477,credito_15,6.65
2017-03-28,PROV-13,SKU-115611,GROCERY I,1156,22.31,25790.36,6,1156,1,credito_15,4.13
2017-03-28,PROV-13,SKU-115693,GROCERY I,529,23.46,12410.34,9,517.52,0.9783,credito_15,5.42
2017-03-28,PROV-13,SKU-115720,GROCERY I,411,21.56,8861.16,7,398.44,0.9694,credito_15,0.01
2017-03-28,PROV-13,SKU-115850,GROCERY I,1600,16.03,25648,8,1535.43,0.9596,credito_15,11.94
2017-03-28,PROV-13,SKU-115891,GROCERY I,275,15.3,4207.5,6,238.84,0.8685,credito_15,11.14
2017-03-28,PROV-13,SKU-115892,GROCERY I,751,10.31,7742.81,8,751,1,credito_15,1.29
2017-03-28,PROV-13,SKU-115893,GROCERY I,1823,7.16,13052.68,7,1735.69,0.9521,credito_15,5.62
2017-03-28,PROV-13,SKU-115894,GROCERY I,2151,4.91,10561.41,11,2151,1,credito_15,4.29
2017-03-28,PROV-13,SKU-116017,GROCERY I,1435,5.48,7863.8,10,1435,1,credito_15,5.71
2017-03-28,PROV-13,SKU-116018,GROCERY I,579,9.79,5668.41,9,509.11,0.8793,credito_15,2.31
2017-03-28,PROV-13,SKU-116279,GROCERY I,169,7.96,1345.24,11,161.25,0.9541,credito_15,11.83
2017-03-28,PROV-13,SKU-122419,GROCERY I,199,21.05,4188.95,12,190.44,0.957,credito_15,0.79
2017-03-28,PROV-13,SKU-123602,GROCERY I,357,21.56,7696.92,7,357,1,credito_15,4.51
2017-03-28,PROV-13,SKU-123927,GROCERY I,79,12.89,1018.31,9,79,1,credito_15,1.78
2017-03-28,PROV-13,SKU-125430,GROCERY I,499,5.35,2669.65,9,481.67,0.9653,credito_15,11.1
2017-03-28,PROV-13,SKU-127534,GROCERY I,181,9.78,1770.18,8,148.6,0.821,credito_15,1.96
2017-03-28,PROV-13,SKU-129296,GROCERY I,299,17.27,5163.73,6,288.36,0.9644,credito_15,5.98
2017-03-28,PROV-13,SKU-129759,GROCERY I,147,20.22,2972.34,7,130.03,0.8846,credito_15,9.17
2017-03-28,PROV-13,SKU-153267,GROCERY I,511,14.59,7455.49,9,483.6,0.9464,credito_15,4.1
2017-03-28,PROV-13,SKU-155499,GROCERY I,340,11.6,3944,7,315.26,0.9272,credito_15,7.31
2017-03-28,PROV-13,SKU-155500,GROCERY I,2215,5.43,12027.45,8,1938.66,0.8752,credito_15,1.26
2017-03-28,PROV-13,SKU-155600,GROCERY I,171,13.97,2388.87,8,162.66,0.9512,credito_15,11.42
2017-03-28,PROV-13,SKU-155601,GROCERY I,92,17.53,1612.76,6,92,1,credito_15,9.96
2017-03-28,PROV-13,SKU-155607,GROCERY I,96,13.99,1343.04,8,82.14,0.8556,credito_15,2.31
2017-03-28,PROV-13,SKU-155610,GROCERY I,189,1.62,306.18,10,188.5,0.9974,credito_15,9.27
2017-03-28,PROV-13,SKU-155621,GROCERY I,145,15.2,2204,8,139.09,0.9592,credito_15,0.65
2017-03-28,PROV-13,SKU-155625,GROCERY I,181,20.43,3697.83,7,140.67,0.7772,credito_15,7.65
2017-03-28,PROV-13,SKU-157956,GROCERY I,220,22.53,4956.6,6,196.18,0.8917,credito_15,9.68
2017-03-28,PROV-13,SKU-158875,GROCERY I,117,10.06,1177.02,12,117,1,credito_15,0.02
2017-03-28,PROV-13,SKU-162066,GROCERY I,687,22.92,15746.04,10,687,1,credito_15,10.68
2017-03-28,PROV-13,SKU-165594,GROCERY I,859,15.04,12919.36,6,813.6,0.9471,credito_15,5.83
2017-03-28,PROV-13,SKU-165693,GROCERY I,545,4.38,2387.1,6,544.64,0.9993,credito_15,0.75
2017-03-28,PROV-13,SKU-165704,GROCERY I,916,24.86,22771.76,9,916,1,credito_15,8.69
2017-03-28,PROV-13,SKU-165705,GROCERY I,165,12.35,2037.75,10,146.16,0.8858,credito_15,9.51
2017-03-28,PROV-13,SKU-165727,GROCERY I,309,21.7,6705.3,12,279.39,0.9042,credito_15,4.98
2017-03-28,PROV-13,SKU-165988,GROCERY I,746,24.95,18612.7,9,746,1,credito_15,9.69
2017-03-28,PROV-13,SKU-168989,GROCERY I,93,5.77,536.61,11,77.38,0.832,credito_15,2.11
2017-03-28,PROV-13,SKU-169028,GROCERY I,391,3.63,1419.33,10,386.94,0.9896,credito_15,0.37
2017-03-28,PROV-13,SKU-170791,GROCERY I,850,7.87,6689.5,6,816.37,0.9604,credito_15,4.61
2017-03-28,PROV-13,SKU-172184,GROCERY I,356,15.9,5660.4,7,349.41,0.9815,credito_15,9.62
2017-03-28,PROV-13,SKU-173111,GROCERY I,416,18.85,7841.6,10,396.96,0.9542,credito_15,11.89
2017-03-28,PROV-13,SKU-177395,GROCERY I,410,18.86,7732.6,10,407.13,0.993,credito_15,5.91
2017-03-28,PROV-13,SKU-179274,GROCERY I,491,4.25,2086.75,9,491,1,credito_15,3
2017-03-28,PROV-13,SKU-179579,GROCERY I,116,16.68,1934.88,8,93.94,0.8098,credito_15,11.68
2017-03-28,PROV-13,SKU-205381,GROCERY I,136,10.63,1445.68,7,125.35,0.9217,credito_15,5.53
2017-03-28,PROV-13,SKU-205557,GROCERY I,95,8.19,778.05,10,88.86,0.9354,credito_15,8.16
2017-03-28,PROV-13,SKU-207857,GROCERY I,372,8.15,3031.8,8,337.57,0.9074,credito_15,0.78
2017-03-28,PROV-13,SKU-208514,GROCERY I,410,23.73,9729.3,10,410,1,credito_15,6.96
2017-03-28,PROV-13,SKU-208659,GROCERY I,193,19.11,3688.23,10,183.34,0.9499,credito_15,5.12
2017-03-28,PROV-13,SKU-208699,GROCERY I,166,6.33,1050.78,10,161.95,0.9756,credito_15,9.02
2017-03-28,PROV-13,SKU-210798,GROCERY I,365,22.64,8263.6,8,327.48,0.8972,credito_15,9.54
2017-03-28,PROV-13,SKU-211203,GROCERY I,1395,20.69,28862.55,10,1218.63,0.8736,credito_15,8.7
2017-03-28,PROV-13,SKU-211205,GROCERY I,866,11.7,10132.2,12,751.11,0.8673,credito_15,11.59
2017-03-28,PROV-13,SKU-211206,GROCERY I,524,12.84,6728.16,8,435.9,0.8319,credito_15,4.3
2017-03-28,PROV-13,SKU-211999,GROCERY I,96,22,2112,12,91.87,0.957,credito_15,0.75
2017-03-28,PROV-13,SKU-212550,GROCERY I,178,11.44,2036.32,10,178,1,credito_15,5.17
2017-03-28,PROV-13,SKU-213066,GROCERY I,373,21.09,7866.57,10,363.02,0.9732,credito_15,7.3
2017-03-28,PROV-13,SKU-213652,GROCERY I,591,10.28,6075.48,12,498.38,0.8433,credito_15,1.62
2017-03-28,PROV-13,SKU-213653,GROCERY I,353,22.82,8055.46,8,342.97,0.9716,credito_15,7.03
2017-03-28,PROV-13,SKU-213788,GROCERY I,300,15.73,4719,8,287.56,0.9585,credito_15,11.41
2017-03-28,PROV-13,SKU-215303,GROCERY I,640,22.99,14713.6,8,597.01,0.9328,credito_15,1.73
2017-03-28,PROV-13,SKU-215304,GROCERY I,171,20.98,3587.58,7,168.81,0.9872,credito_15,0.46
2017-03-28,PROV-13,SKU-215327,GROCERY I,908,4.39,3986.12,9,844.07,0.9296,credito_15,11.74
2017-03-28,PROV-13,SKU-215331,GROCERY I,1519,20.73,31488.87,9,1447.06,0.9526,credito_15,0.29
2017-03-28,PROV-13,SKU-215332,GROCERY I,573,18.14,10394.22,6,520.61,0.9086,credito_15,7.61
2017-03-28,PROV-13,SKU-215352,GROCERY I,3175,19.77,62769.75,11,3157.32,0.9944,credito_15,0.19
2017-03-28,PROV-13,SKU-215356,GROCERY I,207,7.24,1498.68,12,207,1,credito_15,3.19
2017-03-28,PROV-13,SKU-215896,GROCERY I,694,13.91,9653.54,6,661.4,0.953,credito_15,7.71
2017-03-28,PROV-13,SKU-217827,GROCERY I,252,2.53,637.56,6,230.93,0.9164,credito_15,2.77
2017-03-28,PROV-13,SKU-220435,GROCERY I,1889,21.06,39782.34,6,1744.71,0.9236,credito_15,11.82
2017-03-28,PROV-13,SKU-222879,GROCERY I,1457,8.88,12938.16,6,1306.01,0.8964,credito_15,2.65
2017-03-28,PROV-13,SKU-222975,GROCERY I,837,16.35,13684.95,9,809.49,0.9671,credito_15,1.16
2017-03-28,PROV-13,SKU-223068,GROCERY I,145,17.11,2480.95,9,126.61,0.8732,credito_15,7.04
2017-03-28,PROV-13,SKU-223136,GROCERY I,1704,15.36,26173.44,9,1506.57,0.8841,credito_15,6.68
2017-03-28,PROV-13,SKU-223434,GROCERY I,515,11.22,5778.3,11,457.82,0.889,credito_15,4.5
2017-03-28,PROV-13,SKU-223463,GROCERY I,175,15.36,2688,7,175,1,credito_15,1.2
2017-03-28,PROV-13,SKU-229368,GROCERY I,212,19.18,4066.16,7,204.55,0.9649,credito_15,4.44
2017-03-28,PROV-13,SKU-255161,GROCERY I,100,17.46,1746,10,84.71,0.8471,credito_15,11.28
2017-03-28,PROV-13,SKU-255202,GROCERY I,119,8.12,966.28,10,107.56,0.9039,credito_15,7.57
2017-03-28,PROV-13,SKU-258395,GROCERY I,118,7.79,919.22,6,110.8,0.939,credito_15,4.92
2017-03-28,PROV-13,SKU-258396,GROCERY I,742,16.42,12183.64,7,698.68,0.9416,credito_15,0.78
2017-03-28,PROV-13,SKU-314384,GROCERY I,3287,4.03,13246.61,9,3221.95,0.9802,credito_15,6.66
2017-03-28,PROV-13,SKU-364606,GROCERY I,4528,22.34,101155.52,7,4528,1,credito_15,3.71
2017-03-28,PROV-14,SKU-167437,GROCERY II,232,21.71,5036.72,3,205.52,0.8859,credito_30,10.63
2017-03-28,PROV-14,SKU-210520,GROCERY II,16,21.47,343.52,3,15.45,0.9656,credito_30,6.79
2017-03-28,PROV-18,SKU-250782,HOME APPLIANCES,41,22.99,942.59,10,41,1,contado,7.75
2017-03-28,PROV-22,SKU-115847,LINGERIE,31,24.3,753.3,5,25.62,0.8265,contado,3.39
2017-03-28,PROV-22,SKU-177050,LINGERIE,18,19.6,352.8,11,17.08,0.9489,contado,7.94
2017-03-28,PROV-22,SKU-215468,LINGERIE,21,5.11,107.31,10,18.99,0.9043,contado,7.72
2017-03-28,PROV-25,SKU-205209,MEATS,192.6,3.26,627.88,7,176.45,0.9161,credito_30,1.36
2017-03-28,PROV-25,SKU-584028,MEATS,2240.41,24.29,54419.56,12,2240.409912,1,credito_30,3.56
2017-03-28,PROV-26,SKU-114799,PERSONAL CARE,406,11.47,4656.82,7,362.08,0.8918,contado,10.15
2017-03-28,PROV-26,SKU-114800,PERSONAL CARE,243,21.01,5105.43,3,224.16,0.9225,contado,0.3
2017-03-28,PROV-29,SKU-108831,POULTRY,396.53,13.2,5234.2,8,392.56,0.99,credito_15,3.37
2017-03-28,PROV-29,SKU-159156,POULTRY,1148.22,24.7,28361.03,7,1059.41,0.9227,credito_15,11.37
2017-03-28,PROV-29,SKU-208539,POULTRY,188.49,9.37,1766.15,3,188.47,0.9999,credito_15,5.37
2017-03-28,PROV-31,SKU-1473410,PRODUCE,3619.38,20.04,72532.37,9,3551.06,0.9811,credito_30,7.81
2017-03-28,PROV-31,SKU-1473474,PRODUCE,8900.87,10.26,91322.93,7,7770.52,0.873,credito_30,7.85
2017-03-28,PROV-31,SKU-1502392,PRODUCE,2491.92,5.27,13132.42,7,2095.86,0.8411,credito_30,7.28
2017-03-28,PROV-31,SKU-1503844,PRODUCE,9524.27,2.17,20667.66,4,9524.269531,1,credito_30,8.42
2017-03-28,PROV-31,SKU-1503847,PRODUCE,2697.15,8.42,22710,7,2356.78,0.8738,credito_30,7.56
2017-03-28,PROV-31,SKU-1584575,PRODUCE,3406,3.25,11069.5,5,3023.48,0.8877,credito_30,11.81
2017-03-28,PROV-31,SKU-1642399,PRODUCE,3629.74,24.92,90453.12,10,3304.91,0.9105,credito_30,6.89
2017-03-28,PROV-31,SKU-1686656,PRODUCE,2565,8.68,22264.2,4,2490.29,0.9709,credito_30,11.97
2017-03-28,PROV-31,SKU-1695835,PRODUCE,3811.53,5.86,22335.57,8,3341.99,0.8768,credito_30,8.88
2017-03-28,PROV-31,SKU-1751174,PRODUCE,1937.24,10.13,19624.24,4,1783.26,0.9205,credito_30,6.69
2017-03-28,PROV-31,SKU-1926217,PRODUCE,3304,6.14,20286.56,8,3194.85,0.967,credito_30,5.65
2017-03-28,PROV-33,SKU-252698,SEAFOOD,169.18,7.5,1268.85,9,158.79,0.9386,contado,11.52
2017-04-04,PROV-01,SKU-121964,AUTOMOTIVE,23,3.38,77.74,9,23,1,contado,1.52
2017-04-04,PROV-01,SKU-172995,AUTOMOTIVE,83,6.73,558.59,10,77.31,0.9314,contado,5.33
2017-04-04,PROV-04,SKU-1047679,BEVERAGES,4781,22.41,107142.21,5,4528.16,0.9471,credito_15,10.65
2017-04-04,PROV-04,SKU-119624,BEVERAGES,290,2.86,829.4,8,260.21,0.8973,credito_15,7.65
2017-04-04,PROV-04,SKU-1430040,BEVERAGES,7424,9.67,71790.08,3,6238.29,0.8403,credito_15,8.28
2017-04-04,PROV-04,SKU-1463992,BEVERAGES,10403,20.67,215030.01,6,9597.38,0.9226,credito_15,8.32
2017-04-04,PROV-04,SKU-1463993,BEVERAGES,7318,8.61,63007.98,4,6645.1,0.908,credito_15,9.69
2017-04-04,PROV-04,SKU-165550,BEVERAGES,389,10.86,4224.54,8,357.75,0.9197,credito_15,3.29
2017-04-04,PROV-04,SKU-165551,BEVERAGES,125,24.82,3102.5,5,112.71,0.9017,credito_15,5.98
2017-04-04,PROV-04,SKU-165553,BEVERAGES,199,2.93,583.07,8,177.27,0.8908,credito_15,1.86
2017-04-04,PROV-04,SKU-174081,BEVERAGES,206,7.23,1489.38,5,179.39,0.8708,credito_15,8.87
2017-04-04,PROV-04,SKU-2006812,BEVERAGES,4055,19.22,77937.1,8,3705.29,0.9138,credito_15,5.04
2017-04-04,PROV-04,SKU-2042941,BEVERAGES,7533,10.12,76233.96,3,7067.27,0.9382,credito_15,10.03
2017-04-04,PROV-04,SKU-2042947,BEVERAGES,8746,17.61,154017.06,8,7054.55,0.8066,credito_15,3.19
2017-04-04,PROV-04,SKU-219147,BEVERAGES,337,16.82,5668.34,4,284.26,0.8435,credito_15,4.33
2017-04-04,PROV-04,SKU-219150,BEVERAGES,9,1.52,13.68,7,6.85,0.7611,credito_15,7.8
2017-04-04,PROV-04,SKU-219152,BEVERAGES,314,23.63,7419.82,3,259.88,0.8276,credito_15,2.42
2017-04-04,PROV-04,SKU-257848,BEVERAGES,171,5.96,1019.16,7,144.83,0.847,credito_15,0.96
2017-04-04,PROV-04,SKU-364738,BEVERAGES,2835,14.62,41447.7,2,2657.97,0.9376,credito_15,4
2017-04-04,PROV-04,SKU-819932,BEVERAGES,6266,20.65,129392.9,6,5704.1,0.9103,credito_15,6.63
2017-04-04,PROV-06,SKU-103665,BREAD/BAKERY,182,8.68,1579.76,8,172.07,0.9454,credito_15,1.27
2017-04-04,PROV-06,SKU-1333307,BREAD/BAKERY,1968,11.69,23005.92,5,1875.62,0.9531,credito_15,9.77
2017-04-04,PROV-06,SKU-153239,BREAD/BAKERY,227,9.2,2088.4,7,187.94,0.8279,credito_15,1.27
2017-04-04,PROV-06,SKU-153395,BREAD/BAKERY,137,14.3,1959.1,6,130.62,0.9534,credito_15,9.97
2017-04-04,PROV-06,SKU-153398,BREAD/BAKERY,179,10.58,1893.82,9,160.07,0.8942,credito_15,8.01
2017-04-04,PROV-06,SKU-165718,BREAD/BAKERY,361,8.98,3241.78,8,357.24,0.9896,credito_15,7.62
2017-04-04,PROV-06,SKU-215370,BREAD/BAKERY,478,19.96,9540.88,6,415.67,0.8696,credito_15,8.45
2017-04-04,PROV-06,SKU-253103,BREAD/BAKERY,83,2.6,215.8,9,69.48,0.8371,credito_15,6.65
2017-04-04,PROV-08,SKU-103501,CLEANING,200,9.62,1924,9,195.22,0.9761,credito_15,8.69
2017-04-04,PROV-08,SKU-108786,CLEANING,552,4.58,2528.16,5,519.76,0.9416,credito_15,3.46
2017-04-04,PROV-08,SKU-108952,CLEANING,224,10.81,2421.44,5,217.5,0.971,credito_15,6.92
2017-04-04,PROV-08,SKU-115267,CLEANING,425,1.77,752.25,4,425,1,credito_15,11.54
2017-04-04,PROV-08,SKU-116311,CLEANING,35,17.2,602,7,35,1,credito_15,0.69
2017-04-04,PROV-08,SKU-119023,CLEANING,113,24.77,2799.01,8,105.94,0.9375,credito_15,8.23
2017-04-04,PROV-08,SKU-119024,CLEANING,295,6.05,1784.75,10,258.78,0.8772,credito_15,11.59
2017-04-04,PROV-08,SKU-119026,CLEANING,504,8.19,4127.76,8,465.19,0.923,credito_15,2.94
2017-04-04,PROV-08,SKU-119187,CLEANING,231,13.85,3199.35,6,231,1,credito_15,7.41
2017-04-04,PROV-08,SKU-119191,CLEANING,188,15.12,2842.56,7,188,1,credito_15,0.56
2017-04-04,PROV-08,SKU-119193,CLEANING,141,13.08,1844.28,9,141,1,credito_15,7.88
2017-04-04,PROV-08,SKU-122425,CLEANING,108,8.09,873.72,8,95.64,0.8856,credito_15,5.18
2017-04-04,PROV-08,SKU-153078,CLEANING,183,6.87,1257.21,6,167.22,0.9138,credito_15,3.4
2017-04-04,PROV-08,SKU-158788,CLEANING,350,22.36,7826,10,350,1,credito_15,7.19
2017-04-04,PROV-08,SKU-158789,CLEANING,843,24.65,20779.95,5,843,1,credito_15,4.87
2017-04-04,PROV-08,SKU-158956,CLEANING,364,24.55,8936.2,9,345.78,0.9499,credito_15,11.34
2017-04-04,PROV-08,SKU-159242,CLEANING,348,2.52,876.96,10,348,1,credito_15,3.16
2017-04-04,PROV-08,SKU-164647,CLEANING,1078,18.9,20374.2,5,1060.06,0.9834,credito_15,5.65
2017-04-04,PROV-08,SKU-168927,CLEANING,745,6.22,4633.9,7,745,1,credito_15,2.36
2017-04-04,PROV-08,SKU-168930,CLEANING,694,2.51,1741.94,6,694,1,credito_15,10.16
2017-04-04,PROV-08,SKU-168931,CLEANING,254,3.83,972.82,10,244.01,0.9607,credito_15,3.65
2017-04-04,PROV-08,SKU-169101,CLEANING,96,9.59,920.64,4,88.73,0.9243,credito_15,10.19
2017-04-04,PROV-08,SKU-169104,CLEANING,15,9.36,140.4,4,14.15,0.9433,credito_15,4.31
2017-04-04,PROV-08,SKU-171890,CLEANING,137,10.02,1372.74,10,137,1,credito_15,0.71
2017-04-04,PROV-08,SKU-176411,CLEANING,25,16.05,401.25,10,24.81,0.9924,credito_15,10.1
2017-04-04,PROV-08,SKU-208498,CLEANING,172,19.45,3345.4,9,172,1,credito_15,6.98
2017-04-04,PROV-08,SKU-209085,CLEANING,246,4.68,1151.28,9,232.68,0.9459,credito_15,11.82
2017-04-04,PROV-08,SKU-214381,CLEANING,496,9.45,4687.2,8,490.33,0.9886,credito_15,8.83
2017-04-04,PROV-08,SKU-214859,CLEANING,263,22.21,5841.23,9,250.24,0.9515,credito_15,3.39
2017-04-04,PROV-08,SKU-214860,CLEANING,227,16.03,3638.81,10,221.27,0.9748,credito_15,9.67
2017-04-04,PROV-08,SKU-214862,CLEANING,251,4.59,1152.09,7,243.09,0.9685,credito_15,10.81
2017-04-04,PROV-08,SKU-218726,CLEANING,93,13.04,1212.72,9,93,1,credito_15,3.89
2017-04-04,PROV-08,SKU-218728,CLEANING,114,8.65,986.1,6,114,1,credito_15,9.61
2017-04-04,PROV-08,SKU-221506,CLEANING,265,13.87,3675.55,9,253.4,0.9562,credito_15,2.57
2017-04-04,PROV-08,SKU-224081,CLEANING,222,20.04,4448.88,8,196.15,0.8836,credito_15,1.26
2017-04-04,PROV-08,SKU-226126,CLEANING,357,22.27,7950.39,5,357,1,credito_15,8.28
2017-04-04,PROV-08,SKU-252970,CLEANING,227,8.03,1822.81,10,211.19,0.9304,credito_15,1.41
2017-04-04,PROV-08,SKU-252972,CLEANING,246,4,984,4,235.49,0.9573,credito_15,8.15
2017-04-04,PROV-08,SKU-258376,CLEANING,748,12.72,9514.56,9,704.29,0.9416,credito_15,9.61
2017-04-04,PROV-09,SKU-122095,DAIRY,174,6.17,1073.58,8,151.02,0.8679,contado,4.2
2017-04-04,PROV-09,SKU-123347,DAIRY,271,16.24,4401.04,9,223.83,0.8259,contado,2.47
2017-04-04,PROV-09,SKU-1427659,DAIRY,2520,20.77,52340.4,12,2519.68,0.9999,contado,5.87
2017-04-04,PROV-09,SKU-158842,DAIRY,251,19.63,4927.13,9,251,1,contado,7.14
2017-04-04,PROV-09,SKU-164088,DAIRY,354,6.09,2155.86,8,350.21,0.9893,contado,0.61
2017-04-04,PROV-09,SKU-173113,DAIRY,99,13.89,1375.11,8,87.89,0.8878,contado,0.57
2017-04-04,PROV-09,SKU-179615,DAIRY,551,23.7,13058.7,6,529.83,0.9616,contado,11.16
2017-04-04,PROV-09,SKU-205486,DAIRY,167,22.33,3729.11,9,154.58,0.9256,contado,8.22
2017-04-04,PROV-10,SKU-108696,DELI,397,14.5,5756.5,10,378.1,0.9524,credito_15,6.85
2017-04-04,PROV-10,SKU-108698,DELI,206,4.36,898.16,10,205.93,0.9997,credito_15,0.37
2017-04-04,PROV-10,SKU-108701,DELI,246,8.18,2012.28,10,246,1,credito_15,1.35
2017-04-04,PROV-10,SKU-208426,DELI,160,18.13,2900.8,10,148.35,0.9272,credito_15,9.7
2017-04-04,PROV-10,SKU-220613,DELI,156,5.5,858,11,156,1,credito_15,10.64
2017-04-04,PROV-11,SKU-108833,EGGS,130,13.17,1712.1,9,115.26,0.8866,credito_30,9.82
2017-04-04,PROV-11,SKU-127547,EGGS,249,21.95,5465.55,10,225.51,0.9057,credito_30,10.18
2017-04-04,PROV-11,SKU-158680,EGGS,399,15.57,6212.43,11,395.7,0.9917,credito_30,3.92
2017-04-04,PROV-11,SKU-208384,EGGS,1012,13.6,13763.2,8,907.81,0.897,credito_30,7.81
2017-04-04,PROV-11,SKU-208386,EGGS,376,17.06,6414.56,6,322.49,0.8577,credito_30,6.32
2017-04-04,PROV-11,SKU-227111,EGGS,269,15.75,4236.75,9,269,1,credito_30,5.65
2017-04-04,PROV-11,SKU-258268,EGGS,404,3.54,1430.16,6,340.83,0.8436,credito_30,0.73
2017-04-04,PROV-12,SKU-258411,FROZEN FOODS,227,20.23,4592.21,4,212.96,0.9381,credito_15,9.84
2017-04-04,PROV-13,SKU-103520,GROCERY I,171,24.61,4208.31,9,157.35,0.9202,credito_15,4.19
2017-04-04,PROV-13,SKU-105574,GROCERY I,669,1.76,1177.44,9,590.69,0.8829,credito_15,10.52
2017-04-04,PROV-13,SKU-105575,GROCERY I,805,20.25,16301.25,8,763.86,0.9489,credito_15,5.98
2017-04-04,PROV-13,SKU-105577,GROCERY I,99,8.29,820.71,10,99,1,credito_15,10.66
2017-04-04,PROV-13,SKU-105693,GROCERY I,86,1.51,129.86,6,69.34,0.8063,credito_15,5.73
2017-04-04,PROV-13,SKU-105737,GROCERY I,205,12.04,2468.2,7,196.63,0.9592,credito_15,7.51
2017-04-04,PROV-13,SKU-105857,GROCERY I,360,22.71,8175.6,6,357.23,0.9923,credito_15,9.17
2017-04-04,PROV-13,SKU-106716,GROCERY I,405,16.92,6852.6,9,382.07,0.9434,credito_15,5.05
2017-04-04,PROV-13,SKU-108079,GROCERY I,151,24.15,3646.65,11,142.88,0.9462,credito_15,9.51
2017-04-04,PROV-13,SKU-108797,GROCERY I,344,23.15,7963.6,7,321.68,0.9351,credito_15,4.03
2017-04-04,PROV-13,SKU-108862,GROCERY I,54,17.93,968.22,8,53.03,0.982,credito_15,1.47
2017-04-04,PROV-13,SKU-111223,GROCERY I,965,17.97,17341.05,10,939.18,0.9732,credito_15,4.17
2017-04-04,PROV-13,SKU-111397,GROCERY I,223,10.24,2283.52,8,209.84,0.941,credito_15,2.23
2017-04-04,PROV-13,SKU-112830,GROCERY I,238,10.99,2615.62,6,218.66,0.9187,credito_15,1.42
2017-04-04,PROV-13,SKU-114790,GROCERY I,1418,24.29,34443.22,9,1405.29,0.991,credito_15,6.65
2017-04-04,PROV-13,SKU-115693,GROCERY I,661,23.46,15507.06,11,622.38,0.9416,credito_15,5.42
2017-04-04,PROV-13,SKU-115720,GROCERY I,439,21.56,9464.84,11,416.25,0.9482,credito_15,0.01
2017-04-04,PROV-13,SKU-115850,GROCERY I,1317,16.03,21111.51,7,1203.63,0.9139,credito_15,11.94
2017-04-04,PROV-13,SKU-115891,GROCERY I,293,15.3,4482.9,12,276.18,0.9426,credito_15,11.14
2017-04-04,PROV-13,SKU-115892,GROCERY I,660,10.31,6804.6,7,609.39,0.9233,credito_15,1.29
2017-04-04,PROV-13,SKU-115893,GROCERY I,1358,7.16,9723.28,7,1275.78,0.9395,credito_15,5.62
2017-04-04,PROV-13,SKU-115894,GROCERY I,2075,4.91,10188.25,7,2070.19,0.9977,credito_15,4.29
2017-04-04,PROV-13,SKU-116017,GROCERY I,1329,5.48,7282.92,9,1236.21,0.9302,credito_15,5.71
2017-04-04,PROV-13,SKU-116018,GROCERY I,479,9.79,4689.41,7,452.7,0.9451,credito_15,2.31
2017-04-04,PROV-13,SKU-122419,GROCERY I,183,21.05,3852.15,12,159.76,0.873,credito_15,0.79
2017-04-04,PROV-13,SKU-123601,GROCERY I,1092,20.21,22069.32,6,952.16,0.8719,credito_15,10.66
2017-04-04,PROV-13,SKU-123602,GROCERY I,349,21.56,7524.44,9,326.12,0.9344,credito_15,4.51
2017-04-04,PROV-13,SKU-123927,GROCERY I,59,12.89,760.51,6,59,1,credito_15,1.78
2017-04-04,PROV-13,SKU-125430,GROCERY I,557,5.35,2979.95,8,557,1,credito_15,11.1
2017-04-04,PROV-13,SKU-127534,GROCERY I,173,9.78,1691.94,7,153.09,0.8849,credito_15,1.96
2017-04-04,PROV-13,SKU-129296,GROCERY I,275,17.27,4749.25,9,258.43,0.9397,credito_15,5.98
2017-04-04,PROV-13,SKU-129297,GROCERY I,229,6.14,1406.06,7,203.08,0.8868,credito_15,0.68
2017-04-04,PROV-13,SKU-129759,GROCERY I,133,20.22,2689.26,8,129.1,0.9707,credito_15,9.17
2017-04-04,PROV-13,SKU-155500,GROCERY I,2023,5.43,10984.89,10,1822.81,0.901,credito_15,1.26
2017-04-04,PROV-13,SKU-155600,GROCERY I,100,13.97,1397,6,100,1,credito_15,11.42
2017-04-04,PROV-13,SKU-155601,GROCERY I,91,17.53,1595.23,7,84.75,0.9313,credito_15,9.96
2017-04-04,PROV-13,SKU-155607,GROCERY I,84,13.99,1175.16,12,77.36,0.921,credito_15,2.31
2017-04-04,PROV-13,SKU-155610,GROCERY I,166,1.62,268.92,9,145.61,0.8772,credito_15,9.27
2017-04-04,PROV-13,SKU-155621,GROCERY I,126,15.2,1915.2,7,112.01,0.889,credito_15,0.65
2017-04-04,PROV-13,SKU-155625,GROCERY I,176,20.43,3595.68,12,166.48,0.9459,credito_15,7.65
2017-04-04,PROV-13,SKU-157956,GROCERY I,197,22.53,4438.41,8,197,1,credito_15,9.68
2017-04-04,PROV-13,SKU-158875,GROCERY I,152,10.06,1529.12,12,149.36,0.9826,credito_15,0.02
2017-04-04,PROV-13,SKU-164036,GROCERY I,366,10.4,3806.4,10,331.96,0.907,credito_15,11.11
2017-04-04,PROV-13,SKU-164037,GROCERY I,419,20.02,8388.38,11,366.35,0.8743,credito_15,8.62
2017-04-04,PROV-13,SKU-165594,GROCERY I,789,15.04,11866.56,10,706.55,0.8955,credito_15,5.83
2017-04-04,PROV-13,SKU-165693,GROCERY I,564,4.38,2470.32,7,557.43,0.9884,credito_15,0.75
2017-04-04,PROV-13,SKU-165705,GROCERY I,186,12.35,2297.1,6,181.68,0.9768,credito_15,9.51
2017-04-04,PROV-13,SKU-165727,GROCERY I,149,21.7,3233.3,8,149,1,credito_15,4.98
2017-04-04,PROV-13,SKU-168989,GROCERY I,187,5.77,1078.99,6,186.05,0.9949,credito_15,2.11
2017-04-04,PROV-13,SKU-169028,GROCERY I,636,3.63,2308.68,8,588.81,0.9258,credito_15,0.37
2017-04-04,PROV-13,SKU-170791,GROCERY I,1621,7.87,12757.27,7,1591.08,0.9815,credito_15,4.61
2017-04-04,PROV-13,SKU-172184,GROCERY I,309,15.9,4913.1,12,296.34,0.959,credito_15,9.62
2017-04-04,PROV-13,SKU-172343,GROCERY I,694,22.32,15490.08,6,677.77,0.9766,credito_15,6.56
2017-04-04,PROV-13,SKU-173111,GROCERY I,426,18.85,8030.1,10,419.15,0.9839,credito_15,11.89
2017-04-04,PROV-13,SKU-179274,GROCERY I,473,4.25,2010.25,8,417,0.8816,credito_15,3
2017-04-04,PROV-13,SKU-179564,GROCERY I,50,7.98,399,10,47.07,0.9414,credito_15,7.45
2017-04-04,PROV-13,SKU-205381,GROCERY I,121,10.63,1286.23,10,118.26,0.9774,credito_15,5.53
2017-04-04,PROV-13,SKU-205557,GROCERY I,106,8.19,868.14,9,102.82,0.97,credito_15,8.16
2017-04-04,PROV-13,SKU-208514,GROCERY I,450,23.73,10678.5,7,407.65,0.9059,credito_15,6.96
2017-04-04,PROV-13,SKU-208699,GROCERY I,118,6.33,746.94,6,111.89,0.9482,credito_15,9.02
2017-04-04,PROV-13,SKU-210798,GROCERY I,277,22.64,6271.28,8,277,1,credito_15,9.54
2017-04-04,PROV-13,SKU-211203,GROCERY I,1377,20.69,28490.13,6,1327.87,0.9643,credito_15,8.7
2017-04-04,PROV-13,SKU-211205,GROCERY I,674,11.7,7885.8,9,648.7,0.9625,credito_15,11.59
2017-04-04,PROV-13,SKU-211206,GROCERY I,519,12.84,6663.96,10,516.47,0.9951,credito_15,4.3
2017-04-04,PROV-13,SKU-211999,GROCERY I,98,22,2156,10,84.06,0.8578,credito_15,0.75
2017-04-04,PROV-13,SKU-212550,GROCERY I,184,11.44,2104.96,10,154.93,0.842,credito_15,5.17
2017-04-04,PROV-13,SKU-212552,GROCERY I,246,17.57,4322.22,8,226.58,0.9211,credito_15,0.47
2017-04-04,PROV-13,SKU-213066,GROCERY I,292,21.09,6158.28,7,292,1,credito_15,7.3
2017-04-04,PROV-13,SKU-213652,GROCERY I,614,10.28,6311.92,10,570.7,0.9295,credito_15,1.62
2017-04-04,PROV-13,SKU-213788,GROCERY I,281,15.73,4420.13,11,272.8,0.9708,credito_15,11.41
2017-04-04,PROV-13,SKU-215304,GROCERY I,159,20.98,3335.82,11,137.18,0.8628,credito_15,0.46
2017-04-04,PROV-13,SKU-215327,GROCERY I,908,4.39,3986.12,9,851.25,0.9375,credito_15,11.74
2017-04-04,PROV-13,SKU-215331,GROCERY I,1947,20.73,40361.31,6,1914.08,0.9831,credito_15,0.29
2017-04-04,PROV-13,SKU-215356,GROCERY I,173,7.24,1252.52,7,159.06,0.9194,credito_15,3.19
2017-04-04,PROV-13,SKU-217827,GROCERY I,185,2.53,468.05,8,184.94,0.9997,credito_15,2.77
2017-04-04,PROV-13,SKU-220432,GROCERY I,612,17.17,10508.04,10,585.91,0.9574,credito_15,4.63
2017-04-04,PROV-13,SKU-220435,GROCERY I,1992,21.06,41951.52,11,1725.4,0.8662,credito_15,11.82
2017-04-04,PROV-13,SKU-222975,GROCERY I,701,16.35,11461.35,8,632.84,0.9028,credito_15,1.16
2017-04-04,PROV-13,SKU-223068,GROCERY I,162,17.11,2771.82,8,160.11,0.9883,credito_15,7.04
2017-04-04,PROV-13,SKU-223136,GROCERY I,1101,15.36,16911.36,8,1042.12,0.9465,credito_15,6.68
2017-04-04,PROV-13,SKU-223434,GROCERY I,471,11.22,5284.62,9,471,1,credito_15,4.5
2017-04-04,PROV-13,SKU-223463,GROCERY I,153,15.36,2350.08,9,135.97,0.8887,credito_15,1.2
2017-04-04,PROV-13,SKU-229368,GROCERY I,190,19.18,3644.2,7,176.66,0.9298,credito_15,4.44
2017-04-04,PROV-13,SKU-253145,GROCERY I,105,5.87,616.35,8,105,1,credito_15,10.33
2017-04-04,PROV-13,SKU-255161,GROCERY I,84,17.46,1466.64,7,78.33,0.9325,credito_15,11.28
2017-04-04,PROV-13,SKU-255198,GROCERY I,244,8.35,2037.4,8,233.24,0.9559,credito_15,4.74
2017-04-04,PROV-13,SKU-255199,GROCERY I,437,20.85,9111.45,12,435.57,0.9967,credito_15,11.45
2017-04-04,PROV-13,SKU-255202,GROCERY I,178,8.12,1445.36,7,162.03,0.9103,credito_15,7.57
2017-04-04,PROV-13,SKU-258395,GROCERY I,121,7.79,942.59,12,121,1,credito_15,4.92
2017-04-04,PROV-13,SKU-258396,GROCERY I,663,16.42,10886.46,9,571.54,0.8621,credito_15,0.78
2017-04-04,PROV-13,SKU-314384,GROCERY I,3071,4.03,12376.13,7,2902.38,0.9451,credito_15,6.66
2017-04-04,PROV-14,SKU-167437,GROCERY II,266,21.71,5774.86,3,234.37,0.8811,credito_30,10.63
2017-04-04,PROV-14,SKU-210520,GROCERY II,20,21.47,429.4,6,19.53,0.9765,credito_30,6.79
2017-04-04,PROV-22,SKU-115847,LINGERIE,37,24.3,899.1,8,31.97,0.8641,contado,3.39
2017-04-04,PROV-22,SKU-177050,LINGERIE,20,19.6,392,5,16.13,0.8065,contado,7.94
2017-04-04,PROV-22,SKU-215468,LINGERIE,58,5.11,296.38,9,48.97,0.8443,contado,7.72
2017-04-04,PROV-25,SKU-205209,MEATS,162.65,3.26,530.24,8,140.68,0.8649,credito_30,1.36
2017-04-04,PROV-25,SKU-584028,MEATS,1870.32,24.29,45430.07,12,1705.77,0.912,credito_30,3.56
2017-04-04,PROV-26,SKU-114799,PERSONAL CARE,264,11.47,3028.08,7,232.61,0.8811,contado,10.15
2017-04-04,PROV-26,SKU-114800,PERSONAL CARE,291,21.01,6113.91,6,271.18,0.9319,contado,0.3
2017-04-04,PROV-29,SKU-108831,POULTRY,404.32,13.2,5337.02,8,393.11,0.9723,credito_15,3.37
2017-04-04,PROV-29,SKU-159156,POULTRY,1136.69,24.7,28076.24,4,1011.54,0.8899,credito_15,11.37
2017-04-04,PROV-29,SKU-208539,POULTRY,168.02,9.37,1574.35,5,147.07,0.8753,credito_15,5.37
2017-04-04,PROV-31,SKU-1473410,PRODUCE,3025.51,20.04,60631.22,6,2820.74,0.9323,credito_30,7.81
2017-04-04,PROV-31,SKU-1473474,PRODUCE,8465.59,10.26,86856.95,6,8037.8,0.9495,credito_30,7.85
2017-04-04,PROV-31,SKU-1502392,PRODUCE,2544.14,5.27,13407.62,8,2374.25,0.9332,credito_30,7.28
2017-04-04,PROV-31,SKU-1503844,PRODUCE,10992.48,2.17,23853.68,4,10091.06,0.918,credito_30,8.42
2017-04-04,PROV-31,SKU-1503847,PRODUCE,3158.87,8.42,26597.69,6,3060.18,0.9688,credito_30,7.56
2017-04-04,PROV-31,SKU-1584575,PRODUCE,2981,3.25,9688.25,5,2627.51,0.8814,credito_30,11.81
2017-04-04,PROV-31,SKU-1642399,PRODUCE,3447.87,24.92,85920.92,10,3383.48,0.9813,credito_30,6.89
2017-04-04,PROV-31,SKU-1686656,PRODUCE,2541,8.68,22055.88,4,2293.68,0.9027,credito_30,11.97
2017-04-04,PROV-31,SKU-1695835,PRODUCE,3531.8,5.86,20696.35,10,3214.69,0.9102,credito_30,8.88
2017-04-04,PROV-31,SKU-1751174,PRODUCE,2306.71,10.13,23366.97,5,2203.27,0.9552,credito_30,6.69
2017-04-04,PROV-31,SKU-1926217,PRODUCE,3192,6.14,19598.88,6,2865.95,0.8979,credito_30,5.65
2017-04-04,PROV-33,SKU-252698,SEAFOOD,177.51,7.5,1331.32,7,170.75,0.9619,contado,11.52
2017-04-11,PROV-01,SKU-121964,AUTOMOTIVE,25,3.38,84.5,8,21.03,0.8412,contado,1.52
2017-04-11,PROV-01,SKU-172995,AUTOMOTIVE,67,6.73,450.91,9,57.88,0.8639,contado,5.33
2017-04-11,PROV-04,SKU-1047679,BEVERAGES,5145,22.41,115299.45,3,4739.77,0.9212,credito_15,10.65
2017-04-11,PROV-04,SKU-119624,BEVERAGES,370,2.86,1058.2,7,347.77,0.9399,credito_15,7.65
2017-04-11,PROV-04,SKU-1430040,BEVERAGES,5133,9.67,49636.11,6,4626.64,0.9014,credito_15,8.28
2017-04-11,PROV-04,SKU-1463992,BEVERAGES,11904,20.67,246055.68,6,11904,1,credito_15,8.32
2017-04-11,PROV-04,SKU-1463993,BEVERAGES,7934,8.61,68311.74,4,7419.22,0.9351,credito_15,9.69
2017-04-11,PROV-04,SKU-165550,BEVERAGES,316,10.86,3431.76,3,301.73,0.9548,credito_15,3.29
2017-04-11,PROV-04,SKU-165551,BEVERAGES,103,24.82,2556.46,5,94.66,0.919,credito_15,5.98
2017-04-11,PROV-04,SKU-165553,BEVERAGES,208,2.93,609.44,4,194.16,0.9335,credito_15,1.86
2017-04-11,PROV-04,SKU-174081,BEVERAGES,214,7.23,1547.22,5,188,0.8785,credito_15,8.87
2017-04-11,PROV-04,SKU-2006812,BEVERAGES,4230,19.22,81300.6,6,3638.03,0.8601,credito_15,5.04
2017-04-11,PROV-04,SKU-2042941,BEVERAGES,6662,10.12,67419.44,7,5725.95,0.8595,credito_15,10.03
2017-04-11,PROV-04,SKU-2042947,BEVERAGES,7148,17.61,125876.28,7,5966.74,0.8347,credito_15,3.19
2017-04-11,PROV-04,SKU-219147,BEVERAGES,360,16.82,6055.2,5,322.09,0.8947,credito_15,4.33
2017-04-11,PROV-04,SKU-219150,BEVERAGES,9,1.52,13.68,5,8.13,0.9033,credito_15,7.8
2017-04-11,PROV-04,SKU-219152,BEVERAGES,352,23.63,8317.76,8,346.46,0.9843,credito_15,2.42
2017-04-11,PROV-04,SKU-257848,BEVERAGES,259,5.96,1543.64,5,225.07,0.869,credito_15,0.96
2017-04-11,PROV-04,SKU-364738,BEVERAGES,3402,14.62,49737.24,2,2984.08,0.8772,credito_15,4
2017-04-11,PROV-04,SKU-819932,BEVERAGES,5320,20.65,109858,2,4111.74,0.7729,credito_15,6.63
2017-04-11,PROV-06,SKU-103665,BREAD/BAKERY,161,8.68,1397.48,7,161,1,credito_15,1.27
2017-04-11,PROV-06,SKU-1333307,BREAD/BAKERY,2289,11.69,26758.41,10,2289,1,credito_15,9.77
2017-04-11,PROV-06,SKU-153239,BREAD/BAKERY,192,9.2,1766.4,6,165.37,0.8613,credito_15,1.27
2017-04-11,PROV-06,SKU-153395,BREAD/BAKERY,135,14.3,1930.5,8,132.67,0.9827,credito_15,9.97
2017-04-11,PROV-06,SKU-153398,BREAD/BAKERY,153,10.58,1618.74,8,142.05,0.9284,credito_15,8.01
2017-04-11,PROV-06,SKU-165718,BREAD/BAKERY,421,8.98,3780.58,4,392.54,0.9324,credito_15,7.62
2017-04-11,PROV-06,SKU-215370,BREAD/BAKERY,305,19.96,6087.8,9,283.42,0.9292,credito_15,8.45
2017-04-11,PROV-06,SKU-253103,BREAD/BAKERY,84,2.6,218.4,10,84,1,credito_15,6.65
2017-04-11,PROV-08,SKU-103501,CLEANING,180,9.62,1731.6,8,167.16,0.9287,credito_15,8.69
2017-04-11,PROV-08,SKU-108786,CLEANING,484,4.58,2216.72,7,463.22,0.9571,credito_15,3.46
2017-04-11,PROV-08,SKU-108952,CLEANING,184,10.81,1989.04,8,177.21,0.9631,credito_15,6.92
2017-04-11,PROV-08,SKU-115267,CLEANING,384,1.77,679.68,7,372.92,0.9711,credito_15,11.54
2017-04-11,PROV-08,SKU-116311,CLEANING,29,17.2,498.8,5,26.31,0.9072,credito_15,0.69
2017-04-11,PROV-08,SKU-119023,CLEANING,103,24.77,2551.31,6,92.68,0.8998,credito_15,8.23
2017-04-11,PROV-08,SKU-119024,CLEANING,270,6.05,1633.5,8,257.98,0.9555,credito_15,11.59
2017-04-11,PROV-08,SKU-119026,CLEANING,433,8.19,3546.27,8,393.09,0.9078,credito_15,2.94
2017-04-11,PROV-08,SKU-119187,CLEANING,222,13.85,3074.7,6,189.04,0.8515,credito_15,7.41
2017-04-11,PROV-08,SKU-119191,CLEANING,213,15.12,3220.56,4,210.48,0.9882,credito_15,0.56
2017-04-11,PROV-08,SKU-119193,CLEANING,132,13.08,1726.56,10,120.51,0.913,credito_15,7.88
2017-04-11,PROV-08,SKU-122425,CLEANING,98,8.09,792.82,5,87.88,0.8967,credito_15,5.18
2017-04-11,PROV-08,SKU-153078,CLEANING,147,6.87,1009.89,5,135.97,0.925,credito_15,3.4
2017-04-11,PROV-08,SKU-158788,CLEANING,327,22.36,7311.72,9,327,1,credito_15,7.19
2017-04-11,PROV-08,SKU-158789,CLEANING,607,24.65,14962.55,5,564.85,0.9306,credito_15,4.87
2017-04-11,PROV-08,SKU-158956,CLEANING,419,24.55,10286.45,6,419,1,credito_15,11.34
2017-04-11,PROV-08,SKU-159242,CLEANING,295,2.52,743.4,5,295,1,credito_15,3.16
2017-04-11,PROV-08,SKU-164647,CLEANING,967,18.9,18276.3,9,914.31,0.9455,credito_15,5.65
2017-04-11,PROV-08,SKU-168927,CLEANING,514,6.22,3197.08,5,485.62,0.9448,credito_15,2.36
2017-04-11,PROV-08,SKU-168930,CLEANING,519,2.51,1302.69,8,519,1,credito_15,10.16
2017-04-11,PROV-08,SKU-168931,CLEANING,189,3.83,723.87,9,161.77,0.8559,credito_15,3.65
2017-04-11,PROV-08,SKU-169101,CLEANING,85,9.59,815.15,10,85,1,credito_15,10.19
2017-04-11,PROV-08,SKU-169104,CLEANING,26,9.36,243.36,6,24.62,0.9469,credito_15,4.31
2017-04-11,PROV-08,SKU-171890,CLEANING,121,10.02,1212.42,6,121,1,credito_15,0.71
2017-04-11,PROV-08,SKU-176411,CLEANING,18,16.05,288.9,6,18,1,credito_15,10.1
2017-04-11,PROV-08,SKU-208498,CLEANING,135,19.45,2625.75,10,131.43,0.9736,credito_15,6.98
2017-04-11,PROV-08,SKU-209085,CLEANING,222,4.68,1038.96,5,222,1,credito_15,11.82
2017-04-11,PROV-08,SKU-214381,CLEANING,445,9.45,4205.25,9,405.46,0.9111,credito_15,8.83
2017-04-11,PROV-08,SKU-214859,CLEANING,187,22.21,4153.27,8,187,1,credito_15,3.39
2017-04-11,PROV-08,SKU-214860,CLEANING,224,16.03,3590.72,6,219.38,0.9794,credito_15,9.67
2017-04-11,PROV-08,SKU-214862,CLEANING,216,4.59,991.44,8,202.28,0.9365,credito_15,10.81
2017-04-11,PROV-08,SKU-218726,CLEANING,104,13.04,1356.16,9,88.98,0.8556,credito_15,3.89
2017-04-11,PROV-08,SKU-218728,CLEANING,122,8.65,1055.3,4,115.18,0.9441,credito_15,9.61
2017-04-11,PROV-08,SKU-221506,CLEANING,224,13.87,3106.88,7,224,1,credito_15,2.57
2017-04-11,PROV-08,SKU-224081,CLEANING,237,20.04,4749.48,9,226.92,0.9575,credito_15,1.26
2017-04-11,PROV-08,SKU-226126,CLEANING,329,22.27,7326.83,10,329,1,credito_15,8.28
2017-04-11,PROV-08,SKU-252970,CLEANING,222,8.03,1782.66,4,222,1,credito_15,1.41
2017-04-11,PROV-08,SKU-252972,CLEANING,210,4,840,7,210,1,credito_15,8.15
2017-04-11,PROV-08,SKU-258376,CLEANING,634,12.72,8064.48,8,620.96,0.9794,credito_15,9.61
2017-04-11,PROV-09,SKU-122095,DAIRY,176,6.17,1085.92,7,172.98,0.9828,contado,4.2
2017-04-11,PROV-09,SKU-123347,DAIRY,246,16.24,3995.04,10,228.14,0.9274,contado,2.47
2017-04-11,PROV-09,SKU-129635,DAIRY,916,21.54,19730.64,8,802.57,0.8762,contado,4.3
2017-04-11,PROV-09,SKU-1427659,DAIRY,2911,20.77,60461.47,7,2725.49,0.9363,contado,5.87
2017-04-11,PROV-09,SKU-158842,DAIRY,211,19.63,4141.93,11,211,1,contado,7.14
2017-04-11,PROV-09,SKU-164088,DAIRY,369,6.09,2247.21,10,319.26,0.8652,contado,0.61
2017-04-11,PROV-09,SKU-173113,DAIRY,91,13.89,1263.99,9,84.47,0.9282,contado,0.57
2017-04-11,PROV-09,SKU-179615,DAIRY,593,23.7,14054.1,9,528.74,0.8916,contado,11.16
2017-04-11,PROV-09,SKU-205486,DAIRY,158,22.33,3528.14,7,154.46,0.9776,contado,8.22
2017-04-11,PROV-10,SKU-108696,DELI,338,14.5,4901,7,300.06,0.8878,credito_15,6.85
2017-04-11,PROV-10,SKU-108698,DELI,203,4.36,885.08,5,203,1,credito_15,0.37
2017-04-11,PROV-10,SKU-108701,DELI,166,8.18,1357.88,8,166,1,credito_15,1.35
2017-04-11,PROV-10,SKU-208426,DELI,154,18.13,2792.02,7,136.08,0.8836,credito_15,9.7
2017-04-11,PROV-10,SKU-220613,DELI,248,5.5,1364,11,229.75,0.9264,credito_15,10.64
2017-04-11,PROV-11,SKU-108833,EGGS,148,13.17,1949.16,9,142.41,0.9622,credito_30,9.82
2017-04-11,PROV-11,SKU-127547,EGGS,243,21.95,5333.85,8,205.34,0.845,credito_30,10.18
2017-04-11,PROV-11,SKU-158680,EGGS,408,15.57,6352.56,9,373.78,0.9161,credito_30,3.92
2017-04-11,PROV-11,SKU-208384,EGGS,996,13.6,13545.6,7,965.88,0.9698,credito_30,7.81
2017-04-11,PROV-11,SKU-208386,EGGS,383,17.06,6533.98,9,362.9,0.9475,credito_30,6.32
2017-04-11,PROV-11,SKU-227111,EGGS,263,15.75,4142.25,7,226.8,0.8624,credito_30,5.65
2017-04-11,PROV-11,SKU-258268,EGGS,358,3.54,1267.32,8,302.78,0.8458,credito_30,0.73
2017-04-11,PROV-12,SKU-258411,FROZEN FOODS,176,20.23,3560.48,9,176,1,credito_15,9.84
2017-04-11,PROV-13,SKU-103520,GROCERY I,175,24.61,4306.75,6,161.2,0.9211,credito_15,4.19
2017-04-11,PROV-13,SKU-105574,GROCERY I,567,1.76,997.92,6,508.15,0.8962,credito_15,10.52
2017-04-11,PROV-13,SKU-105575,GROCERY I,704,20.25,14256,9,620.17,0.8809,credito_15,5.98
2017-04-11,PROV-13,SKU-105693,GROCERY I,62,1.51,93.62,8,60.25,0.9718,credito_15,5.73
2017-04-11,PROV-13,SKU-105737,GROCERY I,136,12.04,1637.44,6,129.89,0.9551,credito_15,7.51
2017-04-11,PROV-13,SKU-105857,GROCERY I,369,22.71,8379.99,10,346.96,0.9403,credito_15,9.17
2017-04-11,PROV-13,SKU-106716,GROCERY I,409,16.92,6920.28,10,382.05,0.9341,credito_15,5.05
2017-04-11,PROV-13,SKU-108079,GROCERY I,118,24.15,2849.7,6,109.71,0.9297,credito_15,9.51
2017-04-11,PROV-13,SKU-108797,GROCERY I,309,23.15,7153.35,6,308.88,0.9996,credito_15,4.03
2017-04-11,PROV-13,SKU-108862,GROCERY I,61,17.93,1093.73,6,60.46,0.9911,credito_15,1.47
2017-04-11,PROV-13,SKU-111223,GROCERY I,821,17.97,14753.37,10,821,1,credito_15,4.17
2017-04-11,PROV-13,SKU-111397,GROCERY I,216,10.24,2211.84,6,195.11,0.9033,credito_15,2.23
2017-04-11,PROV-13,SKU-112830,GROCERY I,169,10.99,1857.31,10,165.43,0.9789,credito_15,1.42
2017-04-11,PROV-13,SKU-114790,GROCERY I,1309,24.29,31795.61,7,1214.02,0.9274,credito_15,6.65
2017-04-11,PROV-13,SKU-115611,GROCERY I,857,22.31,19119.67,7,807.38,0.9421,credito_15,4.13
2017-04-11,PROV-13,SKU-115693,GROCERY I,435,23.46,10205.1,10,415.07,0.9542,credito_15,5.42
2017-04-11,PROV-13,SKU-115720,GROCERY I,373,21.56,8041.88,12,355.43,0.9529,credito_15,0.01
2017-04-11,PROV-13,SKU-115850,GROCERY I,1101,16.03,17649.03,6,1093.97,0.9936,credito_15,11.94
2017-04-11,PROV-13,SKU-115891,GROCERY I,310,15.3,4743,7,294.37,0.9496,credito_15,11.14
2017-04-11,PROV-13,SKU-115892,GROCERY I,653,10.31,6732.43,8,618.47,0.9471,credito_15,1.29
2017-04-11,PROV-13,SKU-115894,GROCERY I,929,4.91,4561.39,9,762.04,0.8203,credito_15,4.29
2017-04-11,PROV-13,SKU-116017,GROCERY I,1133,5.48,6208.84,10,996.81,0.8798,credito_15,5.71
2017-04-11,PROV-13,SKU-116018,GROCERY I,360,9.79,3524.4,8,360,1,credito_15,2.31
2017-04-11,PROV-13,SKU-116279,GROCERY I,120,7.96,955.2,8,98.48,0.8207,credito_15,11.83
2017-04-11,PROV-13,SKU-122419,GROCERY I,186,21.05,3915.3,8,163.6,0.8796,credito_15,0.79
2017-04-11,PROV-13,SKU-123601,GROCERY I,860,20.21,17380.6,9,860,1,credito_15,10.66
2017-04-11,PROV-13,SKU-123602,GROCERY I,257,21.56,5540.92,11,257,1,credito_15,4.51
2017-04-11,PROV-13,SKU-123927,GROCERY I,60,12.89,773.4,12,60,1,credito_15,1.78
2017-04-11,PROV-13,SKU-125430,GROCERY I,604,5.35,3231.4,7,604,1,credito_15,11.1
2017-04-11,PROV-13,SKU-127534,GROCERY I,180,9.78,1760.4,8,173.88,0.966,credito_15,1.96
2017-04-11,PROV-13,SKU-129296,GROCERY I,341,17.27,5889.07,6,332.38,0.9747,credito_15,5.98
2017-04-11,PROV-13,SKU-129297,GROCERY I,219,6.14,1344.66,8,213.25,0.9737,credito_15,0.68
2017-04-11,PROV-13,SKU-129759,GROCERY I,149,20.22,3012.78,9,148.86,0.9991,credito_15,9.17
2017-04-11,PROV-13,SKU-155499,GROCERY I,228,11.6,2644.8,11,214.93,0.9427,credito_15,7.31
2017-04-11,PROV-13,SKU-155500,GROCERY I,2072,5.43,11250.96,11,2072,1,credito_15,1.26
2017-04-11,PROV-13,SKU-155600,GROCERY I,118,13.97,1648.46,7,118,1,credito_15,11.42
2017-04-11,PROV-13,SKU-155607,GROCERY I,73,13.99,1021.27,10,63.37,0.8681,credito_15,2.31
2017-04-11,PROV-13,SKU-155610,GROCERY I,131,1.62,212.22,8,117.74,0.8988,credito_15,9.27
2017-04-11,PROV-13,SKU-155621,GROCERY I,130,15.2,1976,12,128.61,0.9893,credito_15,0.65
2017-04-11,PROV-13,SKU-155625,GROCERY I,164,20.43,3350.52,12,148.25,0.904,credito_15,7.65
2017-04-11,PROV-13,SKU-157956,GROCERY I,198,22.53,4460.94,8,163.04,0.8234,credito_15,9.68
2017-04-11,PROV-13,SKU-158875,GROCERY I,124,10.06,1247.44,7,108.61,0.8759,credito_15,0.02
2017-04-11,PROV-13,SKU-162066,GROCERY I,500,22.92,11460,7,486.46,0.9729,credito_15,10.68
2017-04-11,PROV-13,SKU-164036,GROCERY I,372,10.4,3868.8,7,350.56,0.9424,credito_15,11.11
2017-04-11,PROV-13,SKU-164037,GROCERY I,421,20.02,8428.42,8,410.14,0.9742,credito_15,8.62
2017-04-11,PROV-13,SKU-165594,GROCERY I,712,15.04,10708.48,6,589.47,0.8279,credito_15,5.83
2017-04-11,PROV-13,SKU-165693,GROCERY I,466,4.38,2041.08,10,459.39,0.9858,credito_15,0.75
2017-04-11,PROV-13,SKU-165704,GROCERY I,950,24.86,23617,9,947.95,0.9978,credito_15,8.69
2017-04-11,PROV-13,SKU-165705,GROCERY I,196,12.35,2420.6,6,178.99,0.9132,credito_15,9.51
2017-04-11,PROV-13,SKU-165727,GROCERY I,155,21.7,3363.5,8,142.99,0.9225,credito_15,4.98
2017-04-11,PROV-13,SKU-165988,GROCERY I,587,24.95,14645.65,9,529.31,0.9017,credito_15,9.69
2017-04-11,PROV-13,SKU-168989,GROCERY I,368,5.77,2123.36,9,368,1,credito_15,2.11
2017-04-11,PROV-13,SKU-170791,GROCERY I,667,7.87,5249.29,10,665.94,0.9984,credito_15,4.61
2017-04-11,PROV-13,SKU-172184,GROCERY I,345,15.9,5485.5,8,335.83,0.9734,credito_15,9.62
2017-04-11,PROV-13,SKU-172343,GROCERY I,184,22.32,4106.88,8,174.44,0.948,credito_15,6.56
2017-04-11,PROV-13,SKU-173111,GROCERY I,318,18.85,5994.3,9,273.51,0.8601,credito_15,11.89
2017-04-11,PROV-13,SKU-177395,GROCERY I,399,18.86,7525.14,12,353.15,0.8851,credito_15,5.91
2017-04-11,PROV-13,SKU-179564,GROCERY I,49,7.98,391.02,6,47.96,0.9788,credito_15,7.45
2017-04-11,PROV-13,SKU-179579,GROCERY I,106,16.68,1768.08,8,105.85,0.9986,credito_15,11.68
2017-04-11,PROV-13,SKU-205381,GROCERY I,120,10.63,1275.6,7,113.9,0.9492,credito_15,5.53
2017-04-11,PROV-13,SKU-205387,GROCERY I,520,24.72,12854.4,6,493.6,0.9492,credito_15,8.55
2017-04-11,PROV-13,SKU-205557,GROCERY I,108,8.19,884.52,12,104.04,0.9633,credito_15,8.16
2017-04-11,PROV-13,SKU-207857,GROCERY I,336,8.15,2738.4,9,318.37,0.9475,credito_15,0.78
2017-04-11,PROV-13,SKU-208699,GROCERY I,154,6.33,974.82,7,133.34,0.8658,credito_15,9.02
2017-04-11,PROV-13,SKU-211203,GROCERY I,1308,20.69,27062.52,11,1248.05,0.9542,credito_15,8.7
2017-04-11,PROV-13,SKU-211205,GROCERY I,577,11.7,6750.9,10,577,1,credito_15,11.59
2017-04-11,PROV-13,SKU-211206,GROCERY I,472,12.84,6060.48,9,458.25,0.9709,credito_15,4.3
2017-04-11,PROV-13,SKU-212550,GROCERY I,192,11.44,2196.48,12,170.7,0.8891,credito_15,5.17
2017-04-11,PROV-13,SKU-212552,GROCERY I,225,17.57,3953.25,8,191.15,0.8496,credito_15,0.47
2017-04-11,PROV-13,SKU-213066,GROCERY I,325,21.09,6854.25,8,303.38,0.9335,credito_15,7.3
2017-04-11,PROV-13,SKU-213652,GROCERY I,706,10.28,7257.68,8,667.89,0.946,credito_15,1.62
2017-04-11,PROV-13,SKU-213653,GROCERY I,364,22.82,8306.48,10,364,1,credito_15,7.03
2017-04-11,PROV-13,SKU-213788,GROCERY I,251,15.73,3948.23,11,246.3,0.9813,credito_15,11.41
2017-04-11,PROV-13,SKU-215303,GROCERY I,296,22.99,6805.04,9,292.82,0.9893,credito_15,1.73
2017-04-11,PROV-13,SKU-215327,GROCERY I,706,4.39,3099.34,7,693.62,0.9825,credito_15,11.74
2017-04-11,PROV-13,SKU-215331,GROCERY I,1524,20.73,31592.52,9,1524,1,credito_15,0.29
2017-04-11,PROV-13,SKU-215332,GROCERY I,492,18.14,8924.88,8,456.81,0.9285,credito_15,7.61
2017-04-11,PROV-13,SKU-215352,GROCERY I,1443,19.77,28528.11,8,1239.3,0.8588,credito_15,0.19
2017-04-11,PROV-13,SKU-215356,GROCERY I,166,7.24,1201.84,7,148.68,0.8957,credito_15,3.19
2017-04-11,PROV-13,SKU-215896,GROCERY I,509,13.91,7080.19,8,426.49,0.8379,credito_15,7.71
2017-04-11,PROV-13,SKU-220435,GROCERY I,1757,21.06,37002.42,6,1708.69,0.9725,credito_15,11.82
2017-04-11,PROV-13,SKU-222879,GROCERY I,1191,8.88,10576.08,6,1191,1,credito_15,2.65
2017-04-11,PROV-13,SKU-222975,GROCERY I,663,16.35,10840.05,7,645.24,0.9732,credito_15,1.16
2017-04-11,PROV-13,SKU-223136,GROCERY I,740,15.36,11366.4,8,740,1,credito_15,6.68
2017-04-11,PROV-13,SKU-223434,GROCERY I,450,11.22,5049,10,405.29,0.9006,credito_15,4.5
2017-04-11,PROV-13,SKU-223463,GROCERY I,172,15.36,2641.92,7,148.74,0.8648,credito_15,1.2
2017-04-11,PROV-13,SKU-229368,GROCERY I,165,19.18,3164.7,8,157,0.9515,credito_15,4.44
2017-04-11,PROV-13,SKU-253145,GROCERY I,99,5.87,581.13,9,95,0.9596,credito_15,10.33
2017-04-11,PROV-13,SKU-255161,GROCERY I,56,17.46,977.76,9,51.55,0.9205,credito_15,11.28
2017-04-11,PROV-13,SKU-255198,GROCERY I,207,8.35,1728.45,7,201.91,0.9754,credito_15,4.74
2017-04-11,PROV-13,SKU-255199,GROCERY I,305,20.85,6359.25,8,302.11,0.9905,credito_15,11.45
2017-04-11,PROV-13,SKU-255202,GROCERY I,155,8.12,1258.6,8,155,1,credito_15,7.57
2017-04-11,PROV-13,SKU-258395,GROCERY I,115,7.79,895.85,6,113.23,0.9846,credito_15,4.92
2017-04-11,PROV-13,SKU-258396,GROCERY I,634,16.42,10410.28,7,594.27,0.9373,credito_15,0.78
2017-04-11,PROV-13,SKU-314384,GROCERY I,3806,4.03,15338.18,10,3601.23,0.9462,credito_15,6.66
2017-04-11,PROV-13,SKU-364606,GROCERY I,2976,22.34,66483.84,11,2630.58,0.8839,credito_15,3.71
2017-04-11,PROV-14,SKU-167437,GROCERY II,184,21.71,3994.64,7,169.54,0.9214,credito_30,10.63
2017-04-11,PROV-14,SKU-210520,GROCERY II,11,21.47,236.17,6,10.24,0.9309,credito_30,6.79
2017-04-11,PROV-18,SKU-250782,HOME APPLIANCES,51,22.99,1172.49,9,42.82,0.8396,contado,7.75
2017-04-11,PROV-22,SKU-115847,LINGERIE,24,24.3,583.2,11,22.86,0.9525,contado,3.39
2017-04-11,PROV-22,SKU-177050,LINGERIE,19,19.6,372.4,5,17.58,0.9253,contado,7.94
2017-04-11,PROV-22,SKU-215468,LINGERIE,42,5.11,214.62,7,40.85,0.9726,contado,7.72
2017-04-11,PROV-25,SKU-584028,MEATS,1724.64,24.29,41891.51,7,1686.2,0.9777,credito_30,3.56
2017-04-11,PROV-26,SKU-114799,PERSONAL CARE,163,11.47,1869.61,5,155.12,0.9517,contado,10.15
2017-04-11,PROV-26,SKU-114800,PERSONAL CARE,229,21.01,4811.29,6,220.25,0.9618,contado,0.3
2017-04-11,PROV-29,SKU-108831,POULTRY,324.91,13.2,4288.81,3,317.96,0.9786,credito_15,3.37
2017-04-11,PROV-29,SKU-159156,POULTRY,827.42,24.7,20437.27,3,755.96,0.9136,credito_15,11.37
2017-04-11,PROV-29,SKU-208539,POULTRY,155.46,9.37,1456.66,5,141.04,0.9072,credito_15,5.37
2017-04-11,PROV-31,SKU-1473410,PRODUCE,2390.28,20.04,47901.21,10,2048.63,0.8571,credito_30,7.81
2017-04-11,PROV-31,SKU-1473474,PRODUCE,8434.75,10.26,86540.54,8,7565.51,0.8969,credito_30,7.85
2017-04-11,PROV-31,SKU-1502392,PRODUCE,2599.35,5.27,13698.58,8,2043.09,0.786,credito_30,7.28
2017-04-11,PROV-31,SKU-1503844,PRODUCE,10477.24,2.17,22735.61,4,8655.73,0.8261,credito_30,8.42
2017-04-11,PROV-31,SKU-1503847,PRODUCE,2448.29,8.42,20614.6,9,2080.96,0.85,credito_30,7.56
2017-04-11,PROV-31,SKU-1584575,PRODUCE,2746,3.25,8924.5,9,2672.21,0.9731,credito_30,11.81
2017-04-11,PROV-31,SKU-1642399,PRODUCE,3505.98,24.92,87369.02,7,3048.21,0.8694,credito_30,6.89
2017-04-11,PROV-31,SKU-1686656,PRODUCE,2228,8.68,19339.04,4,1939.25,0.8704,credito_30,11.97
2017-04-11,PROV-31,SKU-1695835,PRODUCE,3366.09,5.86,19725.29,4,3113.91,0.9251,credito_30,8.88
2017-04-11,PROV-31,SKU-1751174,PRODUCE,2580.64,10.13,26141.88,5,2449.48,0.9492,credito_30,6.69
2017-04-11,PROV-31,SKU-1926217,PRODUCE,3079,6.14,18905.06,6,2967.41,0.9638,credito_30,5.65
2017-04-18,PROV-01,SKU-121964,AUTOMOTIVE,23,3.38,77.74,9,19.06,0.8287,contado,1.52
2017-04-18,PROV-01,SKU-172995,AUTOMOTIVE,89,6.73,598.97,7,83.89,0.9426,contado,5.33
2017-04-18,PROV-04,SKU-1047679,BEVERAGES,4769,22.41,106873.29,4,3791.45,0.795,credito_15,10.65
2017-04-18,PROV-04,SKU-119624,BEVERAGES,406,2.86,1161.16,5,382.03,0.941,credito_15,7.65
2017-04-18,PROV-04,SKU-1430040,BEVERAGES,3777,9.67,36523.59,5,3534.33,0.9358,credito_15,8.28
2017-04-18,PROV-04,SKU-1463992,BEVERAGES,8585,20.67,177451.95,7,7649.09,0.891,credito_15,8.32
2017-04-18,PROV-04,SKU-1463993,BEVERAGES,6825,8.61,58763.25,7,6156.51,0.9021,credito_15,9.69
2017-04-18,PROV-04,SKU-165550,BEVERAGES,435,10.86,4724.1,5,408.28,0.9386,credito_15,3.29
2017-04-18,PROV-04,SKU-165551,BEVERAGES,195,24.82,4839.9,8,184.56,0.9465,credito_15,5.98
2017-04-18,PROV-04,SKU-165553,BEVERAGES,191,2.93,559.63,5,144.72,0.7577,credito_15,1.86
2017-04-18,PROV-04,SKU-174081,BEVERAGES,199,7.23,1438.77,4,186.16,0.9355,credito_15,8.87
2017-04-18,PROV-04,SKU-2006812,BEVERAGES,4422,19.22,84990.84,6,3675.02,0.8311,credito_15,5.04
2017-04-18,PROV-04,SKU-2042941,BEVERAGES,7244,10.12,73309.28,3,7213.88,0.9958,credito_15,10.03
2017-04-18,PROV-04,SKU-2042947,BEVERAGES,6349,17.61,111805.89,6,5336.17,0.8405,credito_15,3.19
2017-04-18,PROV-04,SKU-219147,BEVERAGES,343,16.82,5769.26,3,302.2,0.881,credito_15,4.33
2017-04-18,PROV-04,SKU-219150,BEVERAGES,3,1.52,4.56,4,2.69,0.8967,credito_15,7.8
2017-04-18,PROV-04,SKU-219152,BEVERAGES,304,23.63,7183.52,4,292.74,0.963,credito_15,2.42
2017-04-18,PROV-04,SKU-257848,BEVERAGES,211,5.96,1257.56,6,175.74,0.8329,credito_15,0.96
2017-04-18,PROV-04,SKU-364738,BEVERAGES,3328,14.62,48655.36,8,2996.77,0.9005,credito_15,4
2017-04-18,PROV-04,SKU-819932,BEVERAGES,5718,20.65,118076.7,2,5460.57,0.955,credito_15,6.63
2017-04-18,PROV-06,SKU-103665,BREAD/BAKERY,199,8.68,1727.32,6,199,1,credito_15,1.27
2017-04-18,PROV-06,SKU-1333307,BREAD/BAKERY,2087,11.69,24397.03,5,1756.76,0.8418,credito_15,9.77
2017-04-18,PROV-06,SKU-153239,BREAD/BAKERY,224,9.2,2060.8,8,220.05,0.9824,credito_15,1.27
2017-04-18,PROV-06,SKU-153395,BREAD/BAKERY,139,14.3,1987.7,10,119,0.8561,credito_15,9.97
2017-04-18,PROV-06,SKU-153398,BREAD/BAKERY,116,10.58,1227.28,5,115.82,0.9984,credito_15,8.01
2017-04-18,PROV-06,SKU-165718,BREAD/BAKERY,371,8.98,3331.58,10,329.92,0.8893,credito_15,7.62
2017-04-18,PROV-06,SKU-215370,BREAD/BAKERY,457,19.96,9121.72,8,399.48,0.8741,credito_15,8.45
2017-04-18,PROV-06,SKU-253103,BREAD/BAKERY,85,2.6,221,4,75.93,0.8933,credito_15,6.65
2017-04-18,PROV-08,SKU-103501,CLEANING,211,9.62,2029.82,8,200.92,0.9522,credito_15,8.69
2017-04-18,PROV-08,SKU-108786,CLEANING,520,4.58,2381.6,9,520,1,credito_15,3.46
2017-04-18,PROV-08,SKU-108952,CLEANING,186,10.81,2010.66,9,186,1,credito_15,6.92
2017-04-18,PROV-08,SKU-115267,CLEANING,357,1.77,631.89,5,321.08,0.8994,credito_15,11.54
2017-04-18,PROV-08,SKU-116311,CLEANING,39,17.2,670.8,9,39,1,credito_15,0.69
2017-04-18,PROV-08,SKU-119023,CLEANING,125,24.77,3096.25,10,118.01,0.9441,credito_15,8.23
2017-04-18,PROV-08,SKU-119024,CLEANING,297,6.05,1796.85,10,275.13,0.9264,credito_15,11.59
2017-04-18,PROV-08,SKU-119026,CLEANING,975,8.19,7985.25,4,975,1,credito_15,2.94
2017-04-18,PROV-08,SKU-119187,CLEANING,234,13.85,3240.9,8,234,1,credito_15,7.41
2017-04-18,PROV-08,SKU-119191,CLEANING,244,15.12,3689.28,4,244,1,credito_15,0.56
2017-04-18,PROV-08,SKU-119193,CLEANING,126,13.08,1648.08,5,105.73,0.8391,credito_15,7.88
2017-04-18,PROV-08,SKU-122425,CLEANING,91,8.09,736.19,10,89.94,0.9884,credito_15,5.18
2017-04-18,PROV-08,SKU-153078,CLEANING,357,6.87,2452.59,7,357,1,credito_15,3.4
2017-04-18,PROV-08,SKU-158788,CLEANING,365,22.36,8161.4,10,359.9,0.986,credito_15,7.19
2017-04-18,PROV-08,SKU-158789,CLEANING,641,24.65,15800.65,7,621.59,0.9697,credito_15,4.87
2017-04-18,PROV-08,SKU-158956,CLEANING,505,24.55,12397.75,7,451.57,0.8942,credito_15,11.34
2017-04-18,PROV-08,SKU-159242,CLEANING,262,2.52,660.24,8,248.29,0.9477,credito_15,3.16
2017-04-18,PROV-08,SKU-164647,CLEANING,1084,18.9,20487.6,7,1036.81,0.9565,credito_15,5.65
2017-04-18,PROV-08,SKU-168927,CLEANING,561,6.22,3489.42,6,561,1,credito_15,2.36
2017-04-18,PROV-08,SKU-168930,CLEANING,632,2.51,1586.32,10,584.57,0.925,credito_15,10.16
2017-04-18,PROV-08,SKU-168931,CLEANING,209,3.83,800.47,6,200.98,0.9616,credito_15,3.65
2017-04-18,PROV-08,SKU-169101,CLEANING,63,9.59,604.17,8,63,1,credito_15,10.19
2017-04-18,PROV-08,SKU-169104,CLEANING,15,9.36,140.4,4,14.23,0.9487,credito_15,4.31
2017-04-18,PROV-08,SKU-171890,CLEANING,129,10.02,1292.58,8,119.11,0.9233,credito_15,0.71
2017-04-18,PROV-08,SKU-176411,CLEANING,11,16.05,176.55,6,11,1,credito_15,10.1
2017-04-18,PROV-08,SKU-208498,CLEANING,154,19.45,2995.3,4,153.26,0.9952,credito_15,6.98
2017-04-18,PROV-08,SKU-209085,CLEANING,200,4.68,936,4,200,1,credito_15,11.82
2017-04-18,PROV-08,SKU-214381,CLEANING,399,9.45,3770.55,6,382.24,0.958,credito_15,8.83
2017-04-18,PROV-08,SKU-214859,CLEANING,186,22.21,4131.06,8,168.71,0.907,credito_15,3.39
2017-04-18,PROV-08,SKU-214860,CLEANING,245,16.03,3927.35,4,213.18,0.8701,credito_15,9.67
2017-04-18,PROV-08,SKU-214862,CLEANING,241,4.59,1106.19,6,212.79,0.8829,credito_15,10.81
2017-04-18,PROV-08,SKU-218726,CLEANING,116,13.04,1512.64,6,116,1,credito_15,3.89
2017-04-18,PROV-08,SKU-218728,CLEANING,178,8.65,1539.7,5,178,1,credito_15,9.61
2017-04-18,PROV-08,SKU-221506,CLEANING,213,13.87,2954.31,6,208.86,0.9806,credito_15,2.57
2017-04-18,PROV-08,SKU-224081,CLEANING,193,20.04,3867.72,9,193,1,credito_15,1.26
2017-04-18,PROV-08,SKU-226126,CLEANING,266,22.27,5923.82,6,264.53,0.9945,credito_15,8.28
2017-04-18,PROV-08,SKU-252970,CLEANING,314,8.03,2521.42,10,314,1,credito_15,1.41
2017-04-18,PROV-08,SKU-252972,CLEANING,466,4,1864,5,422.57,0.9068,credito_15,8.15
2017-04-18,PROV-08,SKU-258376,CLEANING,761,12.72,9679.92,8,676.55,0.889,credito_15,9.61
2017-04-18,PROV-09,SKU-122095,DAIRY,146,6.17,900.82,10,141.88,0.9718,contado,4.2
2017-04-18,PROV-09,SKU-129635,DAIRY,765,21.54,16478.1,7,743.35,0.9717,contado,4.3
2017-04-18,PROV-09,SKU-1427659,DAIRY,2720,20.77,56494.4,10,2529.11,0.9298,contado,5.87
2017-04-18,PROV-09,SKU-158842,DAIRY,245,19.63,4809.35,6,220.73,0.9009,contado,7.14
2017-04-18,PROV-09,SKU-164088,DAIRY,314,6.09,1912.26,8,314,1,contado,0.61
2017-04-18,PROV-09,SKU-179615,DAIRY,460,23.7,10902,10,446.51,0.9707,contado,11.16
2017-04-18,PROV-09,SKU-205486,DAIRY,176,22.33,3930.08,11,171.49,0.9744,contado,8.22
2017-04-18,PROV-10,SKU-108698,DELI,206,4.36,898.16,10,206,1,credito_15,0.37
2017-04-18,PROV-10,SKU-108701,DELI,162,8.18,1325.16,8,153.27,0.9461,credito_15,1.35
2017-04-18,PROV-10,SKU-208426,DELI,154,18.13,2792.02,6,153.38,0.996,credito_15,9.7
2017-04-18,PROV-10,SKU-220613,DELI,301,5.5,1655.5,7,300.16,0.9972,credito_15,10.64
2017-04-18,PROV-11,SKU-127547,EGGS,266,21.95,5838.7,6,237.53,0.893,credito_30,10.18
2017-04-18,PROV-11,SKU-158680,EGGS,381,15.57,5932.17,7,359.84,0.9445,credito_30,3.92
2017-04-18,PROV-11,SKU-208384,EGGS,935,13.6,12716,10,853.75,0.9131,credito_30,7.81
2017-04-18,PROV-11,SKU-208386,EGGS,352,17.06,6005.12,9,304.28,0.8644,credito_30,6.32
2017-04-18,PROV-11,SKU-227111,EGGS,238,15.75,3748.5,11,193.35,0.8124,credito_30,5.65
2017-04-18,PROV-11,SKU-258268,EGGS,305,3.54,1079.7,11,246.08,0.8068,credito_30,0.73
2017-04-18,PROV-12,SKU-258411,FROZEN FOODS,201,20.23,4066.23,6,188.77,0.9392,credito_15,9.84
2017-04-18,PROV-13,SKU-103520,GROCERY I,178,24.61,4380.58,8,178,1,credito_15,4.19
2017-04-18,PROV-13,SKU-105574,GROCERY I,375,1.76,660,7,352.43,0.9398,credito_15,10.52
2017-04-18,PROV-13,SKU-105575,GROCERY I,744,20.25,15066,10,600.43,0.807,credito_15,5.98
2017-04-18,PROV-13,SKU-105576,GROCERY I,638,13.13,8376.94,6,638,1,credito_15,5.21
2017-04-18,PROV-13,SKU-105577,GROCERY I,106,8.29,878.74,12,92.79,0.8754,credito_15,10.66
2017-04-18,PROV-13,SKU-105693,GROCERY I,55,1.51,83.05,11,55,1,credito_15,5.73
2017-04-18,PROV-13,SKU-105737,GROCERY I,126,12.04,1517.04,6,121.65,0.9655,credito_15,7.51
2017-04-18,PROV-13,SKU-105857,GROCERY I,446,22.71,10128.66,11,412.85,0.9257,credito_15,9.17
2017-04-18,PROV-13,SKU-106716,GROCERY I,398,16.92,6734.16,7,382.15,0.9602,credito_15,5.05
2017-04-18,PROV-13,SKU-108797,GROCERY I,242,23.15,5602.3,6,242,1,credito_15,4.03
2017-04-18,PROV-13,SKU-111223,GROCERY I,866,17.97,15562.02,12,810.59,0.936,credito_15,4.17
2017-04-18,PROV-13,SKU-111397,GROCERY I,191,10.24,1955.84,9,182.43,0.9551,credito_15,2.23
2017-04-18,PROV-13,SKU-112830,GROCERY I,186,10.99,2044.14,9,175.07,0.9412,credito_15,1.42
2017-04-18,PROV-13,SKU-114790,GROCERY I,880,24.29,21375.2,6,880,1,credito_15,6.65
2017-04-18,PROV-13,SKU-115611,GROCERY I,806,22.31,17981.86,10,776.65,0.9636,credito_15,4.13
2017-04-18,PROV-13,SKU-115693,GROCERY I,282,23.46,6615.72,10,270.76,0.9601,credito_15,5.42
2017-04-18,PROV-13,SKU-115720,GROCERY I,451,21.56,9723.56,10,427.1,0.947,credito_15,0.01
2017-04-18,PROV-13,SKU-115850,GROCERY I,1007,16.03,16142.21,10,960.2,0.9535,credito_15,11.94
2017-04-18,PROV-13,SKU-115891,GROCERY I,268,15.3,4100.4,6,206.67,0.7712,credito_15,11.14
2017-04-18,PROV-13,SKU-115893,GROCERY I,708,7.16,5069.28,9,699.67,0.9882,credito_15,5.62
2017-04-18,PROV-13,SKU-115894,GROCERY I,678,4.91,3328.98,8,638.01,0.941,credito_15,4.29
2017-04-18,PROV-13,SKU-116017,GROCERY I,1059,5.48,5803.32,6,1020.38,0.9635,credito_15,5.71
2017-04-18,PROV-13,SKU-116018,GROCERY I,484,9.79,4738.36,10,423.86,0.8757,credito_15,2.31
2017-04-18,PROV-13,SKU-116279,GROCERY I,115,7.96,915.4,6,102.7,0.893,credito_15,11.83
2017-04-18,PROV-13,SKU-122419,GROCERY I,187,21.05,3936.35,7,172.11,0.9204,credito_15,0.79
2017-04-18,PROV-13,SKU-123601,GROCERY I,947,20.21,19138.87,12,932.18,0.9844,credito_15,10.66
2017-04-18,PROV-13,SKU-123602,GROCERY I,266,21.56,5734.96,6,265.69,0.9988,credito_15,4.51
2017-04-18,PROV-13,SKU-123927,GROCERY I,63,12.89,812.07,9,57.52,0.913,credito_15,1.78
2017-04-18,PROV-13,SKU-125430,GROCERY I,436,5.35,2332.6,7,401.73,0.9214,credito_15,11.1
2017-04-18,PROV-13,SKU-129296,GROCERY I,345,17.27,5958.15,6,309.14,0.8961,credito_15,5.98
2017-04-18,PROV-13,SKU-129297,GROCERY I,241,6.14,1479.74,10,241,1,credito_15,0.68
2017-04-18,PROV-13,SKU-153267,GROCERY I,406,14.59,5923.54,10,333.88,0.8224,credito_15,4.1
2017-04-18,PROV-13,SKU-155499,GROCERY I,249,11.6,2888.4,10,249,1,credito_15,7.31
2017-04-18,PROV-13,SKU-155500,GROCERY I,1967,5.43,10680.81,9,1967,1,credito_15,1.26
2017-04-18,PROV-13,SKU-155600,GROCERY I,230,13.97,3213.1,11,219.62,0.9549,credito_15,11.42
2017-04-18,PROV-13,SKU-155610,GROCERY I,130,1.62,210.6,7,113.51,0.8732,credito_15,9.27
2017-04-18,PROV-13,SKU-155621,GROCERY I,131,15.2,1991.2,12,123.18,0.9403,credito_15,0.65
2017-04-18,PROV-13,SKU-155625,GROCERY I,148,20.43,3023.64,6,142.62,0.9636,credito_15,7.65
2017-04-18,PROV-13,SKU-157956,GROCERY I,220,22.53,4956.6,9,211.52,0.9615,credito_15,9.68
2017-04-18,PROV-13,SKU-158875,GROCERY I,134,10.06,1348.04,12,123.02,0.9181,credito_15,0.02
2017-04-18,PROV-13,SKU-164036,GROCERY I,387,10.4,4024.8,10,387,1,credito_15,11.11
2017-04-18,PROV-13,SKU-164037,GROCERY I,285,20.02,5705.7,9,278.76,0.9781,credito_15,8.62
2017-04-18,PROV-13,SKU-165594,GROCERY I,766,15.04,11520.64,8,766,1,credito_15,5.83
2017-04-18,PROV-13,SKU-165704,GROCERY I,940,24.86,23368.4,12,912.51,0.9708,credito_15,8.69
2017-04-18,PROV-13,SKU-165705,GROCERY I,165,12.35,2037.75,9,149.38,0.9053,credito_15,9.51
2017-04-18,PROV-13,SKU-165727,GROCERY I,37,21.7,802.9,10,37,1,credito_15,4.98
2017-04-18,PROV-13,SKU-165988,GROCERY I,561,24.95,13996.95,10,561,1,credito_15,9.69
2017-04-18,PROV-13,SKU-168989,GROCERY I,153,5.77,882.81,9,143.2,0.9359,credito_15,2.11
2017-04-18,PROV-13,SKU-169028,GROCERY I,239,3.63,867.57,7,215.11,0.9,credito_15,0.37
2017-04-18,PROV-13,SKU-170791,GROCERY I,1039,7.87,8176.93,6,976.29,0.9396,credito_15,4.61
2017-04-18,PROV-13,SKU-172184,GROCERY I,261,15.9,4149.9,6,261,1,credito_15,9.62
2017-04-18,PROV-13,SKU-172343,GROCERY I,223,22.32,4977.36,8,223,1,credito_15,6.56
2017-04-18,PROV-13,SKU-173111,GROCERY I,322,18.85,6069.7,9,322,1,credito_15,11.89
2017-04-18,PROV-13,SKU-179274,GROCERY I,456,4.25,1938,9,456,1,credito_15,3
2017-04-18,PROV-13,SKU-179564,GROCERY I,39,7.98,311.22,6,35.74,0.9164,credito_15,7.45
2017-04-18,PROV-13,SKU-179579,GROCERY I,133,16.68,2218.44,8,132.77,0.9983,credito_15,11.68
2017-04-18,PROV-13,SKU-205381,GROCERY I,80,10.63,850.4,6,69.55,0.8694,credito_15,5.53
2017-04-18,PROV-13,SKU-205387,GROCERY I,369,24.72,9121.68,8,369,1,credito_15,8.55
2017-04-18,PROV-13,SKU-205557,GROCERY I,91,8.19,745.29,12,77.21,0.8485,credito_15,8.16
2017-04-18,PROV-13,SKU-207857,GROCERY I,648,8.15,5281.2,8,601.62,0.9284,credito_15,0.78
2017-04-18,PROV-13,SKU-208659,GROCERY I,194,19.11,3707.34,12,177.72,0.9161,credito_15,5.12
2017-04-18,PROV-13,SKU-208699,GROCERY I,121,6.33,765.93,6,114.31,0.9447,credito_15,9.02
2017-04-18,PROV-13,SKU-210798,GROCERY I,243,22.64,5501.52,7,221.15,0.9101,credito_15,9.54
2017-04-18,PROV-13,SKU-211206,GROCERY I,351,12.84,4506.84,9,324.7,0.9251,credito_15,4.3
2017-04-18,PROV-13,SKU-211999,GROCERY I,98,22,2156,8,93.49,0.954,credito_15,0.75
2017-04-18,PROV-13,SKU-212550,GROCERY I,163,11.44,1864.72,10,148.59,0.9116,credito_15,5.17
2017-04-18,PROV-13,SKU-212552,GROCERY I,230,17.57,4041.1,8,230,1,credito_15,0.47
2017-04-18,PROV-13,SKU-213066,GROCERY I,295,21.09,6221.55,10,273.88,0.9284,credito_15,7.3
2017-04-18,PROV-13,SKU-213652,GROCERY I,540,10.28,5551.2,9,523.73,0.9699,credito_15,1.62
2017-04-18,PROV-13,SKU-213788,GROCERY I,267,15.73,4199.91,7,260.55,0.9758,credito_15,11.41
2017-04-18,PROV-13,SKU-215303,GROCERY I,221,22.99,5080.79,10,213.75,0.9672,credito_15,1.73
2017-04-18,PROV-13,SKU-215304,GROCERY I,155,20.98,3251.9,7,139.25,0.8984,credito_15,0.46
2017-04-18,PROV-13,SKU-215327,GROCERY I,719,4.39,3156.41,10,708.61,0.9855,credito_15,11.74
2017-04-18,PROV-13,SKU-215331,GROCERY I,1059,20.73,21953.07,9,1010.26,0.954,credito_15,0.29
2017-04-18,PROV-13,SKU-215332,GROCERY I,432,18.14,7836.48,8,417,0.9653,credito_15,7.61
2017-04-18,PROV-13,SKU-215356,GROCERY I,181,7.24,1310.44,8,175.59,0.9701,credito_15,3.19
2017-04-18,PROV-13,SKU-217827,GROCERY I,198,2.53,500.94,9,165.26,0.8346,credito_15,2.77
2017-04-18,PROV-13,SKU-220435,GROCERY I,1720,21.06,36223.2,8,1720,1,credito_15,11.82
2017-04-18,PROV-13,SKU-222879,GROCERY I,1038,8.88,9217.44,7,1031.37,0.9936,credito_15,2.65
2017-04-18,PROV-13,SKU-222975,GROCERY I,1018,16.35,16644.3,10,968.57,0.9514,credito_15,1.16
2017-04-18,PROV-13,SKU-223068,GROCERY I,134,17.11,2292.74,11,131.73,0.9831,credito_15,7.04
2017-04-18,PROV-13,SKU-223136,GROCERY I,743,15.36,11412.48,9,743,1,credito_15,6.68
2017-04-18,PROV-13,SKU-223434,GROCERY I,428,11.22,4802.16,9,390.75,0.913,credito_15,4.5
2017-04-18,PROV-13,SKU-223463,GROCERY I,260,15.36,3993.6,9,251.86,0.9687,credito_15,1.2
2017-04-18,PROV-13,SKU-253145,GROCERY I,118,5.87,692.66,8,107.97,0.915,credito_15,10.33
2017-04-18,PROV-13,SKU-255161,GROCERY I,50,17.46,873,11,49.8,0.996,credito_15,11.28
2017-04-18,PROV-13,SKU-255198,GROCERY I,255,8.35,2129.25,6,249.7,0.9792,credito_15,4.74
2017-04-18,PROV-13,SKU-255199,GROCERY I,354,20.85,7380.9,10,354,1,credito_15,11.45
2017-04-18,PROV-13,SKU-255202,GROCERY I,201,8.12,1632.12,10,189.79,0.9442,credito_15,7.57
2017-04-18,PROV-13,SKU-258395,GROCERY I,107,7.79,833.53,10,105.09,0.9821,credito_15,4.92
2017-04-18,PROV-13,SKU-258396,GROCERY I,528,16.42,8669.76,9,511.18,0.9681,credito_15,0.78
2017-04-18,PROV-13,SKU-314384,GROCERY I,4039,4.03,16277.17,6,3595.79,0.8903,credito_15,6.66
2017-04-18,PROV-13,SKU-364606,GROCERY I,2962,22.34,66171.08,10,2584.43,0.8725,credito_15,3.71
2017-04-18,PROV-14,SKU-167437,GROCERY II,260,21.71,5644.6,7,217.15,0.8352,credito_30,10.63
2017-04-18,PROV-14,SKU-210520,GROCERY II,13,21.47,279.11,4,11.98,0.9215,credito_30,6.79
2017-04-18,PROV-18,SKU-250782,HOME APPLIANCES,47,22.99,1080.53,12,43.17,0.9185,contado,7.75
2017-04-18,PROV-22,SKU-115847,LINGERIE,46,24.3,1117.8,5,37.62,0.8178,contado,3.39
2017-04-18,PROV-22,SKU-177050,LINGERIE,18,19.6,352.8,5,15.36,0.8533,contado,7.94
2017-04-18,PROV-22,SKU-215468,LINGERIE,43,5.11,219.73,10,37.96,0.8828,contado,7.72
2017-04-18,PROV-25,SKU-205209,MEATS,233.61,3.26,761.57,10,226.24,0.9685,credito_30,1.36
2017-04-18,PROV-25,SKU-584028,MEATS,2302.61,24.29,55930.4,11,2265.62,0.9839,credito_30,3.56
2017-04-18,PROV-26,SKU-114799,PERSONAL CARE,161,11.47,1846.67,7,153,0.9503,contado,10.15
2017-04-18,PROV-26,SKU-114800,PERSONAL CARE,295,21.01,6197.95,5,281.62,0.9546,contado,0.3
2017-04-18,PROV-29,SKU-108831,POULTRY,337.56,13.2,4455.79,7,280.77,0.8318,credito_15,3.37
2017-04-18,PROV-29,SKU-159156,POULTRY,1840.66,24.7,45464.3,5,1504.71,0.8175,credito_15,11.37
2017-04-18,PROV-29,SKU-208539,POULTRY,157.96,9.37,1480.09,6,151.43,0.9587,credito_15,5.37
2017-04-18,PROV-31,SKU-1473410,PRODUCE,2136.19,20.04,42809.25,7,1694.26,0.7931,credito_30,7.81
2017-04-18,PROV-31,SKU-1473474,PRODUCE,8950.64,10.26,91833.56,9,8628.76,0.964,credito_30,7.85
2017-04-18,PROV-31,SKU-1502392,PRODUCE,3063.22,5.27,16143.17,7,2801.27,0.9145,credito_30,7.28
2017-04-18,PROV-31,SKU-1503844,PRODUCE,8443.14,2.17,18321.61,5,6302.68,0.7465,credito_30,8.42
2017-04-18,PROV-31,SKU-1503847,PRODUCE,2690.57,8.42,22654.6,4,2373.59,0.8822,credito_30,7.56
2017-04-18,PROV-31,SKU-1584575,PRODUCE,3354,3.25,10900.5,7,3105.6,0.9259,credito_30,11.81
2017-04-18,PROV-31,SKU-1642399,PRODUCE,3594.61,24.92,89577.68,7,2886.52,0.803,credito_30,6.89
2017-04-18,PROV-31,SKU-1686656,PRODUCE,2576,8.68,22359.68,5,2207.59,0.857,credito_30,11.97
2017-04-18,PROV-31,SKU-1695835,PRODUCE,3530.01,5.86,20685.86,6,3048.61,0.8636,credito_30,8.88
2017-04-18,PROV-31,SKU-1751174,PRODUCE,2240.25,10.13,22693.73,7,1994.9,0.8905,credito_30,6.69
2017-04-18,PROV-31,SKU-1926217,PRODUCE,3224,6.14,19795.36,7,2985.98,0.9262,credito_30,5.65
2017-04-18,PROV-33,SKU-252698,SEAFOOD,133.95,7.5,1004.62,11,126.75,0.9462,contado,11.52
2017-04-25,PROV-01,SKU-121964,AUTOMOTIVE,21,3.38,70.98,8,20.39,0.971,contado,1.52
2017-04-25,PROV-01,SKU-172995,AUTOMOTIVE,59,6.73,397.07,7,53.86,0.9129,contado,5.33
2017-04-25,PROV-04,SKU-1047679,BEVERAGES,5238,22.41,117383.58,2,4587.57,0.8758,credito_15,10.65
2017-04-25,PROV-04,SKU-119624,BEVERAGES,534,2.86,1527.24,7,459.51,0.8605,credito_15,7.65
2017-04-25,PROV-04,SKU-1430040,BEVERAGES,5363,9.67,51860.21,4,4918.97,0.9172,credito_15,8.28
2017-04-25,PROV-04,SKU-1463992,BEVERAGES,9777,20.67,202090.59,5,8330.99,0.8521,credito_15,8.32
2017-04-25,PROV-04,SKU-1463993,BEVERAGES,6789,8.61,58453.29,2,5367.05,0.7906,credito_15,9.69
2017-04-25,PROV-04,SKU-165550,BEVERAGES,691,10.86,7504.26,8,604.42,0.8747,credito_15,3.29
2017-04-25,PROV-04,SKU-165551,BEVERAGES,173,24.82,4293.86,4,149.33,0.8632,credito_15,5.98
2017-04-25,PROV-04,SKU-165553,BEVERAGES,163,2.93,477.59,4,157.27,0.9648,credito_15,1.86
2017-04-25,PROV-04,SKU-174081,BEVERAGES,213,7.23,1539.99,3,189.21,0.8883,credito_15,8.87
2017-04-25,PROV-04,SKU-2006812,BEVERAGES,4367,19.22,83933.74,5,3765.78,0.8623,credito_15,5.04
2017-04-25,PROV-04,SKU-2042941,BEVERAGES,7543,10.12,76335.16,3,5923.05,0.7852,credito_15,10.03
2017-04-25,PROV-04,SKU-2042947,BEVERAGES,7649,17.61,134698.89,8,7220.74,0.944,credito_15,3.19
2017-04-25,PROV-04,SKU-219147,BEVERAGES,347,16.82,5836.54,4,333.94,0.9624,credito_15,4.33
2017-04-25,PROV-04,SKU-219150,BEVERAGES,964,1.52,1465.28,8,891.22,0.9245,credito_15,7.8
2017-04-25,PROV-04,SKU-219152,BEVERAGES,290,23.63,6852.7,2,290,1,credito_15,2.42
2017-04-25,PROV-04,SKU-257848,BEVERAGES,251,5.96,1495.96,2,221.88,0.884,credito_15,0.96
2017-04-25,PROV-04,SKU-364738,BEVERAGES,4235,14.62,61915.7,4,4006.9,0.9461,credito_15,4
2017-04-25,PROV-04,SKU-819932,BEVERAGES,6175,20.65,127513.75,5,5529.05,0.8954,credito_15,6.63
2017-04-25,PROV-06,SKU-103665,BREAD/BAKERY,245,8.68,2126.6,4,209.25,0.8541,credito_15,1.27
2017-04-25,PROV-06,SKU-1333307,BREAD/BAKERY,1754,11.69,20504.26,9,1608.01,0.9168,credito_15,9.77
2017-04-25,PROV-06,SKU-153239,BREAD/BAKERY,311,9.2,2861.2,4,263.86,0.8484,credito_15,1.27
2017-04-25,PROV-06,SKU-153395,BREAD/BAKERY,160,14.3,2288,7,131.05,0.8191,credito_15,9.97
2017-04-25,PROV-06,SKU-153398,BREAD/BAKERY,158,10.58,1671.64,5,119.25,0.7547,credito_15,8.01
2017-04-25,PROV-06,SKU-165718,BREAD/BAKERY,452,8.98,4058.96,4,439.85,0.9731,credito_15,7.62
2017-04-25,PROV-06,SKU-215370,BREAD/BAKERY,459,19.96,9161.64,8,403.3,0.8786,credito_15,8.45
2017-04-25,PROV-06,SKU-253103,BREAD/BAKERY,123,2.6,319.8,9,120.92,0.9831,credito_15,6.65
2017-04-25,PROV-08,SKU-103501,CLEANING,234,9.62,2251.08,4,234,1,credito_15,8.69
2017-04-25,PROV-08,SKU-108786,CLEANING,502,4.58,2299.16,5,490.57,0.9772,credito_15,3.46
2017-04-25,PROV-08,SKU-108952,CLEANING,210,10.81,2270.1,9,182.54,0.8692,credito_15,6.92
2017-04-25,PROV-08,SKU-115267,CLEANING,377,1.77,667.29,8,348.69,0.9249,credito_15,11.54
2017-04-25,PROV-08,SKU-116311,CLEANING,32,17.2,550.4,8,32,1,credito_15,0.69
2017-04-25,PROV-08,SKU-119023,CLEANING,151,24.77,3740.27,8,143.29,0.9489,credito_15,8.23
2017-04-25,PROV-08,SKU-119024,CLEANING,339,6.05,2050.95,7,323.74,0.955,credito_15,11.59
2017-04-25,PROV-08,SKU-119026,CLEANING,1145,8.19,9377.55,10,1145,1,credito_15,2.94
2017-04-25,PROV-08,SKU-119187,CLEANING,209,13.85,2894.65,9,209,1,credito_15,7.41
2017-04-25,PROV-08,SKU-119191,CLEANING,266,15.12,4021.92,4,255.98,0.9623,credito_15,0.56
2017-04-25,PROV-08,SKU-119193,CLEANING,131,13.08,1713.48,9,131,1,credito_15,7.88
2017-04-25,PROV-08,SKU-122425,CLEANING,104,8.09,841.36,9,98.93,0.9512,credito_15,5.18
2017-04-25,PROV-08,SKU-153078,CLEANING,422,6.87,2899.14,6,399.92,0.9477,credito_15,3.4
2017-04-25,PROV-08,SKU-158788,CLEANING,352,22.36,7870.72,6,328.61,0.9336,credito_15,7.19
2017-04-25,PROV-08,SKU-158789,CLEANING,683,24.65,16835.95,5,680.37,0.9961,credito_15,4.87
2017-04-25,PROV-08,SKU-158956,CLEANING,360,24.55,8838,5,311.05,0.864,credito_15,11.34
2017-04-25,PROV-08,SKU-159242,CLEANING,360,2.52,907.2,7,328.16,0.9116,credito_15,3.16
2017-04-25,PROV-08,SKU-164647,CLEANING,1323,18.9,25004.7,5,1321.17,0.9986,credito_15,5.65
2017-04-25,PROV-08,SKU-168927,CLEANING,575,6.22,3576.5,9,528.49,0.9191,credito_15,2.36
2017-04-25,PROV-08,SKU-168930,CLEANING,653,2.51,1639.03,5,599.03,0.9174,credito_15,10.16
2017-04-25,PROV-08,SKU-168931,CLEANING,239,3.83,915.37,7,221.16,0.9254,credito_15,3.65
2017-04-25,PROV-08,SKU-169101,CLEANING,82,9.59,786.38,9,76.16,0.9288,credito_15,10.19
2017-04-25,PROV-08,SKU-169104,CLEANING,29,9.36,271.44,7,27.37,0.9438,credito_15,4.31
2017-04-25,PROV-08,SKU-171890,CLEANING,110,10.02,1102.2,7,92.41,0.8401,credito_15,0.71
2017-04-25,PROV-08,SKU-176411,CLEANING,14,16.05,224.7,5,13.25,0.9464,credito_15,10.1
2017-04-25,PROV-08,SKU-208498,CLEANING,153,19.45,2975.85,10,149.8,0.9791,credito_15,6.98
2017-04-25,PROV-08,SKU-209085,CLEANING,261,4.68,1221.48,8,253.1,0.9697,credito_15,11.82
2017-04-25,PROV-08,SKU-214381,CLEANING,479,9.45,4526.55,6,451.2,0.942,credito_15,8.83
2017-04-25,PROV-08,SKU-214859,CLEANING,226,22.21,5019.46,10,217.88,0.9641,credito_15,3.39
2017-04-25,PROV-08,SKU-214860,CLEANING,213,16.03,3414.39,4,204.24,0.9589,credito_15,9.67
2017-04-25,PROV-08,SKU-214862,CLEANING,226,4.59,1037.34,9,217.23,0.9612,credito_15,10.81
2017-04-25,PROV-08,SKU-218726,CLEANING,113,13.04,1473.52,7,113,1,credito_15,3.89
2017-04-25,PROV-08,SKU-218728,CLEANING,149,8.65,1288.85,7,130.34,0.8748,credito_15,9.61
2017-04-25,PROV-08,SKU-221506,CLEANING,243,13.87,3370.41,10,242.59,0.9983,credito_15,2.57
2017-04-25,PROV-08,SKU-224081,CLEANING,215,20.04,4308.6,7,191.03,0.8885,credito_15,1.26
2017-04-25,PROV-08,SKU-226126,CLEANING,319,22.27,7104.13,5,302.28,0.9476,credito_15,8.28
2017-04-25,PROV-08,SKU-252970,CLEANING,378,8.03,3035.34,10,342.52,0.9061,credito_15,1.41
2017-04-25,PROV-08,SKU-252972,CLEANING,522,4,2088,7,493.84,0.9461,credito_15,8.15
2017-04-25,PROV-08,SKU-258376,CLEANING,816,12.72,10379.52,10,717.2,0.8789,credito_15,9.61
2017-04-25,PROV-09,SKU-122095,DAIRY,138,6.17,851.46,10,132.66,0.9613,contado,4.2
2017-04-25,PROV-09,SKU-129635,DAIRY,809,21.54,17425.86,9,763.42,0.9437,contado,4.3
2017-04-25,PROV-09,SKU-1427659,DAIRY,2532,20.77,52589.64,8,2043.4,0.807,contado,5.87
2017-04-25,PROV-09,SKU-158842,DAIRY,208,19.63,4083.04,6,183.74,0.8834,contado,7.14
2017-04-25,PROV-09,SKU-164088,DAIRY,266,6.09,1619.94,6,226.09,0.85,contado,0.61
2017-04-25,PROV-09,SKU-173113,DAIRY,81,13.89,1125.09,7,75.65,0.934,contado,0.57
2017-04-25,PROV-09,SKU-179615,DAIRY,473,23.7,11210.1,7,449.54,0.9504,contado,11.16
2017-04-25,PROV-09,SKU-205486,DAIRY,174,22.33,3885.42,12,174,1,contado,8.22
2017-04-25,PROV-10,SKU-108696,DELI,330,14.5,4785,10,330,1,credito_15,6.85
2017-04-25,PROV-10,SKU-108698,DELI,217,4.36,946.12,7,204.77,0.9436,credito_15,0.37
2017-04-25,PROV-10,SKU-108701,DELI,193,8.18,1578.74,5,178.5,0.9249,credito_15,1.35
2017-04-25,PROV-10,SKU-208426,DELI,176,18.13,3190.88,7,164.66,0.9356,credito_15,9.7
2017-04-25,PROV-10,SKU-220613,DELI,269,5.5,1479.5,7,239.86,0.8917,credito_15,10.64
2017-04-25,PROV-11,SKU-108833,EGGS,151,13.17,1988.67,8,143.58,0.9509,credito_30,9.82
2017-04-25,PROV-11,SKU-158680,EGGS,389,15.57,6056.73,10,374.83,0.9636,credito_30,3.92
2017-04-25,PROV-11,SKU-208384,EGGS,910,13.6,12376,8,864.45,0.9499,credito_30,7.81
2017-04-25,PROV-11,SKU-208386,EGGS,382,17.06,6516.92,10,368.78,0.9654,credito_30,6.32
2017-04-25,PROV-11,SKU-227111,EGGS,208,15.75,3276,7,186.83,0.8982,credito_30,5.65
2017-04-25,PROV-12,SKU-258411,FROZEN FOODS,216,20.23,4369.68,3,216,1,credito_15,9.84
2017-04-25,PROV-13,SKU-105574,GROCERY I,388,1.76,682.88,12,386.15,0.9952,credito_15,10.52
2017-04-25,PROV-13,SKU-105575,GROCERY I,801,20.25,16220.25,8,689.82,0.8612,credito_15,5.98
2017-04-25,PROV-13,SKU-105576,GROCERY I,711,13.13,9335.43,9,711,1,credito_15,5.21
2017-04-25,PROV-13,SKU-105577,GROCERY I,93,8.29,770.97,7,88.5,0.9516,credito_15,10.66
2017-04-25,PROV-13,SKU-105693,GROCERY I,71,1.51,107.21,9,67.33,0.9483,credito_15,5.73
2017-04-25,PROV-13,SKU-105737,GROCERY I,131,12.04,1577.24,7,127.17,0.9708,credito_15,7.51
2017-04-25,PROV-13,SKU-105857,GROCERY I,430,22.71,9765.3,6,423.07,0.9839,credito_15,9.17
2017-04-25,PROV-13,SKU-106716,GROCERY I,351,16.92,5938.92,6,315.05,0.8976,credito_15,5.05
2017-04-25,PROV-13,SKU-108079,GROCERY I,138,24.15,3332.7,10,138,1,credito_15,9.51
2017-04-25,PROV-13,SKU-108797,GROCERY I,274,23.15,6343.1,8,239,0.8723,credito_15,4.03
2017-04-25,PROV-13,SKU-108862,GROCERY I,56,17.93,1004.08,6,55.73,0.9952,credito_15,1.47
2017-04-25,PROV-13,SKU-111223,GROCERY I,952,17.97,17107.44,8,886.03,0.9307,credito_15,4.17
2017-04-25,PROV-13,SKU-111397,GROCERY I,274,10.24,2805.76,12,258.53,0.9435,credito_15,2.23
2017-04-25,PROV-13,SKU-112830,GROCERY I,203,10.99,2230.97,6,187.13,0.9218,credito_15,1.42
2017-04-25,PROV-13,SKU-114790,GROCERY I,837,24.29,20330.73,7,802.65,0.959,credito_15,6.65
2017-04-25,PROV-13,SKU-115611,GROCERY I,929,22.31,20725.99,8,875.63,0.9426,credito_15,4.13
2017-04-25,PROV-13,SKU-115693,GROCERY I,288,23.46,6756.48,7,288,1,credito_15,5.42
2017-04-25,PROV-13,SKU-115720,GROCERY I,379,21.56,8171.24,9,368.09,0.9712,credito_15,0.01
2017-04-25,PROV-13,SKU-115850,GROCERY I,1116,16.03,17889.48,6,1069.61,0.9584,credito_15,11.94
2017-04-25,PROV-13,SKU-115891,GROCERY I,287,15.3,4391.1,6,238.71,0.8317,credito_15,11.14
2017-04-25,PROV-13,SKU-115892,GROCERY I,720,10.31,7423.2,9,684.42,0.9506,credito_15,1.29
2017-04-25,PROV-13,SKU-115893,GROCERY I,718,7.16,5140.88,12,708.77,0.9871,credito_15,5.62
2017-04-25,PROV-13,SKU-116017,GROCERY I,1178,5.48,6455.44,6,1149.45,0.9758,credito_15,5.71
2017-04-25,PROV-13,SKU-116018,GROCERY I,491,9.79,4806.89,12,491,1,credito_15,2.31
2017-04-25,PROV-13,SKU-122419,GROCERY I,189,21.05,3978.45,11,164.62,0.871,credito_15,0.79
2017-04-25,PROV-13,SKU-123602,GROCERY I,291,21.56,6273.96,6,262.74,0.9029,credito_15,4.51
2017-04-25,PROV-13,SKU-123927,GROCERY I,66,12.89,850.74,9,63.38,0.9603,credito_15,1.78
2017-04-25,PROV-13,SKU-125430,GROCERY I,496,5.35,2653.6,10,451.22,0.9097,credito_15,11.1
2017-04-25,PROV-13,SKU-127534,GROCERY I,141,9.78,1378.98,6,131.33,0.9314,credito_15,1.96
2017-04-25,PROV-13,SKU-129297,GROCERY I,253,6.14,1553.42,9,242.35,0.9579,credito_15,0.68
2017-04-25,PROV-13,SKU-129759,GROCERY I,131,20.22,2648.82,9,122.66,0.9363,credito_15,9.17
2017-04-25,PROV-13,SKU-153267,GROCERY I,421,14.59,6142.39,6,384.04,0.9122,credito_15,4.1
2017-04-25,PROV-13,SKU-155500,GROCERY I,2060,5.43,11185.8,7,2039.77,0.9902,credito_15,1.26
2017-04-25,PROV-13,SKU-155601,GROCERY I,248,17.53,4347.44,7,243.57,0.9821,credito_15,9.96
2017-04-25,PROV-13,SKU-155607,GROCERY I,91,13.99,1273.09,8,82.85,0.9104,credito_15,2.31
2017-04-25,PROV-13,SKU-155610,GROCERY I,127,1.62,205.74,9,127,1,credito_15,9.27
2017-04-25,PROV-13,SKU-155621,GROCERY I,160,15.2,2432,8,146.09,0.9131,credito_15,0.65
2017-04-25,PROV-13,SKU-155625,GROCERY I,195,20.43,3983.85,8,179.19,0.9189,credito_15,7.65
2017-04-25,PROV-13,SKU-157956,GROCERY I,239,22.53,5384.67,9,230.92,0.9662,credito_15,9.68
2017-04-25,PROV-13,SKU-158875,GROCERY I,137,10.06,1378.22,10,122.71,0.8957,credito_15,0.02
2017-04-25,PROV-13,SKU-164036,GROCERY I,410,10.4,4264,7,368.83,0.8996,credito_15,11.11
2017-04-25,PROV-13,SKU-164037,GROCERY I,320,20.02,6406.4,6,320,1,credito_15,8.62
2017-04-25,PROV-13,SKU-165594,GROCERY I,730,15.04,10979.2,12,649.64,0.8899,credito_15,5.83
2017-04-25,PROV-13,SKU-165693,GROCERY I,610,4.38,2671.8,8,518.09,0.8493,credito_15,0.75
2017-04-25,PROV-13,SKU-165704,GROCERY I,998,24.86,24810.28,10,936.67,0.9385,credito_15,8.69
2017-04-25,PROV-13,SKU-165705,GROCERY I,182,12.35,2247.7,6,161.03,0.8848,credito_15,9.51
2017-04-25,PROV-13,SKU-165727,GROCERY I,105,21.7,2278.5,8,91.93,0.8755,credito_15,4.98
2017-04-25,PROV-13,SKU-168989,GROCERY I,140,5.77,807.8,9,117.5,0.8393,credito_15,2.11
2017-04-25,PROV-13,SKU-170791,GROCERY I,613,7.87,4824.31,9,604.52,0.9862,credito_15,4.61
2017-04-25,PROV-13,SKU-172184,GROCERY I,335,15.9,5326.5,7,335,1,credito_15,9.62
2017-04-25,PROV-13,SKU-172343,GROCERY I,221,22.32,4932.72,7,219.91,0.9951,credito_15,6.56
2017-04-25,PROV-13,SKU-173111,GROCERY I,521,18.85,9820.85,8,470.1,0.9023,credito_15,11.89
2017-04-25,PROV-13,SKU-177395,GROCERY I,374,18.86,7053.64,12,374,1,credito_15,5.91
2017-04-25,PROV-13,SKU-179564,GROCERY I,50,7.98,399,6,49.74,0.9948,credito_15,7.45
2017-04-25,PROV-13,SKU-179579,GROCERY I,117,16.68,1951.56,8,109.46,0.9356,credito_15,11.68
2017-04-25,PROV-13,SKU-205381,GROCERY I,93,10.63,988.59,11,79.53,0.8552,credito_15,5.53
2017-04-25,PROV-13,SKU-205387,GROCERY I,439,24.72,10852.08,12,431.57,0.9831,credito_15,8.55
2017-04-25,PROV-13,SKU-205557,GROCERY I,116,8.19,950.04,11,109.95,0.9478,credito_15,8.16
2017-04-25,PROV-13,SKU-207857,GROCERY I,770,8.15,6275.5,7,770,1,credito_15,0.78
2017-04-25,PROV-13,SKU-208514,GROCERY I,505,23.73,11983.65,6,436.09,0.8635,credito_15,6.96
2017-04-25,PROV-13,SKU-208659,GROCERY I,172,19.11,3286.92,9,159.46,0.9271,credito_15,5.12
2017-04-25,PROV-13,SKU-208699,GROCERY I,145,6.33,917.85,6,127.71,0.8808,credito_15,9.02
2017-04-25,PROV-13,SKU-211205,GROCERY I,460,11.7,5382,9,440.81,0.9583,credito_15,11.59
2017-04-25,PROV-13,SKU-211206,GROCERY I,377,12.84,4840.68,9,331.85,0.8802,credito_15,4.3
2017-04-25,PROV-13,SKU-211999,GROCERY I,126,22,2772,11,121.27,0.9625,credito_15,0.75
2017-04-25,PROV-13,SKU-212550,GROCERY I,176,11.44,2013.44,7,168.1,0.9551,credito_15,5.17
2017-04-25,PROV-13,SKU-212552,GROCERY I,201,17.57,3531.57,10,199.96,0.9948,credito_15,0.47
2017-04-25,PROV-13,SKU-213066,GROCERY I,326,21.09,6875.34,10,326,1,credito_15,7.3
2017-04-25,PROV-13,SKU-213652,GROCERY I,573,10.28,5890.44,10,534.2,0.9323,credito_15,1.62
2017-04-25,PROV-13,SKU-213653,GROCERY I,344,22.82,7850.08,9,310.94,0.9039,credito_15,7.03
2017-04-25,PROV-13,SKU-213788,GROCERY I,325,15.73,5112.25,10,325,1,credito_15,11.41
2017-04-25,PROV-13,SKU-215303,GROCERY I,293,22.99,6736.07,10,293,1,credito_15,1.73
2017-04-25,PROV-13,SKU-215304,GROCERY I,172,20.98,3608.56,8,169.51,0.9855,credito_15,0.46
2017-04-25,PROV-13,SKU-215327,GROCERY I,867,4.39,3806.13,6,686.78,0.7921,credito_15,11.74
2017-04-25,PROV-13,SKU-215331,GROCERY I,1112,20.73,23051.76,12,1039.3,0.9346,credito_15,0.29
2017-04-25,PROV-13,SKU-215352,GROCERY I,1135,19.77,22438.95,7,1023.46,0.9017,credito_15,0.19
2017-04-25,PROV-13,SKU-215356,GROCERY I,198,7.24,1433.52,12,198,1,credito_15,3.19
2017-04-25,PROV-13,SKU-215896,GROCERY I,563,13.91,7831.33,7,563,1,credito_15,7.71
2017-04-25,PROV-13,SKU-217827,GROCERY I,204,2.53,516.12,6,204,1,credito_15,2.77
2017-04-25,PROV-13,SKU-220432,GROCERY I,504,17.17,8653.68,11,457.84,0.9084,credito_15,4.63
2017-04-25,PROV-13,SKU-220435,GROCERY I,1884,21.06,39677.04,8,1816.49,0.9642,credito_15,11.82
2017-04-25,PROV-13,SKU-222879,GROCERY I,1192,8.88,10584.96,9,1176.9,0.9873,credito_15,2.65
2017-04-25,PROV-13,SKU-222975,GROCERY I,922,16.35,15074.7,12,922,1,credito_15,1.16
2017-04-25,PROV-13,SKU-223068,GROCERY I,169,17.11,2891.59,11,166.83,0.9872,credito_15,7.04
2017-04-25,PROV-13,SKU-223136,GROCERY I,894,15.36,13731.84,7,853.87,0.9551,credito_15,6.68
2017-04-25,PROV-13,SKU-223434,GROCERY I,513,11.22,5755.86,6,452.62,0.8823,credito_15,4.5
2017-04-25,PROV-13,SKU-223463,GROCERY I,289,15.36,4439.04,11,289,1,credito_15,1.2
2017-04-25,PROV-13,SKU-229368,GROCERY I,234,19.18,4488.12,10,224.82,0.9608,credito_15,4.44
2017-04-25,PROV-13,SKU-253145,GROCERY I,134,5.87,786.58,8,128.58,0.9596,credito_15,10.33
2017-04-25,PROV-13,SKU-255161,GROCERY I,54,17.46,942.84,12,54,1,credito_15,11.28
2017-04-25,PROV-13,SKU-255198,GROCERY I,234,8.35,1953.9,9,214,0.9145,credito_15,4.74
2017-04-25,PROV-13,SKU-255199,GROCERY I,432,20.85,9007.2,10,367.7,0.8512,credito_15,11.45
2017-04-25,PROV-13,SKU-255202,GROCERY I,178,8.12,1445.36,8,175.14,0.9839,credito_15,7.57
2017-04-25,PROV-13,SKU-258395,GROCERY I,104,7.79,810.16,8,100.68,0.9681,credito_15,4.92
2017-04-25,PROV-13,SKU-314384,GROCERY I,4451,4.03,17937.53,9,4139.19,0.9299,credito_15,6.66
2017-04-25,PROV-13,SKU-364606,GROCERY I,3108,22.34,69432.72,12,3108,1,credito_15,3.71
2017-04-25,PROV-14,SKU-167437,GROCERY II,256,21.71,5557.76,9,231.17,0.903,credito_30,10.63
2017-04-25,PROV-14,SKU-210520,GROCERY II,23,21.47,493.81,5,19.58,0.8513,credito_30,6.79
2017-04-25,PROV-18,SKU-250782,HOME APPLIANCES,52,22.99,1195.48,8,49.69,0.9556,contado,7.75
2017-04-25,PROV-22,SKU-177050,LINGERIE,14,19.6,274.4,5,11.48,0.82,contado,7.94
2017-04-25,PROV-22,SKU-215468,LINGERIE,21,5.11,107.31,7,16.94,0.8067,contado,7.72
2017-04-25,PROV-25,SKU-584028,MEATS,2053.63,24.29,49882.67,10,1888.87,0.9198,credito_30,3.56
2017-04-25,PROV-26,SKU-114799,PERSONAL CARE,193,11.47,2213.71,2,173.68,0.8999,contado,10.15
2017-04-25,PROV-26,SKU-114800,PERSONAL CARE,278,21.01,5840.78,6,254.75,0.9164,contado,0.3
2017-04-25,PROV-29,SKU-108831,POULTRY,469.87,13.2,6202.28,3,439.59,0.9356,credito_15,3.37
2017-04-25,PROV-29,SKU-159156,POULTRY,2003.79,24.7,49493.61,3,1586.18,0.7916,credito_15,11.37
2017-04-25,PROV-29,SKU-208539,POULTRY,175.32,9.37,1642.75,4,153.54,0.8758,credito_15,5.37
2017-04-25,PROV-31,SKU-1473410,PRODUCE,3173.72,20.04,63601.35,5,2789.81,0.879,credito_30,7.81
2017-04-25,PROV-31,SKU-1473474,PRODUCE,9425.9,10.26,96709.74,5,7860.99,0.834,credito_30,7.85
2017-04-25,PROV-31,SKU-1502392,PRODUCE,2646.13,5.27,13945.1,5,2318.15,0.8761,credito_30,7.28
2017-04-25,PROV-31,SKU-1503844,PRODUCE,10946.02,2.17,23752.86,5,8905.92,0.8136,credito_30,8.42
2017-04-25,PROV-31,SKU-1503847,PRODUCE,2845.96,8.42,23962.98,8,2292.28,0.8055,credito_30,7.56
2017-04-25,PROV-31,SKU-1584575,PRODUCE,3369,3.25,10949.25,10,2984.63,0.8859,credito_30,11.81
2017-04-25,PROV-31,SKU-1642399,PRODUCE,3723.18,24.92,92781.64,6,3246.63,0.872,credito_30,6.89
2017-04-25,PROV-31,SKU-1686656,PRODUCE,2698,8.68,23418.64,6,2364.86,0.8765,credito_30,11.97
2017-04-25,PROV-31,SKU-1695835,PRODUCE,3242.25,5.86,18999.59,5,2539.14,0.7831,credito_30,8.88
2017-04-25,PROV-31,SKU-1751174,PRODUCE,2460.25,10.13,24922.33,4,1980.67,0.8051,credito_30,6.69
2017-04-25,PROV-31,SKU-1926217,PRODUCE,3161,6.14,19408.54,7,2731.47,0.8641,credito_30,5.65
2017-04-25,PROV-33,SKU-252698,SEAFOOD,225.22,7.5,1689.15,6,214.66,0.9531,contado,11.52
2017-05-02,PROV-01,SKU-121964,AUTOMOTIVE,21,3.38,70.98,9,17.43,0.83,contado,1.52
2017-05-02,PROV-01,SKU-172995,AUTOMOTIVE,60,6.73,403.8,6,51.76,0.8627,contado,5.33
2017-05-02,PROV-04,SKU-1047679,BEVERAGES,4763,22.41,106738.83,8,4763,1,credito_15,10.65
2017-05-02,PROV-04,SKU-119624,BEVERAGES,479,2.86,1369.94,3,445.89,0.9309,credito_15,7.65
2017-05-02,PROV-04,SKU-1430040,BEVERAGES,5924,9.67,57285.08,8,5215.05,0.8803,credito_15,8.28
2017-05-02,PROV-04,SKU-1463992,BEVERAGES,9501,20.67,196385.67,6,8356.49,0.8795,credito_15,8.32
2017-05-02,PROV-04,SKU-1463993,BEVERAGES,7357,8.61,63343.77,3,7315.82,0.9944,credito_15,9.69
2017-05-02,PROV-04,SKU-165550,BEVERAGES,856,10.86,9296.16,5,736.01,0.8598,credito_15,3.29
2017-05-02,PROV-04,SKU-165551,BEVERAGES,244,24.82,6056.08,8,231.07,0.947,credito_15,5.98
2017-05-02,PROV-04,SKU-165553,BEVERAGES,198,2.93,580.14,3,192.52,0.9723,credito_15,1.86
2017-05-02,PROV-04,SKU-174081,BEVERAGES,248,7.23,1793.04,4,222.13,0.8957,credito_15,8.87
2017-05-02,PROV-04,SKU-2006812,BEVERAGES,4511,19.22,86701.42,7,4485.29,0.9943,credito_15,5.04
2017-05-02,PROV-04,SKU-2042941,BEVERAGES,8315,10.12,84147.8,2,7667.81,0.9222,credito_15,10.03
2017-05-02,PROV-04,SKU-2042947,BEVERAGES,8021,17.61,141249.81,6,7615.36,0.9494,credito_15,3.19
2017-05-02,PROV-04,SKU-219147,BEVERAGES,362,16.82,6088.84,2,314.5,0.8688,credito_15,4.33
2017-05-02,PROV-04,SKU-219150,BEVERAGES,1432,1.52,2176.64,6,1196.93,0.8358,credito_15,7.8
2017-05-02,PROV-04,SKU-219152,BEVERAGES,240,23.63,5671.2,4,223.23,0.9301,credito_15,2.42
2017-05-02,PROV-04,SKU-257848,BEVERAGES,260,5.96,1549.6,4,219.2,0.8431,credito_15,0.96
2017-05-02,PROV-04,SKU-364738,BEVERAGES,3870,14.62,56579.4,6,3125.29,0.8076,credito_15,4
2017-05-02,PROV-04,SKU-819932,BEVERAGES,5531,20.65,114215.15,3,4985.82,0.9014,credito_15,6.63
2017-05-02,PROV-06,SKU-103665,BREAD/BAKERY,173,8.68,1501.64,4,173,1,credito_15,1.27
2017-05-02,PROV-06,SKU-1333307,BREAD/BAKERY,1871,11.69,21871.99,6,1611.65,0.8614,credito_15,9.77
2017-05-02,PROV-06,SKU-153239,BREAD/BAKERY,292,9.2,2686.4,9,278.89,0.9551,credito_15,1.27
2017-05-02,PROV-06,SKU-153395,BREAD/BAKERY,179,14.3,2559.7,4,176.21,0.9844,credito_15,9.97
2017-05-02,PROV-06,SKU-153398,BREAD/BAKERY,180,10.58,1904.4,10,143.77,0.7987,credito_15,8.01
2017-05-02,PROV-06,SKU-165718,BREAD/BAKERY,400,8.98,3592,8,366.44,0.9161,credito_15,7.62
2017-05-02,PROV-06,SKU-215370,BREAD/BAKERY,411,19.96,8203.56,10,379.83,0.9242,credito_15,8.45
2017-05-02,PROV-06,SKU-253103,BREAD/BAKERY,129,2.6,335.4,10,127.4,0.9876,credito_15,6.65
2017-05-02,PROV-08,SKU-103501,CLEANING,261,9.62,2510.82,8,235.66,0.9029,credito_15,8.69
2017-05-02,PROV-08,SKU-108786,CLEANING,624,4.58,2857.92,6,624,1,credito_15,3.46
2017-05-02,PROV-08,SKU-108952,CLEANING,242,10.81,2616.02,4,228.19,0.9429,credito_15,6.92
2017-05-02,PROV-08,SKU-115267,CLEANING,429,1.77,759.33,8,402.61,0.9385,credito_15,11.54
2017-05-02,PROV-08,SKU-116311,CLEANING,50,17.2,860,5,49.14,0.9828,credito_15,0.69
2017-05-02,PROV-08,SKU-119023,CLEANING,149,24.77,3690.73,4,147.74,0.9915,credito_15,8.23
2017-05-02,PROV-08,SKU-119024,CLEANING,376,6.05,2274.8,6,355.94,0.9466,credito_15,11.59
2017-05-02,PROV-08,SKU-119026,CLEANING,1169,8.19,9574.11,10,1169,1,credito_15,2.94
2017-05-02,PROV-08,SKU-119187,CLEANING,166,13.85,2299.1,6,147.21,0.8868,credito_15,7.41
2017-05-02,PROV-08,SKU-119191,CLEANING,138,15.12,2086.56,10,128.14,0.9286,credito_15,0.56
2017-05-02,PROV-08,SKU-119193,CLEANING,98,13.08,1281.84,4,98,1,credito_15,7.88
2017-05-02,PROV-08,SKU-122425,CLEANING,115,8.09,930.35,5,103.51,0.9001,credito_15,5.18
2017-05-02,PROV-08,SKU-153078,CLEANING,440,6.87,3022.8,10,440,1,credito_15,3.4
2017-05-02,PROV-08,SKU-158788,CLEANING,354,22.36,7915.44,8,354,1,credito_15,7.19
2017-05-02,PROV-08,SKU-158789,CLEANING,733,24.65,18068.45,7,637.56,0.8698,credito_15,4.87
2017-05-02,PROV-08,SKU-158956,CLEANING,434,24.55,10654.7,10,434,1,credito_15,11.34
2017-05-02,PROV-08,SKU-159242,CLEANING,344,2.52,866.88,5,344,1,credito_15,3.16
2017-05-02,PROV-08,SKU-164647,CLEANING,1313,18.9,24815.7,9,1313,1,credito_15,5.65
2017-05-02,PROV-08,SKU-168927,CLEANING,650,6.22,4043,4,603.36,0.9282,credito_15,2.36
2017-05-02,PROV-08,SKU-168930,CLEANING,713,2.51,1789.63,6,641.54,0.8998,credito_15,10.16
2017-05-02,PROV-08,SKU-168931,CLEANING,248,3.83,949.84,10,248,1,credito_15,3.65
2017-05-02,PROV-08,SKU-169101,CLEANING,76,9.59,728.84,5,67.67,0.8904,credito_15,10.19
2017-05-02,PROV-08,SKU-169104,CLEANING,31,9.36,290.16,9,27.68,0.8929,credito_15,4.31
2017-05-02,PROV-08,SKU-171890,CLEANING,142,10.02,1422.84,10,139.84,0.9848,credito_15,0.71
2017-05-02,PROV-08,SKU-176411,CLEANING,16,16.05,256.8,4,15.59,0.9744,credito_15,10.1
2017-05-02,PROV-08,SKU-208498,CLEANING,144,19.45,2800.8,6,126.25,0.8767,credito_15,6.98
2017-05-02,PROV-08,SKU-209085,CLEANING,303,4.68,1418.04,5,280.16,0.9246,credito_15,11.82
2017-05-02,PROV-08,SKU-214381,CLEANING,548,9.45,5178.6,6,548,1,credito_15,8.83
2017-05-02,PROV-08,SKU-214859,CLEANING,292,22.21,6485.32,10,292,1,credito_15,3.39
2017-05-02,PROV-08,SKU-214860,CLEANING,201,16.03,3222.03,10,201,1,credito_15,9.67
2017-05-02,PROV-08,SKU-214862,CLEANING,248,4.59,1138.32,5,222.64,0.8977,credito_15,10.81
2017-05-02,PROV-08,SKU-218726,CLEANING,84,13.04,1095.36,6,73.18,0.8712,credito_15,3.89
2017-05-02,PROV-08,SKU-218728,CLEANING,182,8.65,1574.3,9,182,1,credito_15,9.61
2017-05-02,PROV-08,SKU-221506,CLEANING,234,13.87,3245.58,9,203.37,0.8691,credito_15,2.57
2017-05-02,PROV-08,SKU-224081,CLEANING,274,20.04,5490.96,5,262.73,0.9589,credito_15,1.26
2017-05-02,PROV-08,SKU-226126,CLEANING,327,22.27,7282.29,5,327,1,credito_15,8.28
2017-05-02,PROV-08,SKU-252970,CLEANING,435,8.03,3493.05,10,392.07,0.9013,credito_15,1.41
2017-05-02,PROV-08,SKU-252972,CLEANING,468,4,1872,10,458.02,0.9787,credito_15,8.15
2017-05-02,PROV-08,SKU-258376,CLEANING,949,12.72,12071.28,6,917.53,0.9668,credito_15,9.61
2017-05-02,PROV-09,SKU-122095,DAIRY,148,6.17,913.16,9,145.5,0.9831,contado,4.2
2017-05-02,PROV-09,SKU-123347,DAIRY,239,16.24,3881.36,7,238.98,0.9999,contado,2.47
2017-05-02,PROV-09,SKU-129635,DAIRY,721,21.54,15530.34,7,707.58,0.9814,contado,4.3
2017-05-02,PROV-09,SKU-1427659,DAIRY,2813,20.77,58426.01,10,2675.45,0.9511,contado,5.87
2017-05-02,PROV-09,SKU-158842,DAIRY,216,19.63,4240.08,12,214.79,0.9944,contado,7.14
2017-05-02,PROV-09,SKU-164088,DAIRY,310,6.09,1887.9,7,310,1,contado,0.61
2017-05-02,PROV-09,SKU-173113,DAIRY,81,13.89,1125.09,9,81,1,contado,0.57
2017-05-02,PROV-09,SKU-179615,DAIRY,459,23.7,10878.3,10,457.38,0.9965,contado,11.16
2017-05-02,PROV-09,SKU-205486,DAIRY,138,22.33,3081.54,9,136.75,0.9909,contado,8.22
2017-05-02,PROV-10,SKU-108696,DELI,405,14.5,5872.5,8,366.79,0.9057,credito_15,6.85
2017-05-02,PROV-10,SKU-108698,DELI,230,4.36,1002.8,6,230,1,credito_15,0.37
2017-05-02,PROV-10,SKU-108701,DELI,223,8.18,1824.14,6,214.76,0.963,credito_15,1.35
2017-05-02,PROV-10,SKU-208426,DELI,157,18.13,2846.41,9,155.93,0.9932,credito_15,9.7
2017-05-02,PROV-10,SKU-220613,DELI,168,5.5,924,8,148.29,0.8827,credito_15,10.64
2017-05-02,PROV-11,SKU-127547,EGGS,262,21.95,5750.9,10,244.59,0.9335,credito_30,10.18
2017-05-02,PROV-11,SKU-158680,EGGS,319,15.57,4966.83,9,297.86,0.9337,credito_30,3.92
2017-05-02,PROV-11,SKU-208384,EGGS,985,13.6,13396,11,790.59,0.8026,credito_30,7.81
2017-05-02,PROV-11,SKU-208386,EGGS,396,17.06,6755.76,7,396,1,credito_30,6.32
2017-05-02,PROV-11,SKU-258268,EGGS,345,3.54,1221.3,6,263.99,0.7652,credito_30,0.73
2017-05-02,PROV-12,SKU-258411,FROZEN FOODS,223,20.23,4511.29,7,204.98,0.9192,credito_15,9.84
2017-05-02,PROV-13,SKU-103520,GROCERY I,134,24.61,3297.74,11,118.31,0.8829,credito_15,4.19
2017-05-02,PROV-13,SKU-105575,GROCERY I,876,20.25,17739,9,876,1,credito_15,5.98
2017-05-02,PROV-13,SKU-105576,GROCERY I,1321,13.13,17344.73,8,1157.18,0.876,credito_15,5.21
2017-05-02,PROV-13,SKU-105693,GROCERY I,68,1.51,102.68,7,67.41,0.9913,credito_15,5.73
2017-05-02,PROV-13,SKU-105857,GROCERY I,432,22.71,9810.72,10,426.27,0.9867,credito_15,9.17
2017-05-02,PROV-13,SKU-106716,GROCERY I,398,16.92,6734.16,7,378.84,0.9519,credito_15,5.05
2017-05-02,PROV-13,SKU-108079,GROCERY I,172,24.15,4153.8,10,163.83,0.9525,credito_15,9.51
2017-05-02,PROV-13,SKU-108797,GROCERY I,391,23.15,9051.65,12,391,1,credito_15,4.03
2017-05-02,PROV-13,SKU-108862,GROCERY I,92,17.93,1649.56,6,86.8,0.9435,credito_15,1.47
2017-05-02,PROV-13,SKU-111397,GROCERY I,212,10.24,2170.88,8,182.08,0.8589,credito_15,2.23
2017-05-02,PROV-13,SKU-112830,GROCERY I,248,10.99,2725.52,7,227.42,0.917,credito_15,1.42
2017-05-02,PROV-13,SKU-115611,GROCERY I,1707,22.31,38083.17,10,1507.61,0.8832,credito_15,4.13
2017-05-02,PROV-13,SKU-115720,GROCERY I,422,21.56,9098.32,9,374.23,0.8868,credito_15,0.01
2017-05-02,PROV-13,SKU-115850,GROCERY I,1057,16.03,16943.71,8,967.97,0.9158,credito_15,11.94
2017-05-02,PROV-13,SKU-115891,GROCERY I,267,15.3,4085.1,11,267,1,credito_15,11.14
2017-05-02,PROV-13,SKU-115893,GROCERY I,703,7.16,5033.48,10,615.39,0.8754,credito_15,5.62
2017-05-02,PROV-13,SKU-115894,GROCERY I,747,4.91,3667.77,8,679.23,0.9093,credito_15,4.29
2017-05-02,PROV-13,SKU-116017,GROCERY I,1446,5.48,7924.08,6,1425.5,0.9858,credito_15,5.71
2017-05-02,PROV-13,SKU-116018,GROCERY I,533,9.79,5218.07,10,506.22,0.9498,credito_15,2.31
2017-05-02,PROV-13,SKU-116279,GROCERY I,151,7.96,1201.96,6,151,1,credito_15,11.83
2017-05-02,PROV-13,SKU-122419,GROCERY I,231,21.05,4862.55,11,226.75,0.9816,credito_15,0.79
2017-05-02,PROV-13,SKU-123601,GROCERY I,857,20.21,17319.97,6,763.35,0.8907,credito_15,10.66
2017-05-02,PROV-13,SKU-123602,GROCERY I,300,21.56,6468,8,286.04,0.9535,credito_15,4.51
2017-05-02,PROV-13,SKU-123927,GROCERY I,77,12.89,992.53,8,72.79,0.9453,credito_15,1.78
2017-05-02,PROV-13,SKU-125430,GROCERY I,628,5.35,3359.8,6,539.87,0.8597,credito_15,11.1
2017-05-02,PROV-13,SKU-127534,GROCERY I,143,9.78,1398.54,7,130.98,0.9159,credito_15,1.96
2017-05-02,PROV-13,SKU-129297,GROCERY I,258,6.14,1584.12,12,233.2,0.9039,credito_15,0.68
2017-05-02,PROV-13,SKU-129759,GROCERY I,175,20.22,3538.5,8,169.99,0.9714,credito_15,9.17
2017-05-02,PROV-13,SKU-153267,GROCERY I,443,14.59,6463.37,10,392.49,0.886,credito_15,4.1
2017-05-02,PROV-13,SKU-155499,GROCERY I,817,11.6,9477.2,7,805.09,0.9854,credito_15,7.31
2017-05-02,PROV-13,SKU-155500,GROCERY I,1668,5.43,9057.24,9,1529.56,0.917,credito_15,1.26
2017-05-02,PROV-13,SKU-155600,GROCERY I,333,13.97,4652.01,7,301.11,0.9042,credito_15,11.42
2017-05-02,PROV-13,SKU-155601,GROCERY I,243,17.53,4259.79,9,236.08,0.9715,credito_15,9.96
2017-05-02,PROV-13,SKU-155607,GROCERY I,75,13.99,1049.25,6,69.36,0.9248,credito_15,2.31
2017-05-02,PROV-13,SKU-155610,GROCERY I,247,1.62,400.14,12,210.51,0.8523,credito_15,9.27
2017-05-02,PROV-13,SKU-155621,GROCERY I,151,15.2,2295.2,6,134,0.8874,credito_15,0.65
2017-05-02,PROV-13,SKU-155625,GROCERY I,195,20.43,3983.85,9,195,1,credito_15,7.65
2017-05-02,PROV-13,SKU-157956,GROCERY I,215,22.53,4843.95,8,186.38,0.8669,credito_15,9.68
2017-05-02,PROV-13,SKU-158875,GROCERY I,191,10.06,1921.46,10,166.31,0.8707,credito_15,0.02
2017-05-02,PROV-13,SKU-164036,GROCERY I,416,10.4,4326.4,11,404.22,0.9717,credito_15,11.11
2017-05-02,PROV-13,SKU-164037,GROCERY I,321,20.02,6426.42,7,321,1,credito_15,8.62
2017-05-02,PROV-13,SKU-165594,GROCERY I,823,15.04,12377.92,8,767.23,0.9322,credito_15,5.83
2017-05-02,PROV-13,SKU-165693,GROCERY I,554,4.38,2426.52,12,525.41,0.9484,credito_15,0.75
2017-05-02,PROV-13,SKU-165704,GROCERY I,934,24.86,23219.24,8,881.78,0.9441,credito_15,8.69
2017-05-02,PROV-13,SKU-165988,GROCERY I,668,24.95,16666.6,7,661.72,0.9906,credito_15,9.69
2017-05-02,PROV-13,SKU-168989,GROCERY I,209,5.77,1205.93,6,209,1,credito_15,2.11
2017-05-02,PROV-13,SKU-169028,GROCERY I,246,3.63,892.98,12,230.25,0.936,credito_15,0.37
2017-05-02,PROV-13,SKU-170791,GROCERY I,985,7.87,7751.95,12,985,1,credito_15,4.61
2017-05-02,PROV-13,SKU-172184,GROCERY I,292,15.9,4642.8,11,276.66,0.9475,credito_15,9.62
2017-05-02,PROV-13,SKU-172343,GROCERY I,1279,22.32,28547.28,7,1263.48,0.9879,credito_15,6.56
2017-05-02,PROV-13,SKU-173111,GROCERY I,439,18.85,8275.15,10,436.21,0.9936,credito_15,11.89
2017-05-02,PROV-13,SKU-177395,GROCERY I,405,18.86,7638.3,7,360.94,0.8912,credito_15,5.91
2017-05-02,PROV-13,SKU-179274,GROCERY I,453,4.25,1925.25,10,453,1,credito_15,3
2017-05-02,PROV-13,SKU-179564,GROCERY I,36,7.98,287.28,12,35.33,0.9814,credito_15,7.45
2017-05-02,PROV-13,SKU-205381,GROCERY I,94,10.63,999.22,10,88.86,0.9453,credito_15,5.53
2017-05-02,PROV-13,SKU-205557,GROCERY I,122,8.19,999.18,11,122,1,credito_15,8.16
2017-05-02,PROV-13,SKU-207857,GROCERY I,370,8.15,3015.5,12,355.63,0.9612,credito_15,0.78
2017-05-02,PROV-13,SKU-208514,GROCERY I,382,23.73,9064.86,7,376.64,0.986,credito_15,6.96
2017-05-02,PROV-13,SKU-208659,GROCERY I,467,19.11,8924.37,6,467,1,credito_15,5.12
2017-05-02,PROV-13,SKU-210798,GROCERY I,323,22.64,7312.72,10,323,1,credito_15,9.54
2017-05-02,PROV-13,SKU-211203,GROCERY I,931,20.69,19262.39,9,840.61,0.9029,credito_15,8.7
2017-05-02,PROV-13,SKU-211206,GROCERY I,386,12.84,4956.24,9,368.98,0.9559,credito_15,4.3
2017-05-02,PROV-13,SKU-211999,GROCERY I,109,22,2398,6,107.18,0.9833,credito_15,0.75
2017-05-02,PROV-13,SKU-212550,GROCERY I,167,11.44,1910.48,8,167,1,credito_15,5.17
2017-05-02,PROV-13,SKU-212552,GROCERY I,265,17.57,4656.05,7,265,1,credito_15,0.47
2017-05-02,PROV-13,SKU-213066,GROCERY I,351,21.09,7402.59,7,310.41,0.8844,credito_15,7.3
2017-05-02,PROV-13,SKU-213653,GROCERY I,338,22.82,7713.16,10,317.05,0.938,credito_15,7.03
2017-05-02,PROV-13,SKU-215303,GROCERY I,314,22.99,7218.86,10,283.66,0.9034,credito_15,1.73
2017-05-02,PROV-13,SKU-215304,GROCERY I,195,20.98,4091.1,8,164.84,0.8453,credito_15,0.46
2017-05-02,PROV-13,SKU-215331,GROCERY I,1154,20.73,23922.42,8,1104.6,0.9572,credito_15,0.29
2017-05-02,PROV-13,SKU-215332,GROCERY I,534,18.14,9686.76,8,482.07,0.9028,credito_15,7.61
2017-05-02,PROV-13,SKU-215356,GROCERY I,160,7.24,1158.4,9,146.15,0.9134,credito_15,3.19
2017-05-02,PROV-13,SKU-215896,GROCERY I,651,13.91,9055.41,6,623.03,0.957,credito_15,7.71
2017-05-02,PROV-13,SKU-220432,GROCERY I,605,17.17,10387.85,9,504.72,0.8342,credito_15,4.63
2017-05-02,PROV-13,SKU-220435,GROCERY I,1990,21.06,41909.4,8,1650.22,0.8293,credito_15,11.82
2017-05-02,PROV-13,SKU-222879,GROCERY I,1087,8.88,9652.56,7,1087,1,credito_15,2.65
2017-05-02,PROV-13,SKU-222975,GROCERY I,985,16.35,16104.75,10,814.93,0.8273,credito_15,1.16
2017-05-02,PROV-13,SKU-223136,GROCERY I,962,15.36,14776.32,10,873.39,0.9079,credito_15,6.68
2017-05-02,PROV-13,SKU-223434,GROCERY I,499,11.22,5598.78,8,469.78,0.9414,credito_15,4.5
2017-05-02,PROV-13,SKU-223463,GROCERY I,346,15.36,5314.56,10,330.1,0.954,credito_15,1.2
2017-05-02,PROV-13,SKU-253145,GROCERY I,109,5.87,639.83,7,109,1,credito_15,10.33
2017-05-02,PROV-13,SKU-255161,GROCERY I,82,17.46,1431.72,12,82,1,credito_15,11.28
2017-05-02,PROV-13,SKU-255198,GROCERY I,298,8.35,2488.3,9,281.65,0.9451,credito_15,4.74
2017-05-02,PROV-13,SKU-255199,GROCERY I,412,20.85,8590.2,10,352.71,0.8561,credito_15,11.45
2017-05-02,PROV-13,SKU-255202,GROCERY I,277,8.12,2249.24,9,274.89,0.9924,credito_15,7.57
2017-05-02,PROV-13,SKU-258396,GROCERY I,553,16.42,9080.26,9,512.63,0.927,credito_15,0.78
2017-05-02,PROV-13,SKU-314384,GROCERY I,2959,4.03,11924.77,8,2940.03,0.9936,credito_15,6.66
2017-05-02,PROV-13,SKU-364606,GROCERY I,3229,22.34,72135.86,9,3229,1,credito_15,3.71
2017-05-02,PROV-14,SKU-167437,GROCERY II,253,21.71,5492.63,7,238.66,0.9433,credito_30,10.63
2017-05-02,PROV-14,SKU-210520,GROCERY II,16,21.47,343.52,5,12.91,0.8069,credito_30,6.79
2017-05-02,PROV-22,SKU-115847,LINGERIE,8,24.3,194.4,9,7.73,0.9662,contado,3.39
2017-05-02,PROV-22,SKU-177050,LINGERIE,16,19.6,313.6,5,14.96,0.935,contado,7.94
2017-05-02,PROV-22,SKU-215468,LINGERIE,39,5.11,199.29,7,32.25,0.8269,contado,7.72
2017-05-02,PROV-25,SKU-205209,MEATS,179.67,3.26,585.72,12,179.6699982,1,credito_30,1.36
2017-05-02,PROV-25,SKU-584028,MEATS,2097.29,24.29,50943.18,10,2013.94,0.9603,credito_30,3.56
2017-05-02,PROV-26,SKU-114799,PERSONAL CARE,257,11.47,2947.79,2,223.51,0.8697,contado,10.15
2017-05-02,PROV-26,SKU-114800,PERSONAL CARE,435,21.01,9139.35,5,424.04,0.9748,contado,0.3
2017-05-02,PROV-29,SKU-108831,POULTRY,557.44,13.2,7358.21,7,420.42,0.7542,credito_15,3.37
2017-05-02,PROV-29,SKU-159156,POULTRY,2254.06,24.7,55675.28,3,1835.76,0.8144,credito_15,11.37
2017-05-02,PROV-29,SKU-208539,POULTRY,164.09,9.37,1537.52,3,128.5,0.7831,credito_15,5.37
2017-05-02,PROV-31,SKU-1473410,PRODUCE,3002.5,20.04,60170.1,8,2735.57,0.9111,credito_30,7.81
2017-05-02,PROV-31,SKU-1473474,PRODUCE,9259.55,10.26,95002.98,4,8364.37,0.9033,credito_30,7.85
2017-05-02,PROV-31,SKU-1502392,PRODUCE,2956.82,5.27,15582.44,8,2499.34,0.8453,credito_30,7.28
2017-05-02,PROV-31,SKU-1503844,PRODUCE,11076.04,2.17,24035.01,4,10786.61,0.9739,credito_30,8.42
2017-05-02,PROV-31,SKU-1503847,PRODUCE,2774.91,8.42,23364.74,6,2518.58,0.9076,credito_30,7.56
2017-05-02,PROV-31,SKU-1584575,PRODUCE,3615,3.25,11748.75,6,2992.83,0.8279,credito_30,11.81
2017-05-02,PROV-31,SKU-1642399,PRODUCE,3593.16,24.92,89541.55,5,2997.67,0.8343,credito_30,6.89
2017-05-02,PROV-31,SKU-1686656,PRODUCE,2657,8.68,23062.76,7,2183.78,0.8219,credito_30,11.97
2017-05-02,PROV-31,SKU-1695835,PRODUCE,3331.91,5.86,19524.99,10,3226.39,0.9683,credito_30,8.88
2017-05-02,PROV-31,SKU-1751174,PRODUCE,2858.11,10.13,28952.66,8,2485.05,0.8695,credito_30,6.69
2017-05-02,PROV-31,SKU-1926217,PRODUCE,3136,6.14,19255.04,8,2799.53,0.8927,credito_30,5.65
2017-05-02,PROV-33,SKU-252698,SEAFOOD,230.72,7.5,1730.4,7,230.72,1,contado,11.52
2017-05-09,PROV-01,SKU-121964,AUTOMOTIVE,14,3.38,47.32,6,13.21,0.9436,contado,1.52
2017-05-09,PROV-01,SKU-172995,AUTOMOTIVE,68,6.73,457.64,7,60.75,0.8934,contado,5.33
2017-05-09,PROV-04,SKU-1047679,BEVERAGES,4374,22.41,98021.34,3,4024.94,0.9202,credito_15,10.65
2017-05-09,PROV-04,SKU-119624,BEVERAGES,609,2.86,1741.74,6,476.59,0.7826,credito_15,7.65
2017-05-09,PROV-04,SKU-1430040,BEVERAGES,2835,9.67,27414.45,5,2503.73,0.8831,credito_15,8.28
2017-05-09,PROV-04,SKU-1463992,BEVERAGES,8400,20.67,173628,2,7144.67,0.8506,credito_15,8.32
2017-05-09,PROV-04,SKU-1463993,BEVERAGES,6365,8.61,54802.65,7,6365,1,credito_15,9.69
2017-05-09,PROV-04,SKU-165550,BEVERAGES,366,10.86,3974.76,7,352.78,0.9639,credito_15,3.29
2017-05-09,PROV-04,SKU-165551,BEVERAGES,144,24.82,3574.08,7,125.34,0.8704,credito_15,5.98
2017-05-09,PROV-04,SKU-165553,BEVERAGES,136,2.93,398.48,2,111.05,0.8165,credito_15,1.86
2017-05-09,PROV-04,SKU-174081,BEVERAGES,190,7.23,1373.7,4,180.95,0.9524,credito_15,8.87
2017-05-09,PROV-04,SKU-2006812,BEVERAGES,3982,19.22,76534.04,8,3708.49,0.9313,credito_15,5.04
2017-05-09,PROV-04,SKU-2042941,BEVERAGES,6601,10.12,66802.12,7,6163.1,0.9337,credito_15,10.03
2017-05-09,PROV-04,SKU-2042947,BEVERAGES,6628,17.61,116719.08,6,5576.95,0.8414,credito_15,3.19
2017-05-09,PROV-04,SKU-219147,BEVERAGES,358,16.82,6021.56,5,296.84,0.8292,credito_15,4.33
2017-05-09,PROV-04,SKU-219150,BEVERAGES,1256,1.52,1909.12,5,1131.09,0.9005,credito_15,7.8
2017-05-09,PROV-04,SKU-219152,BEVERAGES,349,23.63,8246.87,2,323.97,0.9283,credito_15,2.42
2017-05-09,PROV-04,SKU-257848,BEVERAGES,206,5.96,1227.76,3,191.85,0.9313,credito_15,0.96
2017-05-09,PROV-04,SKU-364738,BEVERAGES,3149,14.62,46038.38,8,3000.72,0.9529,credito_15,4
2017-05-09,PROV-04,SKU-819932,BEVERAGES,5503,20.65,113636.95,7,5029.9,0.914,credito_15,6.63
2017-05-09,PROV-06,SKU-103665,BREAD/BAKERY,168,8.68,1458.24,9,147.81,0.8798,credito_15,1.27
2017-05-09,PROV-06,SKU-1333307,BREAD/BAKERY,2148,11.69,25110.12,5,2073.11,0.9651,credito_15,9.77
2017-05-09,PROV-06,SKU-153239,BREAD/BAKERY,218,9.2,2005.6,9,218,1,credito_15,1.27
2017-05-09,PROV-06,SKU-153395,BREAD/BAKERY,129,14.3,1844.7,6,117.55,0.9112,credito_15,9.97
2017-05-09,PROV-06,SKU-153398,BREAD/BAKERY,138,10.58,1460.04,9,121.04,0.8771,credito_15,8.01
2017-05-09,PROV-06,SKU-165718,BREAD/BAKERY,419,8.98,3762.62,5,366.51,0.8747,credito_15,7.62
2017-05-09,PROV-06,SKU-215370,BREAD/BAKERY,386,19.96,7704.56,6,374.01,0.9689,credito_15,8.45
2017-05-09,PROV-06,SKU-253103,BREAD/BAKERY,82,2.6,213.2,4,73.66,0.8983,credito_15,6.65
2017-05-09,PROV-08,SKU-103501,CLEANING,139,9.62,1337.18,8,137.97,0.9926,credito_15,8.69
2017-05-09,PROV-08,SKU-108786,CLEANING,496,4.58,2271.68,9,452.45,0.9122,credito_15,3.46
2017-05-09,PROV-08,SKU-108952,CLEANING,162,10.81,1751.22,10,151.71,0.9365,credito_15,6.92
2017-05-09,PROV-08,SKU-115267,CLEANING,289,1.77,511.53,9,274.11,0.9485,credito_15,11.54
2017-05-09,PROV-08,SKU-116311,CLEANING,22,17.2,378.4,4,19.79,0.8995,credito_15,0.69
2017-05-09,PROV-08,SKU-119023,CLEANING,132,24.77,3269.64,8,126.35,0.9572,credito_15,8.23
2017-05-09,PROV-08,SKU-119024,CLEANING,284,6.05,1718.2,6,254.24,0.8952,credito_15,11.59
2017-05-09,PROV-08,SKU-119026,CLEANING,539,8.19,4414.41,9,539,1,credito_15,2.94
2017-05-09,PROV-08,SKU-119187,CLEANING,96,13.85,1329.6,7,96,1,credito_15,7.41
2017-05-09,PROV-08,SKU-119191,CLEANING,198,15.12,2993.76,6,190.75,0.9634,credito_15,0.56
2017-05-09,PROV-08,SKU-119193,CLEANING,85,13.08,1111.8,5,84.99,0.9999,credito_15,7.88
2017-05-09,PROV-08,SKU-122425,CLEANING,78,8.09,631.02,10,76.09,0.9755,credito_15,5.18
2017-05-09,PROV-08,SKU-153078,CLEANING,96,6.87,659.52,10,94.61,0.9855,credito_15,3.4
2017-05-09,PROV-08,SKU-158788,CLEANING,348,22.36,7781.28,5,315.61,0.9069,credito_15,7.19
2017-05-09,PROV-08,SKU-158789,CLEANING,430,24.65,10599.5,5,430,1,credito_15,4.87
2017-05-09,PROV-08,SKU-158956,CLEANING,306,24.55,7512.3,6,306,1,credito_15,11.34
2017-05-09,PROV-08,SKU-159242,CLEANING,306,2.52,771.12,9,298.75,0.9763,credito_15,3.16
2017-05-09,PROV-08,SKU-164647,CLEANING,859,18.9,16235.1,4,742.2,0.864,credito_15,5.65
2017-05-09,PROV-08,SKU-168927,CLEANING,563,6.22,3501.86,9,563,1,credito_15,2.36
2017-05-09,PROV-08,SKU-168930,CLEANING,619,2.51,1553.69,4,555.23,0.897,credito_15,10.16
2017-05-09,PROV-08,SKU-168931,CLEANING,155,3.83,593.65,5,155,1,credito_15,3.65
2017-05-09,PROV-08,SKU-169101,CLEANING,36,9.59,345.24,9,31.46,0.8739,credito_15,10.19
2017-05-09,PROV-08,SKU-169104,CLEANING,23,9.36,215.28,10,22.7,0.987,credito_15,4.31
2017-05-09,PROV-08,SKU-171890,CLEANING,187,10.02,1873.74,7,187,1,credito_15,0.71
2017-05-09,PROV-08,SKU-176411,CLEANING,12,16.05,192.6,7,10.52,0.8767,credito_15,10.1
2017-05-09,PROV-08,SKU-208498,CLEANING,140,19.45,2723,6,121.88,0.8706,credito_15,6.98
2017-05-09,PROV-08,SKU-209085,CLEANING,209,4.68,978.12,7,188.83,0.9035,credito_15,11.82
2017-05-09,PROV-08,SKU-214381,CLEANING,340,9.45,3213,5,316.13,0.9298,credito_15,8.83
2017-05-09,PROV-08,SKU-214859,CLEANING,197,22.21,4375.37,6,169.9,0.8624,credito_15,3.39
2017-05-09,PROV-08,SKU-214860,CLEANING,200,16.03,3206,6,192.92,0.9646,credito_15,9.67
2017-05-09,PROV-08,SKU-214862,CLEANING,226,4.59,1037.34,4,191.36,0.8467,credito_15,10.81
2017-05-09,PROV-08,SKU-218726,CLEANING,93,13.04,1212.72,10,81.57,0.8771,credito_15,3.89
2017-05-09,PROV-08,SKU-218728,CLEANING,129,8.65,1115.85,4,125.24,0.9709,credito_15,9.61
2017-05-09,PROV-08,SKU-221506,CLEANING,189,13.87,2621.43,4,183.87,0.9729,credito_15,2.57
2017-05-09,PROV-08,SKU-224081,CLEANING,214,20.04,4288.56,4,214,1,credito_15,1.26
2017-05-09,PROV-08,SKU-226126,CLEANING,273,22.27,6079.71,4,239.5,0.8773,credito_15,8.28
2017-05-09,PROV-08,SKU-252970,CLEANING,271,8.03,2176.13,4,271,1,credito_15,1.41
2017-05-09,PROV-08,SKU-252972,CLEANING,103,4,412,5,87.24,0.847,credito_15,8.15
2017-05-09,PROV-08,SKU-258376,CLEANING,863,12.72,10977.36,4,863,1,credito_15,9.61
2017-05-09,PROV-09,SKU-123347,DAIRY,233,16.24,3783.92,7,229.66,0.9857,contado,2.47
2017-05-09,PROV-09,SKU-1427659,DAIRY,2743,20.77,56972.11,8,2618.84,0.9547,contado,5.87
2017-05-09,PROV-09,SKU-158842,DAIRY,202,19.63,3965.26,6,197.49,0.9777,contado,7.14
2017-05-09,PROV-09,SKU-164088,DAIRY,288,6.09,1753.92,10,275.25,0.9557,contado,0.61
2017-05-09,PROV-09,SKU-173113,DAIRY,75,13.89,1041.75,6,61.47,0.8196,contado,0.57
2017-05-09,PROV-09,SKU-179615,DAIRY,485,23.7,11494.5,7,472.97,0.9752,contado,11.16
2017-05-09,PROV-10,SKU-108696,DELI,275,14.5,3987.5,8,266.82,0.9703,credito_15,6.85
2017-05-09,PROV-10,SKU-108698,DELI,191,4.36,832.76,10,165.39,0.8659,credito_15,0.37
2017-05-09,PROV-10,SKU-108701,DELI,212,8.18,1734.16,11,198.88,0.9381,credito_15,1.35
2017-05-09,PROV-10,SKU-208426,DELI,144,18.13,2610.72,8,130.85,0.9087,credito_15,9.7
2017-05-09,PROV-10,SKU-220613,DELI,121,5.5,665.5,9,120.31,0.9943,credito_15,10.64
2017-05-09,PROV-11,SKU-108833,EGGS,127,13.17,1672.59,8,110.92,0.8734,credito_30,9.82
2017-05-09,PROV-11,SKU-127547,EGGS,209,21.95,4587.55,11,179.48,0.8588,credito_30,10.18
2017-05-09,PROV-11,SKU-158680,EGGS,330,15.57,5138.1,6,263.85,0.7995,credito_30,3.92
2017-05-09,PROV-11,SKU-208384,EGGS,922,13.6,12539.2,6,857.38,0.9299,credito_30,7.81
2017-05-09,PROV-11,SKU-208386,EGGS,316,17.06,5390.96,12,283.31,0.8966,credito_30,6.32
2017-05-09,PROV-11,SKU-227111,EGGS,216,15.75,3402,11,192.33,0.8904,credito_30,5.65
2017-05-09,PROV-11,SKU-258268,EGGS,367,3.54,1299.18,7,308.14,0.8396,credito_30,0.73
2017-05-09,PROV-12,SKU-258411,FROZEN FOODS,197,20.23,3985.31,9,184.3,0.9355,credito_15,9.84
2017-05-09,PROV-13,SKU-105574,GROCERY I,292,1.76,513.92,10,278.08,0.9523,credito_15,10.52
2017-05-09,PROV-13,SKU-105575,GROCERY I,587,20.25,11886.75,9,582.83,0.9929,credito_15,5.98
2017-05-09,PROV-13,SKU-105576,GROCERY I,934,13.13,12263.42,8,782.95,0.8383,credito_15,5.21
2017-05-09,PROV-13,SKU-105577,GROCERY I,77,8.29,638.33,9,69.04,0.8966,credito_15,10.66
2017-05-09,PROV-13,SKU-105857,GROCERY I,448,22.71,10174.08,7,448,1,credito_15,9.17
2017-05-09,PROV-13,SKU-106716,GROCERY I,313,16.92,5295.96,9,275.32,0.8796,credito_15,5.05
2017-05-09,PROV-13,SKU-108079,GROCERY I,197,24.15,4757.55,10,189.24,0.9606,credito_15,9.51
2017-05-09,PROV-13,SKU-108797,GROCERY I,327,23.15,7570.05,8,327,1,credito_15,4.03
2017-05-09,PROV-13,SKU-111223,GROCERY I,767,17.97,13782.99,6,699.8,0.9124,credito_15,4.17
2017-05-09,PROV-13,SKU-111397,GROCERY I,559,10.24,5724.16,12,531.27,0.9504,credito_15,2.23
2017-05-09,PROV-13,SKU-112830,GROCERY I,239,10.99,2626.61,6,223,0.9331,credito_15,1.42
2017-05-09,PROV-13,SKU-114790,GROCERY I,683,24.29,16590.07,8,546.61,0.8003,credito_15,6.65
2017-05-09,PROV-13,SKU-115611,GROCERY I,1749,22.31,39020.19,9,1664.34,0.9516,credito_15,4.13
2017-05-09,PROV-13,SKU-115693,GROCERY I,201,23.46,4715.46,12,194.02,0.9653,credito_15,5.42
2017-05-09,PROV-13,SKU-115720,GROCERY I,347,21.56,7481.32,7,342.31,0.9865,credito_15,0.01
2017-05-09,PROV-13,SKU-115850,GROCERY I,727,16.03,11653.81,9,711.8,0.9791,credito_15,11.94
2017-05-09,PROV-13,SKU-115891,GROCERY I,221,15.3,3381.3,6,208.81,0.9448,credito_15,11.14
2017-05-09,PROV-13,SKU-115893,GROCERY I,528,7.16,3780.48,10,528,1,credito_15,5.62
2017-05-09,PROV-13,SKU-115894,GROCERY I,682,4.91,3348.62,10,676.21,0.9915,credito_15,4.29
2017-05-09,PROV-13,SKU-116017,GROCERY I,859,5.48,4707.32,6,839.95,0.9778,credito_15,5.71
2017-05-09,PROV-13,SKU-116018,GROCERY I,414,9.79,4053.06,8,397.67,0.9606,credito_15,2.31
2017-05-09,PROV-13,SKU-116279,GROCERY I,85,7.96,676.6,9,82.88,0.9751,credito_15,11.83
2017-05-09,PROV-13,SKU-122419,GROCERY I,181,21.05,3810.05,12,147.75,0.8163,credito_15,0.79
2017-05-09,PROV-13,SKU-123601,GROCERY I,307,20.21,6204.47,6,278.16,0.9061,credito_15,10.66
2017-05-09,PROV-13,SKU-123602,GROCERY I,191,21.56,4117.96,6,191,1,credito_15,4.51
2017-05-09,PROV-13,SKU-123927,GROCERY I,47,12.89,605.83,7,43.83,0.9326,credito_15,1.78
2017-05-09,PROV-13,SKU-125430,GROCERY I,337,5.35,1802.95,10,310.99,0.9228,credito_15,11.1
2017-05-09,PROV-13,SKU-127534,GROCERY I,101,9.78,987.78,6,90.18,0.8929,credito_15,1.96
2017-05-09,PROV-13,SKU-129296,GROCERY I,188,17.27,3246.76,12,173.67,0.9238,credito_15,5.98
2017-05-09,PROV-13,SKU-129297,GROCERY I,213,6.14,1307.82,9,202.4,0.9502,credito_15,0.68
2017-05-09,PROV-13,SKU-129759,GROCERY I,135,20.22,2729.7,11,128.38,0.951,credito_15,9.17
2017-05-09,PROV-13,SKU-153267,GROCERY I,570,14.59,8316.3,7,566.49,0.9938,credito_15,4.1
2017-05-09,PROV-13,SKU-155499,GROCERY I,660,11.6,7656,6,660,1,credito_15,7.31
2017-05-09,PROV-13,SKU-155600,GROCERY I,77,13.97,1075.69,9,76.47,0.9931,credito_15,11.42
2017-05-09,PROV-13,SKU-155601,GROCERY I,75,17.53,1314.75,12,70.51,0.9401,credito_15,9.96
2017-05-09,PROV-13,SKU-155610,GROCERY I,278,1.62,450.36,12,278,1,credito_15,9.27
2017-05-09,PROV-13,SKU-155621,GROCERY I,121,15.2,1839.2,6,115.41,0.9538,credito_15,0.65
2017-05-09,PROV-13,SKU-155625,GROCERY I,179,20.43,3656.97,8,173.85,0.9712,credito_15,7.65
2017-05-09,PROV-13,SKU-157956,GROCERY I,244,22.53,5497.32,8,237.06,0.9716,credito_15,9.68
2017-05-09,PROV-13,SKU-158875,GROCERY I,128,10.06,1287.68,8,120.21,0.9391,credito_15,0.02
2017-05-09,PROV-13,SKU-162066,GROCERY I,473,22.92,10841.16,6,471.9,0.9977,credito_15,10.68
2017-05-09,PROV-13,SKU-164036,GROCERY I,321,10.4,3338.4,9,319.31,0.9947,credito_15,11.11
2017-05-09,PROV-13,SKU-164037,GROCERY I,284,20.02,5685.68,7,279.52,0.9842,credito_15,8.62
2017-05-09,PROV-13,SKU-165594,GROCERY I,818,15.04,12302.72,9,753.89,0.9216,credito_15,5.83
2017-05-09,PROV-13,SKU-165704,GROCERY I,836,24.86,20782.96,12,790.04,0.945,credito_15,8.69
2017-05-09,PROV-13,SKU-165705,GROCERY I,147,12.35,1815.45,11,133.62,0.909,credito_15,9.51
2017-05-09,PROV-13,SKU-165727,GROCERY I,101,21.7,2191.7,6,98.01,0.9704,credito_15,4.98
2017-05-09,PROV-13,SKU-165988,GROCERY I,501,24.95,12499.95,6,425.27,0.8488,credito_15,9.69
2017-05-09,PROV-13,SKU-168989,GROCERY I,1055,5.77,6087.35,8,1008.61,0.956,credito_15,2.11
2017-05-09,PROV-13,SKU-169028,GROCERY I,260,3.63,943.8,11,224.64,0.864,credito_15,0.37
2017-05-09,PROV-13,SKU-170791,GROCERY I,876,7.87,6894.12,6,809.07,0.9236,credito_15,4.61
2017-05-09,PROV-13,SKU-172184,GROCERY I,336,15.9,5342.4,8,318.32,0.9474,credito_15,9.62
2017-05-09,PROV-13,SKU-172343,GROCERY I,1389,22.32,31002.48,6,1389,1,credito_15,6.56
2017-05-09,PROV-13,SKU-173111,GROCERY I,296,18.85,5579.6,6,296,1,credito_15,11.89
2017-05-09,PROV-13,SKU-177395,GROCERY I,356,18.86,6714.16,7,356,1,credito_15,5.91
2017-05-09,PROV-13,SKU-179274,GROCERY I,374,4.25,1589.5,11,374,1,credito_15,3
2017-05-09,PROV-13,SKU-179564,GROCERY I,46,7.98,367.08,9,42.63,0.9267,credito_15,7.45
2017-05-09,PROV-13,SKU-205381,GROCERY I,65,10.63,690.95,8,65,1,credito_15,5.53
2017-05-09,PROV-13,SKU-205387,GROCERY I,482,24.72,11915.04,12,478.29,0.9923,credito_15,8.55
2017-05-09,PROV-13,SKU-205557,GROCERY I,92,8.19,753.48,10,92,1,credito_15,8.16
2017-05-09,PROV-13,SKU-208514,GROCERY I,219,23.73,5196.87,9,201.93,0.9221,credito_15,6.96
2017-05-09,PROV-13,SKU-208659,GROCERY I,1349,19.11,25779.39,10,1349,1,credito_15,5.12
2017-05-09,PROV-13,SKU-208699,GROCERY I,173,6.33,1095.09,6,173,1,credito_15,9.02
2017-05-09,PROV-13,SKU-210798,GROCERY I,424,22.64,9599.36,12,377.94,0.8914,credito_15,9.54
2017-05-09,PROV-13,SKU-211203,GROCERY I,1290,20.69,26690.1,10,1201.49,0.9314,credito_15,8.7
2017-05-09,PROV-13,SKU-211205,GROCERY I,990,11.7,11583,6,990,1,credito_15,11.59
2017-05-09,PROV-13,SKU-211206,GROCERY I,259,12.84,3325.56,7,259,1,credito_15,4.3
2017-05-09,PROV-13,SKU-211999,GROCERY I,111,22,2442,8,105.93,0.9543,credito_15,0.75
2017-05-09,PROV-13,SKU-212552,GROCERY I,206,17.57,3619.42,10,186.67,0.9062,credito_15,0.47
2017-05-09,PROV-13,SKU-213066,GROCERY I,321,21.09,6769.89,10,308.31,0.9605,credito_15,7.3
2017-05-09,PROV-13,SKU-213652,GROCERY I,555,10.28,5705.4,12,506.51,0.9126,credito_15,1.62
2017-05-09,PROV-13,SKU-213653,GROCERY I,362,22.82,8260.84,11,362,1,credito_15,7.03
2017-05-09,PROV-13,SKU-213788,GROCERY I,265,15.73,4168.45,7,246.22,0.9291,credito_15,11.41
2017-05-09,PROV-13,SKU-215303,GROCERY I,176,22.99,4046.24,9,167.04,0.9491,credito_15,1.73
2017-05-09,PROV-13,SKU-215304,GROCERY I,123,20.98,2580.54,8,116.26,0.9452,credito_15,0.46
2017-05-09,PROV-13,SKU-215331,GROCERY I,998,20.73,20688.54,6,833.92,0.8356,credito_15,0.29
2017-05-09,PROV-13,SKU-215332,GROCERY I,499,18.14,9051.86,12,441.83,0.8854,credito_15,7.61
2017-05-09,PROV-13,SKU-215352,GROCERY I,1004,19.77,19849.08,6,921.6,0.9179,credito_15,0.19
2017-05-09,PROV-13,SKU-215356,GROCERY I,230,7.24,1665.2,10,225.72,0.9814,credito_15,3.19
2017-05-09,PROV-13,SKU-215896,GROCERY I,531,13.91,7386.21,9,531,1,credito_15,7.71
2017-05-09,PROV-13,SKU-217827,GROCERY I,184,2.53,465.52,10,184,1,credito_15,2.77
2017-05-09,PROV-13,SKU-220432,GROCERY I,399,17.17,6850.83,10,375.94,0.9422,credito_15,4.63
2017-05-09,PROV-13,SKU-220435,GROCERY I,1637,21.06,34475.22,6,1637,1,credito_15,11.82
2017-05-09,PROV-13,SKU-222879,GROCERY I,887,8.88,7876.56,9,887,1,credito_15,2.65
2017-05-09,PROV-13,SKU-222975,GROCERY I,721,16.35,11788.35,8,654.13,0.9073,credito_15,1.16
2017-05-09,PROV-13,SKU-223068,GROCERY I,153,17.11,2617.83,8,137.34,0.8976,credito_15,7.04
2017-05-09,PROV-13,SKU-223136,GROCERY I,680,15.36,10444.8,7,635.55,0.9346,credito_15,6.68
2017-05-09,PROV-13,SKU-223434,GROCERY I,456,11.22,5116.32,10,394.91,0.866,credito_15,4.5
2017-05-09,PROV-13,SKU-223463,GROCERY I,229,15.36,3517.44,6,189.86,0.8291,credito_15,1.2
2017-05-09,PROV-13,SKU-229368,GROCERY I,183,19.18,3509.94,9,183,1,credito_15,4.44
2017-05-09,PROV-13,SKU-253145,GROCERY I,106,5.87,622.22,8,95.94,0.9051,credito_15,10.33
2017-05-09,PROV-13,SKU-255198,GROCERY I,242,8.35,2020.7,9,214.52,0.8864,credito_15,4.74
2017-05-09,PROV-13,SKU-255199,GROCERY I,223,20.85,4649.55,9,206.99,0.9282,credito_15,11.45
2017-05-09,PROV-13,SKU-258395,GROCERY I,116,7.79,903.64,8,111.44,0.9607,credito_15,4.92
2017-05-09,PROV-13,SKU-258396,GROCERY I,512,16.42,8407.04,11,512,1,credito_15,0.78
2017-05-09,PROV-13,SKU-314384,GROCERY I,2065,4.03,8321.95,6,1952.35,0.9454,credito_15,6.66
2017-05-09,PROV-14,SKU-167437,GROCERY II,198,21.71,4298.58,7,173.06,0.874,credito_30,10.63
2017-05-09,PROV-14,SKU-210520,GROCERY II,20,21.47,429.4,6,18.4,0.92,credito_30,6.79
2017-05-09,PROV-18,SKU-250782,HOME APPLIANCES,68,22.99,1563.32,8,55.31,0.8134,contado,7.75
2017-05-09,PROV-22,SKU-177050,LINGERIE,10,19.6,196,9,7.78,0.778,contado,7.94
2017-05-09,PROV-22,SKU-215468,LINGERIE,31,5.11,158.41,5,26.53,0.8558,contado,7.72
2017-05-09,PROV-25,SKU-205209,MEATS,246.47,3.26,803.49,12,246.47,1,credito_30,1.36
2017-05-09,PROV-25,SKU-584028,MEATS,1837.69,24.29,44637.49,7,1837.689941,1,credito_30,3.56
2017-05-09,PROV-26,SKU-114799,PERSONAL CARE,169,11.47,1938.43,1,136.58,0.8082,contado,10.15
2017-05-09,PROV-26,SKU-114800,PERSONAL CARE,195,21.01,4096.95,6,160.6,0.8236,contado,0.3
2017-05-09,PROV-29,SKU-108831,POULTRY,397.48,13.2,5246.74,7,372.7,0.9377,credito_15,3.37
2017-05-09,PROV-29,SKU-159156,POULTRY,1064.45,24.7,26291.91,2,971.28,0.9125,credito_15,11.37
2017-05-09,PROV-29,SKU-208539,POULTRY,176.49,9.37,1653.71,3,162.57,0.9211,credito_15,5.37
2017-05-09,PROV-31,SKU-1473410,PRODUCE,2821.46,20.04,56542.06,8,2631.91,0.9328,credito_30,7.81
2017-05-09,PROV-31,SKU-1473474,PRODUCE,9080.41,10.26,93165.01,9,8915.01,0.9818,credito_30,7.85
2017-05-09,PROV-31,SKU-1502392,PRODUCE,2291.23,5.27,12074.78,9,1992.17,0.8695,credito_30,7.28
2017-05-09,PROV-31,SKU-1503844,PRODUCE,9983.84,2.17,21664.93,10,9018.31,0.9033,credito_30,8.42
2017-05-09,PROV-31,SKU-1503847,PRODUCE,2927.5,8.42,24649.55,9,2520.52,0.861,credito_30,7.56
2017-05-09,PROV-31,SKU-1584575,PRODUCE,3062,3.25,9951.5,4,2738.83,0.8945,credito_30,11.81
2017-05-09,PROV-31,SKU-1642399,PRODUCE,3628.82,24.92,90430.2,10,3292.16,0.9072,credito_30,6.89
2017-05-09,PROV-31,SKU-1686656,PRODUCE,2629,8.68,22819.72,5,2304.32,0.8765,credito_30,11.97
2017-05-09,PROV-31,SKU-1695835,PRODUCE,2922.44,5.86,17125.5,5,2740.08,0.9376,credito_30,8.88
2017-05-09,PROV-31,SKU-1751174,PRODUCE,2600.56,10.13,26343.67,8,2377.21,0.9141,credito_30,6.69
2017-05-09,PROV-31,SKU-1926217,PRODUCE,2860,6.14,17560.4,8,2462.41,0.861,credito_30,5.65
2017-05-09,PROV-33,SKU-252698,SEAFOOD,230.01,7.5,1725.07,11,196.17,0.8529,contado,11.52
2017-05-16,PROV-01,SKU-121964,AUTOMOTIVE,22,3.38,74.36,6,20.02,0.91,contado,1.52
2017-05-16,PROV-04,SKU-1047679,BEVERAGES,4636,22.41,103892.76,7,4275.67,0.9223,credito_15,10.65
2017-05-16,PROV-04,SKU-119624,BEVERAGES,391,2.86,1118.26,2,366.08,0.9363,credito_15,7.65
2017-05-16,PROV-04,SKU-1430040,BEVERAGES,4247,9.67,41068.49,4,3970.1,0.9348,credito_15,8.28
2017-05-16,PROV-04,SKU-1463992,BEVERAGES,9681,20.67,200106.27,2,8898.53,0.9192,credito_15,8.32
2017-05-16,PROV-04,SKU-1463993,BEVERAGES,6959,8.61,59916.99,8,6408.34,0.9209,credito_15,9.69
2017-05-16,PROV-04,SKU-165550,BEVERAGES,480,10.86,5212.8,4,449.61,0.9367,credito_15,3.29
2017-05-16,PROV-04,SKU-165551,BEVERAGES,237,24.82,5882.34,8,199.08,0.84,credito_15,5.98
2017-05-16,PROV-04,SKU-165553,BEVERAGES,143,2.93,418.99,2,141.91,0.9924,credito_15,1.86
2017-05-16,PROV-04,SKU-174081,BEVERAGES,165,7.23,1192.95,8,148.85,0.9021,credito_15,8.87
2017-05-16,PROV-04,SKU-2006812,BEVERAGES,4730,19.22,90910.6,6,4730,1,credito_15,5.04
2017-05-16,PROV-04,SKU-2042941,BEVERAGES,7116,10.12,72013.92,5,6223.48,0.8746,credito_15,10.03
2017-05-16,PROV-04,SKU-2042947,BEVERAGES,7255,17.61,127760.55,2,7183.95,0.9902,credito_15,3.19
2017-05-16,PROV-04,SKU-219147,BEVERAGES,280,16.82,4709.6,5,255.37,0.912,credito_15,4.33
2017-05-16,PROV-04,SKU-219150,BEVERAGES,1065,1.52,1618.8,8,956.46,0.8981,credito_15,7.8
2017-05-16,PROV-04,SKU-219152,BEVERAGES,211,23.63,4985.93,3,186.94,0.886,credito_15,2.42
2017-05-16,PROV-04,SKU-257848,BEVERAGES,253,5.96,1507.88,5,226.69,0.896,credito_15,0.96
2017-05-16,PROV-04,SKU-364738,BEVERAGES,3224,14.62,47134.88,6,2647.09,0.8211,credito_15,4
2017-05-16,PROV-04,SKU-819932,BEVERAGES,6004,20.65,123982.6,2,5968.62,0.9941,credito_15,6.63
2017-05-16,PROV-06,SKU-103665,BREAD/BAKERY,209,8.68,1814.12,6,192.43,0.9207,credito_15,1.27
2017-05-16,PROV-06,SKU-1333307,BREAD/BAKERY,1884,11.69,22023.96,10,1884,1,credito_15,9.77
2017-05-16,PROV-06,SKU-153239,BREAD/BAKERY,241,9.2,2217.2,5,202.65,0.8409,credito_15,1.27
2017-05-16,PROV-06,SKU-153395,BREAD/BAKERY,157,14.3,2245.1,6,157,1,credito_15,9.97
2017-05-16,PROV-06,SKU-153398,BREAD/BAKERY,180,10.58,1904.4,5,153.26,0.8514,credito_15,8.01
2017-05-16,PROV-06,SKU-165718,BREAD/BAKERY,429,8.98,3852.42,4,419.96,0.9789,credito_15,7.62
2017-05-16,PROV-06,SKU-215370,BREAD/BAKERY,468,19.96,9341.28,5,390.72,0.8349,credito_15,8.45
2017-05-16,PROV-06,SKU-253103,BREAD/BAKERY,98,2.6,254.8,8,97.83,0.9983,credito_15,6.65
2017-05-16,PROV-08,SKU-103501,CLEANING,171,9.62,1645.02,7,171,1,credito_15,8.69
2017-05-16,PROV-08,SKU-108786,CLEANING,534,4.58,2445.72,10,443.99,0.8314,credito_15,3.46
2017-05-16,PROV-08,SKU-108952,CLEANING,221,10.81,2389.01,7,183.65,0.831,credito_15,6.92
2017-05-16,PROV-08,SKU-115267,CLEANING,356,1.77,630.12,6,353.91,0.9941,credito_15,11.54
2017-05-16,PROV-08,SKU-116311,CLEANING,38,17.2,653.6,5,35.65,0.9382,credito_15,0.69
2017-05-16,PROV-08,SKU-119023,CLEANING,124,24.77,3071.48,8,116.73,0.9414,credito_15,8.23
2017-05-16,PROV-08,SKU-119024,CLEANING,254,6.05,1536.7,6,241.42,0.9505,credito_15,11.59
2017-05-16,PROV-08,SKU-119026,CLEANING,461,8.19,3775.59,9,445.64,0.9667,credito_15,2.94
2017-05-16,PROV-08,SKU-119187,CLEANING,162,13.85,2243.7,4,161.27,0.9955,credito_15,7.41
2017-05-16,PROV-08,SKU-119191,CLEANING,157,15.12,2373.84,5,147.4,0.9389,credito_15,0.56
2017-05-16,PROV-08,SKU-119193,CLEANING,97,13.08,1268.76,5,97,1,credito_15,7.88
2017-05-16,PROV-08,SKU-122425,CLEANING,100,8.09,809,7,87.63,0.8763,credito_15,5.18
2017-05-16,PROV-08,SKU-153078,CLEANING,159,6.87,1092.33,10,147.08,0.925,credito_15,3.4
2017-05-16,PROV-08,SKU-158788,CLEANING,367,22.36,8206.12,5,332.17,0.9051,credito_15,7.19
2017-05-16,PROV-08,SKU-158789,CLEANING,499,24.65,12300.35,7,483.52,0.969,credito_15,4.87
2017-05-16,PROV-08,SKU-158956,CLEANING,340,24.55,8347,7,340,1,credito_15,11.34
2017-05-16,PROV-08,SKU-159242,CLEANING,301,2.52,758.52,5,293.58,0.9753,credito_15,3.16
2017-05-16,PROV-08,SKU-164647,CLEANING,868,18.9,16405.2,7,868,1,credito_15,5.65
2017-05-16,PROV-08,SKU-168927,CLEANING,612,6.22,3806.64,10,612,1,credito_15,2.36
2017-05-16,PROV-08,SKU-168930,CLEANING,634,2.51,1591.34,5,530.47,0.8367,credito_15,10.16
2017-05-16,PROV-08,SKU-168931,CLEANING,213,3.83,815.79,9,198.87,0.9337,credito_15,3.65
2017-05-16,PROV-08,SKU-169101,CLEANING,60,9.59,575.4,7,56.77,0.9462,credito_15,10.19
2017-05-16,PROV-08,SKU-169104,CLEANING,19,9.36,177.84,6,16.98,0.8937,credito_15,4.31
2017-05-16,PROV-08,SKU-171890,CLEANING,117,10.02,1172.34,6,111.86,0.9561,credito_15,0.71
2017-05-16,PROV-08,SKU-176411,CLEANING,16,16.05,256.8,6,16,1,credito_15,10.1
2017-05-16,PROV-08,SKU-208498,CLEANING,124,19.45,2411.8,6,119.37,0.9627,credito_15,6.98
2017-05-16,PROV-08,SKU-209085,CLEANING,260,4.68,1216.8,5,246.08,0.9465,credito_15,11.82
2017-05-16,PROV-08,SKU-214381,CLEANING,462,9.45,4365.9,8,462,1,credito_15,8.83
2017-05-16,PROV-08,SKU-214859,CLEANING,215,22.21,4775.15,6,192.32,0.8945,credito_15,3.39
2017-05-16,PROV-08,SKU-214860,CLEANING,258,16.03,4135.74,9,258,1,credito_15,9.67
2017-05-16,PROV-08,SKU-214862,CLEANING,218,4.59,1000.62,6,208.35,0.9557,credito_15,10.81
2017-05-16,PROV-08,SKU-218726,CLEANING,71,13.04,925.84,8,71,1,credito_15,3.89
2017-05-16,PROV-08,SKU-218728,CLEANING,116,8.65,1003.4,10,114.64,0.9883,credito_15,9.61
2017-05-16,PROV-08,SKU-221506,CLEANING,169,13.87,2344.03,7,169,1,credito_15,2.57
2017-05-16,PROV-08,SKU-224081,CLEANING,180,20.04,3607.2,6,167.28,0.9293,credito_15,1.26
2017-05-16,PROV-08,SKU-226126,CLEANING,284,22.27,6324.68,6,282.33,0.9941,credito_15,8.28
2017-05-16,PROV-08,SKU-252970,CLEANING,193,8.03,1549.79,9,192.6,0.9979,credito_15,1.41
2017-05-16,PROV-08,SKU-252972,CLEANING,157,4,628,10,155.65,0.9914,credito_15,8.15
2017-05-16,PROV-08,SKU-258376,CLEANING,867,12.72,11028.24,8,867,1,credito_15,9.61
2017-05-16,PROV-09,SKU-122095,DAIRY,246,6.17,1517.82,7,222.05,0.9026,contado,4.2
2017-05-16,PROV-09,SKU-123347,DAIRY,231,16.24,3751.44,8,224.26,0.9708,contado,2.47
2017-05-16,PROV-09,SKU-129635,DAIRY,797,21.54,17167.38,11,747.77,0.9382,contado,4.3
2017-05-16,PROV-09,SKU-1427659,DAIRY,2891,20.77,60046.07,8,2814.45,0.9735,contado,5.87
2017-05-16,PROV-09,SKU-158842,DAIRY,152,19.63,2983.76,9,147.65,0.9714,contado,7.14
2017-05-16,PROV-09,SKU-164088,DAIRY,305,6.09,1857.45,11,291.72,0.9565,contado,0.61
2017-05-16,PROV-09,SKU-173113,DAIRY,85,13.89,1180.65,9,70.99,0.8352,contado,0.57
2017-05-16,PROV-09,SKU-179615,DAIRY,487,23.7,11541.9,7,445.55,0.9149,contado,11.16
2017-05-16,PROV-09,SKU-205486,DAIRY,180,22.33,4019.4,7,163.93,0.9107,contado,8.22
2017-05-16,PROV-10,SKU-108696,DELI,354,14.5,5133,9,324.25,0.916,credito_15,6.85
2017-05-16,PROV-10,SKU-108698,DELI,214,4.36,933.04,5,214,1,credito_15,0.37
2017-05-16,PROV-10,SKU-108701,DELI,222,8.18,1815.96,9,190.38,0.8576,credito_15,1.35
2017-05-16,PROV-10,SKU-208426,DELI,149,18.13,2701.37,9,145.05,0.9735,credito_15,9.7
2017-05-16,PROV-11,SKU-108833,EGGS,130,13.17,1712.1,9,123.45,0.9496,credito_30,9.82
2017-05-16,PROV-11,SKU-127547,EGGS,240,21.95,5268,6,222.18,0.9258,credito_30,10.18
2017-05-16,PROV-11,SKU-208384,EGGS,975,13.6,13260,9,782.97,0.803,credito_30,7.81
2017-05-16,PROV-11,SKU-208386,EGGS,393,17.06,6704.58,10,337.22,0.8581,credito_30,6.32
2017-05-16,PROV-11,SKU-227111,EGGS,266,15.75,4189.5,7,239.51,0.9004,credito_30,5.65
2017-05-16,PROV-11,SKU-258268,EGGS,410,3.54,1451.4,8,363.06,0.8855,credito_30,0.73
2017-05-16,PROV-12,SKU-258411,FROZEN FOODS,230,20.23,4652.9,6,219.28,0.9534,credito_15,9.84
2017-05-16,PROV-13,SKU-103520,GROCERY I,140,24.61,3445.4,12,135.62,0.9687,credito_15,4.19
2017-05-16,PROV-13,SKU-105574,GROCERY I,320,1.76,563.2,8,320,1,credito_15,10.52
2017-05-16,PROV-13,SKU-105576,GROCERY I,1016,13.13,13340.08,7,944.73,0.9299,credito_15,5.21
2017-05-16,PROV-13,SKU-105577,GROCERY I,80,8.29,663.2,12,80,1,credito_15,10.66
2017-05-16,PROV-13,SKU-105693,GROCERY I,69,1.51,104.19,7,66.96,0.9704,credito_15,5.73
2017-05-16,PROV-13,SKU-105737,GROCERY I,135,12.04,1625.4,9,135,1,credito_15,7.51
2017-05-16,PROV-13,SKU-106716,GROCERY I,346,16.92,5854.32,8,305.41,0.8827,credito_15,5.05
2017-05-16,PROV-13,SKU-108079,GROCERY I,116,24.15,2801.4,9,107.52,0.9269,credito_15,9.51
2017-05-16,PROV-13,SKU-108797,GROCERY I,322,23.15,7454.3,12,322,1,credito_15,4.03
2017-05-16,PROV-13,SKU-108862,GROCERY I,49,17.93,878.57,8,45.46,0.9278,credito_15,1.47
2017-05-16,PROV-13,SKU-111223,GROCERY I,873,17.97,15687.81,11,817.04,0.9359,credito_15,4.17
2017-05-16,PROV-13,SKU-114790,GROCERY I,747,24.29,18144.63,10,721.46,0.9658,credito_15,6.65
2017-05-16,PROV-13,SKU-115611,GROCERY I,1740,22.31,38819.4,10,1731.71,0.9952,credito_15,4.13
2017-05-16,PROV-13,SKU-115693,GROCERY I,257,23.46,6029.22,7,233.6,0.9089,credito_15,5.42
2017-05-16,PROV-13,SKU-115720,GROCERY I,451,21.56,9723.56,10,418.23,0.9273,credito_15,0.01
2017-05-16,PROV-13,SKU-115850,GROCERY I,704,16.03,11285.12,12,689.37,0.9792,credito_15,11.94
2017-05-16,PROV-13,SKU-115891,GROCERY I,311,15.3,4758.3,11,311,1,credito_15,11.14
2017-05-16,PROV-13,SKU-115892,GROCERY I,800,10.31,8248,8,721.21,0.9015,credito_15,1.29
2017-05-16,PROV-13,SKU-115893,GROCERY I,624,7.16,4467.84,11,605.68,0.9706,credito_15,5.62
2017-05-16,PROV-13,SKU-115894,GROCERY I,715,4.91,3510.65,6,690.81,0.9662,credito_15,4.29
2017-05-16,PROV-13,SKU-116018,GROCERY I,476,9.79,4660.04,8,443.39,0.9315,credito_15,2.31
2017-05-16,PROV-13,SKU-116279,GROCERY I,108,7.96,859.68,9,103.65,0.9597,credito_15,11.83
2017-05-16,PROV-13,SKU-122419,GROCERY I,211,21.05,4441.55,9,211,1,credito_15,0.79
2017-05-16,PROV-13,SKU-123601,GROCERY I,317,20.21,6406.57,9,317,1,credito_15,10.66
2017-05-16,PROV-13,SKU-123602,GROCERY I,184,21.56,3967.04,6,184,1,credito_15,4.51
2017-05-16,PROV-13,SKU-123927,GROCERY I,69,12.89,889.41,8,61.51,0.8914,credito_15,1.78
2017-05-16,PROV-13,SKU-129296,GROCERY I,188,17.27,3246.76,7,155.46,0.8269,credito_15,5.98
2017-05-16,PROV-13,SKU-129297,GROCERY I,263,6.14,1614.82,6,242.63,0.9225,credito_15,0.68
2017-05-16,PROV-13,SKU-129759,GROCERY I,112,20.22,2264.64,9,111.8,0.9982,credito_15,9.17
2017-05-16,PROV-13,SKU-153267,GROCERY I,459,14.59,6696.81,10,459,1,credito_15,4.1
2017-05-16,PROV-13,SKU-155499,GROCERY I,668,11.6,7748.8,10,617.26,0.924,credito_15,7.31
2017-05-16,PROV-13,SKU-155500,GROCERY I,1285,5.43,6977.55,10,1285,1,credito_15,1.26
2017-05-16,PROV-13,SKU-155600,GROCERY I,114,13.97,1592.58,7,106.17,0.9313,credito_15,11.42
2017-05-16,PROV-13,SKU-155601,GROCERY I,77,17.53,1349.81,10,72.5,0.9416,credito_15,9.96
2017-05-16,PROV-13,SKU-155607,GROCERY I,66,13.99,923.34,12,63.14,0.9567,credito_15,2.31
2017-05-16,PROV-13,SKU-155610,GROCERY I,241,1.62,390.42,8,235.86,0.9787,credito_15,9.27
2017-05-16,PROV-13,SKU-155625,GROCERY I,172,20.43,3513.96,9,162.25,0.9433,credito_15,7.65
2017-05-16,PROV-13,SKU-157956,GROCERY I,190,22.53,4280.7,9,175.69,0.9247,credito_15,9.68
2017-05-16,PROV-13,SKU-158875,GROCERY I,167,10.06,1680.02,6,167,1,credito_15,0.02
2017-05-16,PROV-13,SKU-162066,GROCERY I,477,22.92,10932.84,9,474.82,0.9954,credito_15,10.68
2017-05-16,PROV-13,SKU-164036,GROCERY I,408,10.4,4243.2,9,385.72,0.9454,credito_15,11.11
2017-05-16,PROV-13,SKU-164037,GROCERY I,296,20.02,5925.92,8,279.55,0.9444,credito_15,8.62
2017-05-16,PROV-13,SKU-165693,GROCERY I,447,4.38,1957.86,7,428.5,0.9586,credito_15,0.75
2017-05-16,PROV-13,SKU-165704,GROCERY I,886,24.86,22025.96,8,810.16,0.9144,credito_15,8.69
2017-05-16,PROV-13,SKU-165705,GROCERY I,175,12.35,2161.25,10,174.99,0.9999,credito_15,9.51
2017-05-16,PROV-13,SKU-165988,GROCERY I,507,24.95,12649.65,10,467.73,0.9225,credito_15,9.69
2017-05-16,PROV-13,SKU-168989,GROCERY I,130,5.77,750.1,7,120.07,0.9236,credito_15,2.11
2017-05-16,PROV-13,SKU-169028,GROCERY I,210,3.63,762.3,8,210,1,credito_15,0.37
2017-05-16,PROV-13,SKU-170791,GROCERY I,525,7.87,4131.75,9,493.97,0.9409,credito_15,4.61
2017-05-16,PROV-13,SKU-172184,GROCERY I,308,15.9,4897.2,8,308,1,credito_15,9.62
2017-05-16,PROV-13,SKU-172343,GROCERY I,1208,22.32,26962.56,8,1208,1,credito_15,6.56
2017-05-16,PROV-13,SKU-173111,GROCERY I,245,18.85,4618.25,10,240.92,0.9833,credito_15,11.89
2017-05-16,PROV-13,SKU-177395,GROCERY I,280,18.86,5280.8,8,260.78,0.9314,credito_15,5.91
2017-05-16,PROV-13,SKU-179274,GROCERY I,476,4.25,2023,6,433.6,0.9109,credito_15,3
2017-05-16,PROV-13,SKU-179564,GROCERY I,47,7.98,375.06,11,47,1,credito_15,7.45
2017-05-16,PROV-13,SKU-205381,GROCERY I,70,10.63,744.1,9,64.72,0.9246,credito_15,5.53
2017-05-16,PROV-13,SKU-205387,GROCERY I,387,24.72,9566.64,11,350.62,0.906,credito_15,8.55
2017-05-16,PROV-13,SKU-205557,GROCERY I,88,8.19,720.72,8,84.51,0.9603,credito_15,8.16
2017-05-16,PROV-13,SKU-207857,GROCERY I,327,8.15,2665.05,10,304,0.9297,credito_15,0.78
2017-05-16,PROV-13,SKU-208514,GROCERY I,290,23.73,6881.7,6,276.75,0.9543,credito_15,6.96
2017-05-16,PROV-13,SKU-208699,GROCERY I,118,6.33,746.94,9,106.16,0.8997,credito_15,9.02
2017-05-16,PROV-13,SKU-210798,GROCERY I,350,22.64,7924,7,332.76,0.9507,credito_15,9.54
2017-05-16,PROV-13,SKU-211203,GROCERY I,2190,20.69,45311.1,9,1991.87,0.9095,credito_15,8.7
2017-05-16,PROV-13,SKU-211205,GROCERY I,1325,11.7,15502.5,7,1240.13,0.9359,credito_15,11.59
2017-05-16,PROV-13,SKU-211206,GROCERY I,287,12.84,3685.08,6,268.36,0.9351,credito_15,4.3
2017-05-16,PROV-13,SKU-211999,GROCERY I,132,22,2904,10,125.86,0.9535,credito_15,0.75
2017-05-16,PROV-13,SKU-212550,GROCERY I,147,11.44,1681.68,9,147,1,credito_15,5.17
2017-05-16,PROV-13,SKU-212552,GROCERY I,251,17.57,4410.07,7,243.97,0.972,credito_15,0.47
2017-05-16,PROV-13,SKU-213066,GROCERY I,338,21.09,7128.42,7,324.79,0.9609,credito_15,7.3
2017-05-16,PROV-13,SKU-213652,GROCERY I,527,10.28,5417.56,9,436.17,0.8276,credito_15,1.62
2017-05-16,PROV-13,SKU-213653,GROCERY I,372,22.82,8489.04,7,342.44,0.9205,credito_15,7.03
2017-05-16,PROV-13,SKU-213788,GROCERY I,281,15.73,4420.13,7,281,1,credito_15,11.41
2017-05-16,PROV-13,SKU-215303,GROCERY I,194,22.99,4460.06,7,182.53,0.9409,credito_15,1.73
2017-05-16,PROV-13,SKU-215304,GROCERY I,281,20.98,5895.38,7,253.08,0.9006,credito_15,0.46
2017-05-16,PROV-13,SKU-215327,GROCERY I,666,4.39,2923.74,12,605.27,0.9088,credito_15,11.74
2017-05-16,PROV-13,SKU-215331,GROCERY I,943,20.73,19548.39,8,842.28,0.8932,credito_15,0.29
2017-05-16,PROV-13,SKU-215332,GROCERY I,452,18.14,8199.28,10,415.31,0.9188,credito_15,7.61
2017-05-16,PROV-13,SKU-215352,GROCERY I,1375,19.77,27183.75,6,1375,1,credito_15,0.19
2017-05-16,PROV-13,SKU-215356,GROCERY I,177,7.24,1281.48,8,167.78,0.9479,credito_15,3.19
2017-05-16,PROV-13,SKU-217827,GROCERY I,216,2.53,546.48,7,211.37,0.9786,credito_15,2.77
2017-05-16,PROV-13,SKU-220432,GROCERY I,400,17.17,6868,10,388.75,0.9719,credito_15,4.63
2017-05-16,PROV-13,SKU-220435,GROCERY I,1839,21.06,38729.34,10,1680.78,0.914,credito_15,11.82
2017-05-16,PROV-13,SKU-222879,GROCERY I,951,8.88,8444.88,6,890.32,0.9362,credito_15,2.65
2017-05-16,PROV-13,SKU-223068,GROCERY I,138,17.11,2361.18,7,138,1,credito_15,7.04
2017-05-16,PROV-13,SKU-223136,GROCERY I,650,15.36,9984,7,594.01,0.9139,credito_15,6.68
2017-05-16,PROV-13,SKU-223434,GROCERY I,472,11.22,5295.84,7,437.99,0.9279,credito_15,4.5
2017-05-16,PROV-13,SKU-223463,GROCERY I,248,15.36,3809.28,6,239.85,0.9671,credito_15,1.2
2017-05-16,PROV-13,SKU-229368,GROCERY I,166,19.18,3183.88,7,166,1,credito_15,4.44
2017-05-16,PROV-13,SKU-253145,GROCERY I,133,5.87,780.71,11,128.1,0.9632,credito_15,10.33
2017-05-16,PROV-13,SKU-255161,GROCERY I,70,17.46,1222.2,10,62.5,0.8929,credito_15,11.28
2017-05-16,PROV-13,SKU-255198,GROCERY I,277,8.35,2312.95,10,263.67,0.9519,credito_15,4.74
2017-05-16,PROV-13,SKU-255199,GROCERY I,321,20.85,6692.85,12,321,1,credito_15,11.45
2017-05-16,PROV-13,SKU-255202,GROCERY I,347,8.12,2817.64,9,347,1,credito_15,7.57
2017-05-16,PROV-13,SKU-258395,GROCERY I,111,7.79,864.69,7,97.82,0.8813,credito_15,4.92
2017-05-16,PROV-13,SKU-258396,GROCERY I,631,16.42,10361.02,9,597.74,0.9473,credito_15,0.78
2017-05-16,PROV-13,SKU-314384,GROCERY I,2657,4.03,10707.71,10,2441.23,0.9188,credito_15,6.66
2017-05-16,PROV-13,SKU-364606,GROCERY I,3298,22.34,73677.32,6,2956.02,0.8963,credito_15,3.71
2017-05-16,PROV-14,SKU-167437,GROCERY II,229,21.71,4971.59,9,214.68,0.9375,credito_30,10.63
2017-05-16,PROV-14,SKU-210520,GROCERY II,12,21.47,257.64,7,10.04,0.8367,credito_30,6.79
2017-05-16,PROV-18,SKU-250782,HOME APPLIANCES,61,22.99,1402.39,13,54.9,0.9,contado,7.75
2017-05-16,PROV-22,SKU-115847,LINGERIE,34,24.3,826.2,10,30.46,0.8959,contado,3.39
2017-05-16,PROV-22,SKU-177050,LINGERIE,5,19.6,98,9,4.4,0.88,contado,7.94
2017-05-16,PROV-22,SKU-215468,LINGERIE,90,5.11,459.9,11,82.72,0.9191,contado,7.72
2017-05-16,PROV-25,SKU-205209,MEATS,241.48,3.26,787.22,9,221.52,0.9173,credito_30,1.36
2017-05-16,PROV-26,SKU-114799,PERSONAL CARE,211,11.47,2420.17,7,189.64,0.8988,contado,10.15
2017-05-16,PROV-26,SKU-114800,PERSONAL CARE,277,21.01,5819.77,7,262.09,0.9462,contado,0.3
2017-05-16,PROV-29,SKU-108831,POULTRY,577.94,13.2,7628.81,2,482.12,0.8342,credito_15,3.37
2017-05-16,PROV-29,SKU-159156,POULTRY,956.63,24.7,23628.76,5,753.26,0.7874,credito_15,11.37
2017-05-16,PROV-29,SKU-208539,POULTRY,203.01,9.37,1902.2,6,175.06,0.8623,credito_15,5.37
2017-05-16,PROV-31,SKU-1473410,PRODUCE,3712.77,20.04,74403.91,8,3442.42,0.9272,credito_30,7.81
2017-05-16,PROV-31,SKU-1473474,PRODUCE,9118.73,10.26,93558.17,4,8795.76,0.9646,credito_30,7.85
2017-05-16,PROV-31,SKU-1502392,PRODUCE,2690.56,5.27,14179.25,10,2502.32,0.93,credito_30,7.28
2017-05-16,PROV-31,SKU-1503844,PRODUCE,11030.12,2.17,23935.36,8,10154.64,0.9206,credito_30,8.42
2017-05-16,PROV-31,SKU-1503847,PRODUCE,2978.24,8.42,25076.78,9,2781.78,0.934,credito_30,7.56
2017-05-16,PROV-31,SKU-1584575,PRODUCE,3743,3.25,12164.75,8,2912.28,0.7781,credito_30,11.81
2017-05-16,PROV-31,SKU-1642399,PRODUCE,4058.54,24.92,101138.82,5,3543.07,0.873,credito_30,6.89
2017-05-16,PROV-31,SKU-1686656,PRODUCE,2753,8.68,23896.04,7,2693.7,0.9785,credito_30,11.97
2017-05-16,PROV-31,SKU-1695835,PRODUCE,3321.7,5.86,19465.16,6,2889.87,0.87,credito_30,8.88
2017-05-16,PROV-31,SKU-1751174,PRODUCE,3003.48,10.13,30425.25,4,2718.8,0.9052,credito_30,6.69
2017-05-16,PROV-31,SKU-1926217,PRODUCE,3053,6.14,18745.42,9,2764.01,0.9053,credito_30,5.65
2017-05-16,PROV-33,SKU-252698,SEAFOOD,232.64,7.5,1744.8,7,231.09,0.9933,contado,11.52
2017-05-23,PROV-01,SKU-121964,AUTOMOTIVE,17,3.38,57.46,9,16.28,0.9576,contado,1.52
2017-05-23,PROV-01,SKU-172995,AUTOMOTIVE,77,6.73,518.21,12,69.53,0.903,contado,5.33
2017-05-23,PROV-04,SKU-1047679,BEVERAGES,5483,22.41,122874.03,7,5317.57,0.9698,credito_15,10.65
2017-05-23,PROV-04,SKU-119624,BEVERAGES,700,2.86,2002,3,626.33,0.8948,credito_15,7.65
2017-05-23,PROV-04,SKU-1430040,BEVERAGES,5748,9.67,55583.16,8,5689.95,0.9899,credito_15,8.28
2017-05-23,PROV-04,SKU-1463992,BEVERAGES,9635,20.67,199155.45,2,7571.17,0.7858,credito_15,8.32
2017-05-23,PROV-04,SKU-1463993,BEVERAGES,6348,8.61,54656.28,4,5939.26,0.9356,credito_15,9.69
2017-05-23,PROV-04,SKU-165550,BEVERAGES,476,10.86,5169.36,8,424.96,0.8928,credito_15,3.29
2017-05-23,PROV-04,SKU-165551,BEVERAGES,168,24.82,4169.76,3,159.07,0.9468,credito_15,5.98
2017-05-23,PROV-04,SKU-165553,BEVERAGES,149,2.93,436.57,2,129.9,0.8718,credito_15,1.86
2017-05-23,PROV-04,SKU-174081,BEVERAGES,178,7.23,1286.94,2,157.33,0.8839,credito_15,8.87
2017-05-23,PROV-04,SKU-2006812,BEVERAGES,4465,19.22,85817.3,5,3961.99,0.8873,credito_15,5.04
2017-05-23,PROV-04,SKU-2042941,BEVERAGES,6486,10.12,65638.32,8,5725.68,0.8828,credito_15,10.03
2017-05-23,PROV-04,SKU-2042947,BEVERAGES,6687,17.61,117758.07,8,5952.18,0.8901,credito_15,3.19
2017-05-23,PROV-04,SKU-219147,BEVERAGES,324,16.82,5449.68,3,318.24,0.9822,credito_15,4.33
2017-05-23,PROV-04,SKU-219150,BEVERAGES,1188,1.52,1805.76,5,1116.74,0.94,credito_15,7.8
2017-05-23,PROV-04,SKU-219152,BEVERAGES,247,23.63,5836.61,5,241.53,0.9779,credito_15,2.42
2017-05-23,PROV-04,SKU-257848,BEVERAGES,251,5.96,1495.96,6,251,1,credito_15,0.96
2017-05-23,PROV-04,SKU-364738,BEVERAGES,3109,14.62,45453.58,3,2846.58,0.9156,credito_15,4
2017-05-23,PROV-04,SKU-819932,BEVERAGES,6421,20.65,132593.65,8,5884.29,0.9164,credito_15,6.63
2017-05-23,PROV-06,SKU-103665,BREAD/BAKERY,204,8.68,1770.72,6,180.11,0.8829,credito_15,1.27
2017-05-23,PROV-06,SKU-1333307,BREAD/BAKERY,1962,11.69,22935.78,7,1962,1,credito_15,9.77
2017-05-23,PROV-06,SKU-153239,BREAD/BAKERY,237,9.2,2180.4,6,231.71,0.9777,credito_15,1.27
2017-05-23,PROV-06,SKU-153395,BREAD/BAKERY,139,14.3,1987.7,9,131.19,0.9438,credito_15,9.97
2017-05-23,PROV-06,SKU-153398,BREAD/BAKERY,128,10.58,1354.24,10,106.55,0.8324,credito_15,8.01
2017-05-23,PROV-06,SKU-165718,BREAD/BAKERY,588,8.98,5280.24,9,537.32,0.9138,credito_15,7.62
2017-05-23,PROV-06,SKU-215370,BREAD/BAKERY,387,19.96,7724.52,10,353.2,0.9127,credito_15,8.45
2017-05-23,PROV-06,SKU-253103,BREAD/BAKERY,104,2.6,270.4,4,83.08,0.7988,credito_15,6.65
2017-05-23,PROV-08,SKU-103501,CLEANING,169,9.62,1625.78,4,151.86,0.8986,credito_15,8.69
2017-05-23,PROV-08,SKU-108786,CLEANING,452,4.58,2070.16,4,452,1,credito_15,3.46
2017-05-23,PROV-08,SKU-108952,CLEANING,178,10.81,1924.18,10,176.56,0.9919,credito_15,6.92
2017-05-23,PROV-08,SKU-115267,CLEANING,322,1.77,569.94,10,294.27,0.9139,credito_15,11.54
2017-05-23,PROV-08,SKU-116311,CLEANING,39,17.2,670.8,9,37.55,0.9628,credito_15,0.69
2017-05-23,PROV-08,SKU-119023,CLEANING,113,24.77,2799.01,8,104.85,0.9279,credito_15,8.23
2017-05-23,PROV-08,SKU-119024,CLEANING,197,6.05,1191.85,5,193.85,0.984,credito_15,11.59
2017-05-23,PROV-08,SKU-119026,CLEANING,442,8.19,3619.98,8,442,1,credito_15,2.94
2017-05-23,PROV-08,SKU-119187,CLEANING,149,13.85,2063.65,9,149,1,credito_15,7.41
2017-05-23,PROV-08,SKU-119191,CLEANING,136,15.12,2056.32,8,126.13,0.9274,credito_15,0.56
2017-05-23,PROV-08,SKU-119193,CLEANING,81,13.08,1059.48,4,81,1,credito_15,7.88
2017-05-23,PROV-08,SKU-122425,CLEANING,91,8.09,736.19,4,85.67,0.9414,credito_15,5.18
2017-05-23,PROV-08,SKU-153078,CLEANING,132,6.87,906.84,9,122.38,0.9271,credito_15,3.4
2017-05-23,PROV-08,SKU-158788,CLEANING,305,22.36,6819.8,5,278.66,0.9136,credito_15,7.19
2017-05-23,PROV-08,SKU-158789,CLEANING,460,24.65,11339,9,460,1,credito_15,4.87
2017-05-23,PROV-08,SKU-158956,CLEANING,323,24.55,7929.65,8,300.43,0.9301,credito_15,11.34
2017-05-23,PROV-08,SKU-159242,CLEANING,224,2.52,564.48,4,196.14,0.8756,credito_15,3.16
2017-05-23,PROV-08,SKU-164647,CLEANING,818,18.9,15460.2,7,747.11,0.9133,credito_15,5.65
2017-05-23,PROV-08,SKU-168927,CLEANING,513,6.22,3190.86,8,491.38,0.9579,credito_15,2.36
2017-05-23,PROV-08,SKU-168930,CLEANING,626,2.51,1571.26,6,626,1,credito_15,10.16
2017-05-23,PROV-08,SKU-168931,CLEANING,167,3.83,639.61,10,151.45,0.9069,credito_15,3.65
2017-05-23,PROV-08,SKU-169101,CLEANING,71,9.59,680.89,4,65.02,0.9158,credito_15,10.19
2017-05-23,PROV-08,SKU-169104,CLEANING,25,9.36,234,5,25,1,credito_15,4.31
2017-05-23,PROV-08,SKU-171890,CLEANING,149,10.02,1492.98,4,149,1,credito_15,0.71
2017-05-23,PROV-08,SKU-176411,CLEANING,16,16.05,256.8,4,14.39,0.8994,credito_15,10.1
2017-05-23,PROV-08,SKU-208498,CLEANING,142,19.45,2761.9,8,133.46,0.9399,credito_15,6.98
2017-05-23,PROV-08,SKU-209085,CLEANING,181,4.68,847.08,5,178.62,0.9869,credito_15,11.82
2017-05-23,PROV-08,SKU-214381,CLEANING,427,9.45,4035.15,4,399.37,0.9353,credito_15,8.83
2017-05-23,PROV-08,SKU-214859,CLEANING,234,22.21,5197.14,7,219.23,0.9369,credito_15,3.39
2017-05-23,PROV-08,SKU-214860,CLEANING,203,16.03,3254.09,8,203,1,credito_15,9.67
2017-05-23,PROV-08,SKU-214862,CLEANING,219,4.59,1005.21,4,219,1,credito_15,10.81
2017-05-23,PROV-08,SKU-218726,CLEANING,80,13.04,1043.2,4,79.87,0.9984,credito_15,3.89
2017-05-23,PROV-08,SKU-218728,CLEANING,121,8.65,1046.65,10,112.33,0.9283,credito_15,9.61
2017-05-23,PROV-08,SKU-221506,CLEANING,209,13.87,2898.83,7,188.87,0.9037,credito_15,2.57
2017-05-23,PROV-08,SKU-224081,CLEANING,201,20.04,4028.04,8,189.91,0.9448,credito_15,1.26
2017-05-23,PROV-08,SKU-226126,CLEANING,290,22.27,6458.3,4,272.89,0.941,credito_15,8.28
2017-05-23,PROV-08,SKU-252970,CLEANING,157,8.03,1260.71,7,157,1,credito_15,1.41
2017-05-23,PROV-08,SKU-252972,CLEANING,158,4,632,8,151.5,0.9589,credito_15,8.15
2017-05-23,PROV-08,SKU-258376,CLEANING,738,12.72,9387.36,8,734.31,0.995,credito_15,9.61
2017-05-23,PROV-09,SKU-122095,DAIRY,231,6.17,1425.27,11,218.81,0.9472,contado,4.2
2017-05-23,PROV-09,SKU-129635,DAIRY,739,21.54,15918.06,9,739,1,contado,4.3
2017-05-23,PROV-09,SKU-1427659,DAIRY,2795,20.77,58052.15,10,2474.14,0.8852,contado,5.87
2017-05-23,PROV-09,SKU-158842,DAIRY,115,19.63,2257.45,10,107.67,0.9363,contado,7.14
2017-05-23,PROV-09,SKU-164088,DAIRY,293,6.09,1784.37,10,269.03,0.9182,contado,0.61
2017-05-23,PROV-09,SKU-173113,DAIRY,77,13.89,1069.53,9,74.76,0.9709,contado,0.57
2017-05-23,PROV-09,SKU-179615,DAIRY,487,23.7,11541.9,12,438.01,0.8994,contado,11.16
2017-05-23,PROV-10,SKU-108696,DELI,310,14.5,4495,6,310,1,credito_15,6.85
2017-05-23,PROV-10,SKU-108701,DELI,191,8.18,1562.38,7,177.44,0.929,credito_15,1.35
2017-05-23,PROV-10,SKU-208426,DELI,161,18.13,2918.93,6,149.32,0.9275,credito_15,9.7
2017-05-23,PROV-10,SKU-220613,DELI,143,5.5,786.5,8,133.38,0.9327,credito_15,10.64
2017-05-23,PROV-11,SKU-108833,EGGS,104,13.17,1369.68,6,89.43,0.8599,credito_30,9.82
2017-05-23,PROV-11,SKU-127547,EGGS,193,21.95,4236.35,9,189.46,0.9817,credito_30,10.18
2017-05-23,PROV-11,SKU-158680,EGGS,336,15.57,5231.52,9,291.53,0.8676,credito_30,3.92
2017-05-23,PROV-11,SKU-208384,EGGS,898,13.6,12212.8,7,751.94,0.8373,credito_30,7.81
2017-05-23,PROV-11,SKU-227111,EGGS,265,15.75,4173.75,9,224.93,0.8488,credito_30,5.65
2017-05-23,PROV-11,SKU-258268,EGGS,359,3.54,1270.86,11,339.71,0.9463,credito_30,0.73
2017-05-23,PROV-12,SKU-258411,FROZEN FOODS,250,20.23,5057.5,4,250,1,credito_15,9.84
2017-05-23,PROV-13,SKU-103520,GROCERY I,137,24.61,3371.57,6,137,1,credito_15,4.19
2017-05-23,PROV-13,SKU-105574,GROCERY I,322,1.76,566.72,9,292.23,0.9075,credito_15,10.52
2017-05-23,PROV-13,SKU-105575,GROCERY I,637,20.25,12899.25,11,579.86,0.9103,credito_15,5.98
2017-05-23,PROV-13,SKU-105576,GROCERY I,1049,13.13,13773.37,11,963.52,0.9185,credito_15,5.21
2017-05-23,PROV-13,SKU-105693,GROCERY I,59,1.51,89.09,8,51.47,0.8724,credito_15,5.73
2017-05-23,PROV-13,SKU-105737,GROCERY I,147,12.04,1769.88,10,145.73,0.9914,credito_15,7.51
2017-05-23,PROV-13,SKU-105857,GROCERY I,470,22.71,10673.7,11,447.55,0.9522,credito_15,9.17
2017-05-23,PROV-13,SKU-108797,GROCERY I,314,23.15,7269.1,8,314,1,credito_15,4.03
2017-05-23,PROV-13,SKU-108862,GROCERY I,47,17.93,842.71,7,44.93,0.956,credito_15,1.47
2017-05-23,PROV-13,SKU-111223,GROCERY I,738,17.97,13261.86,7,684.37,0.9273,credito_15,4.17
2017-05-23,PROV-13,SKU-111397,GROCERY I,745,10.24,7628.8,7,667.43,0.8959,credito_15,2.23
2017-05-23,PROV-13,SKU-112830,GROCERY I,373,10.99,4099.27,6,373,1,credito_15,1.42
2017-05-23,PROV-13,SKU-115611,GROCERY I,1764,22.31,39354.84,8,1733.34,0.9826,credito_15,4.13
2017-05-23,PROV-13,SKU-115693,GROCERY I,211,23.46,4950.06,6,208.74,0.9893,credito_15,5.42
2017-05-23,PROV-13,SKU-115720,GROCERY I,403,21.56,8688.68,9,364.22,0.9038,credito_15,0.01
2017-05-23,PROV-13,SKU-115850,GROCERY I,732,16.03,11733.96,9,732,1,credito_15,11.94
2017-05-23,PROV-13,SKU-115891,GROCERY I,272,15.3,4161.6,7,264.48,0.9724,credito_15,11.14
2017-05-23,PROV-13,SKU-115892,GROCERY I,768,10.31,7918.08,6,716.49,0.9329,credito_15,1.29
2017-05-23,PROV-13,SKU-115893,GROCERY I,646,7.16,4625.36,6,593.67,0.919,credito_15,5.62
2017-05-23,PROV-13,SKU-115894,GROCERY I,686,4.91,3368.26,6,664.03,0.968,credito_15,4.29
2017-05-23,PROV-13,SKU-116017,GROCERY I,924,5.48,5063.52,12,844,0.9134,credito_15,5.71
2017-05-23,PROV-13,SKU-116018,GROCERY I,479,9.79,4689.41,9,447.15,0.9335,credito_15,2.31
2017-05-23,PROV-13,SKU-123601,GROCERY I,348,20.21,7033.08,8,307.57,0.8838,credito_15,10.66
2017-05-23,PROV-13,SKU-123602,GROCERY I,175,21.56,3773,8,159.3,0.9103,credito_15,4.51
2017-05-23,PROV-13,SKU-123927,GROCERY I,37,12.89,476.93,7,34.71,0.9381,credito_15,1.78
2017-05-23,PROV-13,SKU-125430,GROCERY I,522,5.35,2792.7,6,502.62,0.9629,credito_15,11.1
2017-05-23,PROV-13,SKU-127534,GROCERY I,125,9.78,1222.5,8,120.84,0.9667,credito_15,1.96
2017-05-23,PROV-13,SKU-129296,GROCERY I,200,17.27,3454,11,193.61,0.968,credito_15,5.98
2017-05-23,PROV-13,SKU-129297,GROCERY I,236,6.14,1449.04,8,229.38,0.9719,credito_15,0.68
2017-05-23,PROV-13,SKU-129759,GROCERY I,122,20.22,2466.84,11,112.91,0.9255,credito_15,9.17
2017-05-23,PROV-13,SKU-153267,GROCERY I,429,14.59,6259.11,11,429,1,credito_15,4.1
2017-05-23,PROV-13,SKU-155499,GROCERY I,589,11.6,6832.4,11,589,1,credito_15,7.31
2017-05-23,PROV-13,SKU-155500,GROCERY I,1460,5.43,7927.8,6,1313.57,0.8997,credito_15,1.26
2017-05-23,PROV-13,SKU-155600,GROCERY I,124,13.97,1732.28,9,103.7,0.8363,credito_15,11.42
2017-05-23,PROV-13,SKU-155610,GROCERY I,253,1.62,409.86,9,237.6,0.9391,credito_15,9.27
2017-05-23,PROV-13,SKU-155621,GROCERY I,119,15.2,1808.8,6,108.02,0.9077,credito_15,0.65
2017-05-23,PROV-13,SKU-155625,GROCERY I,177,20.43,3616.11,10,165.84,0.9369,credito_15,7.65
2017-05-23,PROV-13,SKU-157956,GROCERY I,155,22.53,3492.15,12,147.01,0.9485,credito_15,9.68
2017-05-23,PROV-13,SKU-158875,GROCERY I,147,10.06,1478.82,9,127.29,0.8659,credito_15,0.02
2017-05-23,PROV-13,SKU-162066,GROCERY I,420,22.92,9626.4,9,420,1,credito_15,10.68
2017-05-23,PROV-13,SKU-164037,GROCERY I,267,20.02,5345.34,6,253.38,0.949,credito_15,8.62
2017-05-23,PROV-13,SKU-165594,GROCERY I,802,15.04,12062.08,9,742.5,0.9258,credito_15,5.83
2017-05-23,PROV-13,SKU-165693,GROCERY I,552,4.38,2417.76,7,528.19,0.9569,credito_15,0.75
2017-05-23,PROV-13,SKU-165705,GROCERY I,224,12.35,2766.4,7,224,1,credito_15,9.51
2017-05-23,PROV-13,SKU-165727,GROCERY I,169,21.7,3667.3,10,163.71,0.9687,credito_15,4.98
2017-05-23,PROV-13,SKU-165988,GROCERY I,523,24.95,13048.85,9,522.21,0.9985,credito_15,9.69
2017-05-23,PROV-13,SKU-168989,GROCERY I,122,5.77,703.94,10,122,1,credito_15,2.11
2017-05-23,PROV-13,SKU-169028,GROCERY I,163,3.63,591.69,7,157.15,0.9641,credito_15,0.37
2017-05-23,PROV-13,SKU-170791,GROCERY I,958,7.87,7539.46,6,958,1,credito_15,4.61
2017-05-23,PROV-13,SKU-172184,GROCERY I,267,15.9,4245.3,9,267,1,credito_15,9.62
2017-05-23,PROV-13,SKU-172343,GROCERY I,1133,22.32,25288.56,10,982.49,0.8672,credito_15,6.56
2017-05-23,PROV-13,SKU-173111,GROCERY I,262,18.85,4938.7,11,237.1,0.905,credito_15,11.89
2017-05-23,PROV-13,SKU-177395,GROCERY I,323,18.86,6091.78,8,295.62,0.9152,credito_15,5.91
2017-05-23,PROV-13,SKU-179274,GROCERY I,397,4.25,1687.25,7,357.38,0.9002,credito_15,3
2017-05-23,PROV-13,SKU-179564,GROCERY I,31,7.98,247.38,6,30.12,0.9716,credito_15,7.45
2017-05-23,PROV-13,SKU-179579,GROCERY I,86,16.68,1434.48,6,86,1,credito_15,11.68
2017-05-23,PROV-13,SKU-205381,GROCERY I,87,10.63,924.81,7,87,1,credito_15,5.53
2017-05-23,PROV-13,SKU-205387,GROCERY I,412,24.72,10184.64,7,394.81,0.9583,credito_15,8.55
2017-05-23,PROV-13,SKU-205557,GROCERY I,118,8.19,966.42,12,113.4,0.961,credito_15,8.16
2017-05-23,PROV-13,SKU-207857,GROCERY I,319,8.15,2599.85,10,303.43,0.9512,credito_15,0.78
2017-05-23,PROV-13,SKU-208514,GROCERY I,259,23.73,6146.07,6,210.98,0.8146,credito_15,6.96
2017-05-23,PROV-13,SKU-208699,GROCERY I,166,6.33,1050.78,7,146.5,0.8825,credito_15,9.02
2017-05-23,PROV-13,SKU-211203,GROCERY I,2114,20.69,43738.66,7,1805.9,0.8543,credito_15,8.7
2017-05-23,PROV-13,SKU-211206,GROCERY I,303,12.84,3890.52,10,303,1,credito_15,4.3
2017-05-23,PROV-13,SKU-211999,GROCERY I,132,22,2904,10,118.72,0.8994,credito_15,0.75
2017-05-23,PROV-13,SKU-212550,GROCERY I,165,11.44,1887.6,11,157.16,0.9525,credito_15,5.17
2017-05-23,PROV-13,SKU-213066,GROCERY I,364,21.09,7676.76,6,330.62,0.9083,credito_15,7.3
2017-05-23,PROV-13,SKU-213652,GROCERY I,544,10.28,5592.32,12,487.92,0.8969,credito_15,1.62
2017-05-23,PROV-13,SKU-213653,GROCERY I,289,22.82,6594.98,6,289,1,credito_15,7.03
2017-05-23,PROV-13,SKU-213788,GROCERY I,288,15.73,4530.24,6,240.03,0.8334,credito_15,11.41
2017-05-23,PROV-13,SKU-215304,GROCERY I,245,20.98,5140.1,7,238.51,0.9735,credito_15,0.46
2017-05-23,PROV-13,SKU-215327,GROCERY I,593,4.39,2603.27,11,571.15,0.9632,credito_15,11.74
2017-05-23,PROV-13,SKU-215332,GROCERY I,402,18.14,7292.28,6,384.38,0.9562,credito_15,7.61
2017-05-23,PROV-13,SKU-215356,GROCERY I,156,7.24,1129.44,6,152.13,0.9752,credito_15,3.19
2017-05-23,PROV-13,SKU-215896,GROCERY I,664,13.91,9236.24,7,621.22,0.9356,credito_15,7.71
2017-05-23,PROV-13,SKU-217827,GROCERY I,199,2.53,503.47,9,195.65,0.9832,credito_15,2.77
2017-05-23,PROV-13,SKU-220432,GROCERY I,392,17.17,6730.64,7,364.3,0.9293,credito_15,4.63
2017-05-23,PROV-13,SKU-220435,GROCERY I,1759,21.06,37044.54,7,1629.8,0.9265,credito_15,11.82
2017-05-23,PROV-13,SKU-222879,GROCERY I,824,8.88,7317.12,12,747.46,0.9071,credito_15,2.65
2017-05-23,PROV-13,SKU-222975,GROCERY I,644,16.35,10529.4,11,568.21,0.8823,credito_15,1.16
2017-05-23,PROV-13,SKU-223068,GROCERY I,140,17.11,2395.4,12,127.96,0.914,credito_15,7.04
2017-05-23,PROV-13,SKU-223434,GROCERY I,398,11.22,4465.56,8,358.7,0.9013,credito_15,4.5
2017-05-23,PROV-13,SKU-223463,GROCERY I,174,15.36,2672.64,8,158.51,0.911,credito_15,1.2
2017-05-23,PROV-13,SKU-229368,GROCERY I,183,19.18,3509.94,7,177.92,0.9722,credito_15,4.44
2017-05-23,PROV-13,SKU-253145,GROCERY I,150,5.87,880.5,10,136.39,0.9093,credito_15,10.33
2017-05-23,PROV-13,SKU-255161,GROCERY I,100,17.46,1746,9,93.33,0.9333,credito_15,11.28
2017-05-23,PROV-13,SKU-255198,GROCERY I,245,8.35,2045.75,6,245,1,credito_15,4.74
2017-05-23,PROV-13,SKU-255199,GROCERY I,264,20.85,5504.4,6,264,1,credito_15,11.45
2017-05-23,PROV-13,SKU-255202,GROCERY I,411,8.12,3337.32,12,404.17,0.9834,credito_15,7.57
2017-05-23,PROV-13,SKU-258396,GROCERY I,571,16.42,9375.82,12,520.11,0.9109,credito_15,0.78
2017-05-23,PROV-13,SKU-314384,GROCERY I,2507,4.03,10103.21,11,2507,1,credito_15,6.66
2017-05-23,PROV-13,SKU-364606,GROCERY I,2957,22.34,66059.38,10,2612.42,0.8835,credito_15,3.71
2017-05-23,PROV-14,SKU-167437,GROCERY II,235,21.71,5101.85,7,215.22,0.9158,credito_30,10.63
2017-05-23,PROV-14,SKU-210520,GROCERY II,19,21.47,407.93,9,18.33,0.9647,credito_30,6.79
2017-05-23,PROV-18,SKU-250782,HOME APPLIANCES,60,22.99,1379.4,8,57.93,0.9655,contado,7.75
2017-05-23,PROV-22,SKU-115847,LINGERIE,27,24.3,656.1,7,24.93,0.9233,contado,3.39
2017-05-23,PROV-22,SKU-177050,LINGERIE,20,19.6,392,6,17.28,0.864,contado,7.94
2017-05-23,PROV-22,SKU-215468,LINGERIE,56,5.11,286.16,10,54.56,0.9743,contado,7.72
2017-05-23,PROV-25,SKU-205209,MEATS,267.81,3.26,873.06,9,267.8099976,1,credito_30,1.36
2017-05-23,PROV-25,SKU-584028,MEATS,2151.12,24.29,52250.71,8,2056.96,0.9562,credito_30,3.56
2017-05-23,PROV-26,SKU-114799,PERSONAL CARE,196,11.47,2248.12,1,187.84,0.9584,contado,10.15
2017-05-23,PROV-26,SKU-114800,PERSONAL CARE,259,21.01,5441.59,6,215.31,0.8313,contado,0.3
2017-05-23,PROV-29,SKU-108831,POULTRY,487.92,13.2,6440.54,4,423.28,0.8675,credito_15,3.37
2017-05-23,PROV-29,SKU-159156,POULTRY,747.65,24.7,18466.96,7,664.68,0.889,credito_15,11.37
2017-05-23,PROV-29,SKU-208539,POULTRY,164.25,9.37,1539.02,8,144.65,0.8807,credito_15,5.37
2017-05-23,PROV-31,SKU-1473410,PRODUCE,3390.2,20.04,67939.61,8,3079.39,0.9083,credito_30,7.81
2017-05-23,PROV-31,SKU-1473474,PRODUCE,8808.86,10.26,90378.91,10,7640.58,0.8674,credito_30,7.85
2017-05-23,PROV-31,SKU-1502392,PRODUCE,2745.81,5.27,14470.42,4,2443.77,0.89,credito_30,7.28
2017-05-23,PROV-31,SKU-1503844,PRODUCE,10538.54,2.17,22868.63,7,9066.41,0.8603,credito_30,8.42
2017-05-23,PROV-31,SKU-1503847,PRODUCE,2820.34,8.42,23747.26,8,2411.92,0.8552,credito_30,7.56
2017-05-23,PROV-31,SKU-1584575,PRODUCE,3213,3.25,10442.25,8,2673.02,0.8319,credito_30,11.81
2017-05-23,PROV-31,SKU-1642399,PRODUCE,3626.1,24.92,90362.41,4,3597.75,0.9922,credito_30,6.89
2017-05-23,PROV-31,SKU-1686656,PRODUCE,2456,8.68,21318.08,4,2241.96,0.9129,credito_30,11.97
2017-05-23,PROV-31,SKU-1695835,PRODUCE,3062.41,5.86,17945.72,9,2519.71,0.8228,credito_30,8.88
2017-05-23,PROV-31,SKU-1751174,PRODUCE,2461.92,10.13,24939.25,8,2163.45,0.8788,credito_30,6.69
2017-05-23,PROV-31,SKU-1926217,PRODUCE,2890,6.14,17744.6,7,2570.41,0.8894,credito_30,5.65
2017-05-23,PROV-33,SKU-252698,SEAFOOD,205.52,7.5,1541.4,7,205.52,1,contado,11.52
2017-05-30,PROV-01,SKU-121964,AUTOMOTIVE,25,3.38,84.5,11,21.44,0.8576,contado,1.52
2017-05-30,PROV-01,SKU-172995,AUTOMOTIVE,86,6.73,578.78,9,79.45,0.9238,contado,5.33
2017-05-30,PROV-04,SKU-1047679,BEVERAGES,6227,22.41,139547.07,5,6209.33,0.9972,credito_15,10.65
2017-05-30,PROV-04,SKU-119624,BEVERAGES,168,2.86,480.48,3,135.88,0.8088,credito_15,7.65
2017-05-30,PROV-04,SKU-1430040,BEVERAGES,3261,9.67,31533.87,2,2935.47,0.9002,credito_15,8.28
2017-05-30,PROV-04,SKU-1463992,BEVERAGES,10767,20.67,222553.89,6,10105.39,0.9386,credito_15,8.32
2017-05-30,PROV-04,SKU-1463993,BEVERAGES,8219,8.61,70765.59,3,6472.4,0.7875,credito_15,9.69
2017-05-30,PROV-04,SKU-165550,BEVERAGES,533,10.86,5788.38,8,497.43,0.9333,credito_15,3.29
2017-05-30,PROV-04,SKU-165551,BEVERAGES,243,24.82,6031.26,2,231.03,0.9507,credito_15,5.98
2017-05-30,PROV-04,SKU-165553,BEVERAGES,177,2.93,518.61,6,156.45,0.8839,credito_15,1.86
2017-05-30,PROV-04,SKU-174081,BEVERAGES,177,7.23,1279.71,4,174.23,0.9844,credito_15,8.87
2017-05-30,PROV-04,SKU-2006812,BEVERAGES,8062,19.22,154951.64,5,7347.1,0.9113,credito_15,5.04
2017-05-30,PROV-04,SKU-2042941,BEVERAGES,8578,10.12,86809.36,7,7857.68,0.916,credito_15,10.03
2017-05-30,PROV-04,SKU-2042947,BEVERAGES,8174,17.61,143944.14,4,7348.18,0.899,credito_15,3.19
2017-05-30,PROV-04,SKU-219147,BEVERAGES,392,16.82,6593.44,8,352.29,0.8987,credito_15,4.33
2017-05-30,PROV-04,SKU-219150,BEVERAGES,1348,1.52,2048.96,5,1222.78,0.9071,credito_15,7.8
2017-05-30,PROV-04,SKU-219152,BEVERAGES,301,23.63,7112.63,6,268.64,0.8925,credito_15,2.42
2017-05-30,PROV-04,SKU-257848,BEVERAGES,242,5.96,1442.32,3,217.5,0.8988,credito_15,0.96
2017-05-30,PROV-04,SKU-364738,BEVERAGES,3377,14.62,49371.74,7,3016.51,0.8933,credito_15,4
2017-05-30,PROV-04,SKU-819932,BEVERAGES,6543,20.65,135112.95,2,5893.83,0.9008,credito_15,6.63
2017-05-30,PROV-06,SKU-103665,BREAD/BAKERY,248,8.68,2152.64,10,214.17,0.8636,credito_15,1.27
2017-05-30,PROV-06,SKU-1333307,BREAD/BAKERY,1683,11.69,19674.27,9,1561.32,0.9277,credito_15,9.77
2017-05-30,PROV-06,SKU-153239,BREAD/BAKERY,259,9.2,2382.8,6,230.76,0.891,credito_15,1.27
2017-05-30,PROV-06,SKU-153395,BREAD/BAKERY,159,14.3,2273.7,7,145.54,0.9153,credito_15,9.97
2017-05-30,PROV-06,SKU-153398,BREAD/BAKERY,166,10.58,1756.28,5,143.2,0.8627,credito_15,8.01
2017-05-30,PROV-06,SKU-165718,BREAD/BAKERY,462,8.98,4148.76,4,439.07,0.9504,credito_15,7.62
2017-05-30,PROV-06,SKU-215370,BREAD/BAKERY,552,19.96,11017.92,6,437.59,0.7927,credito_15,8.45
2017-05-30,PROV-06,SKU-253103,BREAD/BAKERY,107,2.6,278.2,5,92.99,0.8691,credito_15,6.65
2017-05-30,PROV-08,SKU-103501,CLEANING,270,9.62,2597.4,4,252.39,0.9348,credito_15,8.69
2017-05-30,PROV-08,SKU-108786,CLEANING,593,4.58,2715.94,5,563.75,0.9507,credito_15,3.46
2017-05-30,PROV-08,SKU-108952,CLEANING,227,10.81,2453.87,6,223.85,0.9861,credito_15,6.92
2017-05-30,PROV-08,SKU-115267,CLEANING,440,1.77,778.8,5,440,1,credito_15,11.54
2017-05-30,PROV-08,SKU-116311,CLEANING,45,17.2,774,6,42.86,0.9524,credito_15,0.69
2017-05-30,PROV-08,SKU-119023,CLEANING,128,24.77,3170.56,7,107.09,0.8366,credito_15,8.23
2017-05-30,PROV-08,SKU-119024,CLEANING,230,6.05,1391.5,10,226.91,0.9866,credito_15,11.59
2017-05-30,PROV-08,SKU-119026,CLEANING,552,8.19,4520.88,10,521,0.9438,credito_15,2.94
2017-05-30,PROV-08,SKU-119187,CLEANING,143,13.85,1980.55,9,139.72,0.9771,credito_15,7.41
2017-05-30,PROV-08,SKU-119191,CLEANING,201,15.12,3039.12,10,201,1,credito_15,0.56
2017-05-30,PROV-08,SKU-119193,CLEANING,101,13.08,1321.08,8,86.23,0.8538,credito_15,7.88
2017-05-30,PROV-08,SKU-122425,CLEANING,146,8.09,1181.14,4,139.14,0.953,credito_15,5.18
2017-05-30,PROV-08,SKU-153078,CLEANING,201,6.87,1380.87,9,201,1,credito_15,3.4
2017-05-30,PROV-08,SKU-158788,CLEANING,370,22.36,8273.2,8,370,1,credito_15,7.19
2017-05-30,PROV-08,SKU-158789,CLEANING,772,24.65,19029.8,6,731.68,0.9478,credito_15,4.87
2017-05-30,PROV-08,SKU-158956,CLEANING,344,24.55,8445.2,4,344,1,credito_15,11.34
2017-05-30,PROV-08,SKU-159242,CLEANING,386,2.52,972.72,5,367.77,0.9528,credito_15,3.16
2017-05-30,PROV-08,SKU-164647,CLEANING,1255,18.9,23719.5,9,1217.79,0.9704,credito_15,5.65
2017-05-30,PROV-08,SKU-168927,CLEANING,684,6.22,4254.48,6,642.02,0.9386,credito_15,2.36
2017-05-30,PROV-08,SKU-168930,CLEANING,783,2.51,1965.33,5,731.94,0.9348,credito_15,10.16
2017-05-30,PROV-08,SKU-168931,CLEANING,244,3.83,934.52,8,230.29,0.9438,credito_15,3.65
2017-05-30,PROV-08,SKU-169101,CLEANING,48,9.59,460.32,5,41.82,0.8712,credito_15,10.19
2017-05-30,PROV-08,SKU-169104,CLEANING,16,9.36,149.76,6,14.62,0.9138,credito_15,4.31
2017-05-30,PROV-08,SKU-171890,CLEANING,149,10.02,1492.98,5,139.87,0.9387,credito_15,0.71
2017-05-30,PROV-08,SKU-176411,CLEANING,22,16.05,353.1,8,20.03,0.9105,credito_15,10.1
2017-05-30,PROV-08,SKU-208498,CLEANING,158,19.45,3073.1,6,158,1,credito_15,6.98
2017-05-30,PROV-08,SKU-209085,CLEANING,314,4.68,1469.52,8,308.59,0.9828,credito_15,11.82
2017-05-30,PROV-08,SKU-214381,CLEANING,578,9.45,5462.1,8,526.64,0.9111,credito_15,8.83
2017-05-30,PROV-08,SKU-214859,CLEANING,235,22.21,5219.35,9,214.3,0.9119,credito_15,3.39
2017-05-30,PROV-08,SKU-214860,CLEANING,270,16.03,4328.1,5,238.1,0.8819,credito_15,9.67
2017-05-30,PROV-08,SKU-214862,CLEANING,297,4.59,1363.23,7,292.18,0.9838,credito_15,10.81
2017-05-30,PROV-08,SKU-218726,CLEANING,85,13.04,1108.4,6,85,1,credito_15,3.89
2017-05-30,PROV-08,SKU-218728,CLEANING,135,8.65,1167.75,8,121.71,0.9016,credito_15,9.61
2017-05-30,PROV-08,SKU-221506,CLEANING,227,13.87,3148.49,8,227,1,credito_15,2.57
2017-05-30,PROV-08,SKU-224081,CLEANING,226,20.04,4529.04,9,214.46,0.9489,credito_15,1.26
2017-05-30,PROV-08,SKU-226126,CLEANING,342,22.27,7616.34,4,308.14,0.901,credito_15,8.28
2017-05-30,PROV-08,SKU-252970,CLEANING,246,8.03,1975.38,10,223.6,0.9089,credito_15,1.41
2017-05-30,PROV-08,SKU-252972,CLEANING,301,4,1204,10,301,1,credito_15,8.15
2017-05-30,PROV-08,SKU-258376,CLEANING,888,12.72,11295.36,7,852.74,0.9603,credito_15,9.61
2017-05-30,PROV-09,SKU-122095,DAIRY,184,6.17,1135.28,9,182.79,0.9934,contado,4.2
2017-05-30,PROV-09,SKU-123347,DAIRY,270,16.24,4384.8,12,270,1,contado,2.47
2017-05-30,PROV-09,SKU-129635,DAIRY,876,21.54,18869.04,7,726.2,0.829,contado,4.3
2017-05-30,PROV-09,SKU-1427659,DAIRY,2978,20.77,61853.06,10,2680.16,0.9,contado,5.87
2017-05-30,PROV-09,SKU-158842,DAIRY,212,19.63,4161.56,7,187.88,0.8862,contado,7.14
2017-05-30,PROV-09,SKU-164088,DAIRY,283,6.09,1723.47,6,269.3,0.9516,contado,0.61
2017-05-30,PROV-09,SKU-173113,DAIRY,75,13.89,1041.75,6,69.53,0.9271,contado,0.57
2017-05-30,PROV-09,SKU-205486,DAIRY,158,22.33,3528.14,6,154.83,0.9799,contado,8.22
2017-05-30,PROV-10,SKU-108696,DELI,374,14.5,5423,8,350.68,0.9376,credito_15,6.85
2017-05-30,PROV-10,SKU-108698,DELI,298,4.36,1299.28,11,283.68,0.9519,credito_15,0.37
2017-05-30,PROV-10,SKU-108701,DELI,251,8.18,2053.18,5,236.69,0.943,credito_15,1.35
2017-05-30,PROV-10,SKU-208426,DELI,190,18.13,3444.7,8,179.04,0.9423,credito_15,9.7
2017-05-30,PROV-10,SKU-220613,DELI,146,5.5,803,8,130.65,0.8949,credito_15,10.64
2017-05-30,PROV-11,SKU-108833,EGGS,159,13.17,2094.03,7,138.12,0.8687,credito_30,9.82
2017-05-30,PROV-11,SKU-127547,EGGS,314,21.95,6892.3,7,265.01,0.844,credito_30,10.18
2017-05-30,PROV-11,SKU-158680,EGGS,379,15.57,5901.03,8,379,1,credito_30,3.92
2017-05-30,PROV-11,SKU-208386,EGGS,420,17.06,7165.2,7,385.51,0.9179,credito_30,6.32
2017-05-30,PROV-11,SKU-227111,EGGS,264,15.75,4158,7,241.42,0.9145,credito_30,5.65
2017-05-30,PROV-11,SKU-258268,EGGS,365,3.54,1292.1,12,327.62,0.8976,credito_30,0.73
2017-05-30,PROV-12,SKU-258411,FROZEN FOODS,311,20.23,6291.53,5,299.03,0.9615,credito_15,9.84
2017-05-30,PROV-13,SKU-103520,GROCERY I,174,24.61,4282.14,8,152.53,0.8766,credito_15,4.19
2017-05-30,PROV-13,SKU-105575,GROCERY I,842,20.25,17050.5,6,832.8,0.9891,credito_15,5.98
2017-05-30,PROV-13,SKU-105576,GROCERY I,999,13.13,13116.87,8,980.9,0.9819,credito_15,5.21
2017-05-30,PROV-13,SKU-105577,GROCERY I,99,8.29,820.71,10,99,1,credito_15,10.66
2017-05-30,PROV-13,SKU-105737,GROCERY I,178,12.04,2143.12,12,171.27,0.9622,credito_15,7.51
2017-05-30,PROV-13,SKU-105857,GROCERY I,509,22.71,11559.39,6,504.35,0.9909,credito_15,9.17
2017-05-30,PROV-13,SKU-106716,GROCERY I,437,16.92,7394.04,12,405.59,0.9281,credito_15,5.05
2017-05-30,PROV-13,SKU-108079,GROCERY I,186,24.15,4491.9,9,184.96,0.9944,credito_15,9.51
2017-05-30,PROV-13,SKU-108797,GROCERY I,487,23.15,11274.05,7,487,1,credito_15,4.03
2017-05-30,PROV-13,SKU-108862,GROCERY I,44,17.93,788.92,8,42.16,0.9582,credito_15,1.47
2017-05-30,PROV-13,SKU-111223,GROCERY I,1042,17.97,18724.74,7,958.58,0.9199,credito_15,4.17
2017-05-30,PROV-13,SKU-111397,GROCERY I,375,10.24,3840,10,352.69,0.9405,credito_15,2.23
2017-05-30,PROV-13,SKU-112830,GROCERY I,263,10.99,2890.37,8,232.04,0.8823,credito_15,1.42
2017-05-30,PROV-13,SKU-115611,GROCERY I,1557,22.31,34736.67,9,1356.09,0.871,credito_15,4.13
2017-05-30,PROV-13,SKU-115693,GROCERY I,463,23.46,10861.98,6,463,1,credito_15,5.42
2017-05-30,PROV-13,SKU-115720,GROCERY I,500,21.56,10780,8,479.98,0.96,credito_15,0.01
2017-05-30,PROV-13,SKU-115891,GROCERY I,303,15.3,4635.9,12,303,1,credito_15,11.14
2017-05-30,PROV-13,SKU-115892,GROCERY I,1159,10.31,11949.29,7,1065.53,0.9194,credito_15,1.29
2017-05-30,PROV-13,SKU-115893,GROCERY I,874,7.16,6257.84,11,778.71,0.891,credito_15,5.62
2017-05-30,PROV-13,SKU-115894,GROCERY I,817,4.91,4011.47,6,817,1,credito_15,4.29
2017-05-30,PROV-13,SKU-116017,GROCERY I,1555,5.48,8521.4,12,1418.5,0.9122,credito_15,5.71
2017-05-30,PROV-13,SKU-116018,GROCERY I,630,9.79,6167.7,12,590.44,0.9372,credito_15,2.31
2017-05-30,PROV-13,SKU-122419,GROCERY I,203,21.05,4273.15,6,195.84,0.9647,credito_15,0.79
2017-05-30,PROV-13,SKU-123601,GROCERY I,551,20.21,11135.71,12,551,1,credito_15,10.66
2017-05-30,PROV-13,SKU-123602,GROCERY I,266,21.56,5734.96,8,264.83,0.9956,credito_15,4.51
2017-05-30,PROV-13,SKU-123927,GROCERY I,73,12.89,940.97,6,58,0.7945,credito_15,1.78
2017-05-30,PROV-13,SKU-127534,GROCERY I,138,9.78,1349.64,7,138,1,credito_15,1.96
2017-05-30,PROV-13,SKU-129296,GROCERY I,322,17.27,5560.94,6,291.54,0.9054,credito_15,5.98
2017-05-30,PROV-13,SKU-129297,GROCERY I,258,6.14,1584.12,6,258,1,credito_15,0.68
2017-05-30,PROV-13,SKU-153267,GROCERY I,560,14.59,8170.4,11,555.84,0.9926,credito_15,4.1
2017-05-30,PROV-13,SKU-155499,GROCERY I,487,11.6,5649.2,12,450.81,0.9257,credito_15,7.31
2017-05-30,PROV-13,SKU-155500,GROCERY I,1560,5.43,8470.8,8,1486.91,0.9531,credito_15,1.26
2017-05-30,PROV-13,SKU-155600,GROCERY I,138,13.97,1927.86,10,130.26,0.9439,credito_15,11.42
2017-05-30,PROV-13,SKU-155610,GROCERY I,242,1.62,392.04,7,209.3,0.8649,credito_15,9.27
2017-05-30,PROV-13,SKU-155621,GROCERY I,179,15.2,2720.8,8,170.52,0.9526,credito_15,0.65
2017-05-30,PROV-13,SKU-155625,GROCERY I,175,20.43,3575.25,9,163.49,0.9342,credito_15,7.65
2017-05-30,PROV-13,SKU-157956,GROCERY I,261,22.53,5880.33,12,239.68,0.9183,credito_15,9.68
2017-05-30,PROV-13,SKU-158875,GROCERY I,157,10.06,1579.42,9,151.26,0.9634,credito_15,0.02
2017-05-30,PROV-13,SKU-162066,GROCERY I,641,22.92,14691.72,6,473.14,0.7381,credito_15,10.68
2017-05-30,PROV-13,SKU-164036,GROCERY I,392,10.4,4076.8,9,381.73,0.9738,credito_15,11.11
2017-05-30,PROV-13,SKU-164037,GROCERY I,334,20.02,6686.68,7,283.45,0.8487,credito_15,8.62
2017-05-30,PROV-13,SKU-165594,GROCERY I,753,15.04,11325.12,6,741.66,0.9849,credito_15,5.83
2017-05-30,PROV-13,SKU-165693,GROCERY I,576,4.38,2522.88,10,549.17,0.9534,credito_15,0.75
2017-05-30,PROV-13,SKU-165704,GROCERY I,1030,24.86,25605.8,9,916.19,0.8895,credito_15,8.69
2017-05-30,PROV-13,SKU-165705,GROCERY I,225,12.35,2778.75,12,220.15,0.9784,credito_15,9.51
2017-05-30,PROV-13,SKU-165727,GROCERY I,139,21.7,3016.3,6,124.92,0.8987,credito_15,4.98
2017-05-30,PROV-13,SKU-165988,GROCERY I,680,24.95,16966,9,643.72,0.9466,credito_15,9.69
2017-05-30,PROV-13,SKU-168989,GROCERY I,187,5.77,1078.99,11,186.07,0.995,credito_15,2.11
2017-05-30,PROV-13,SKU-169028,GROCERY I,260,3.63,943.8,9,249.13,0.9582,credito_15,0.37
2017-05-30,PROV-13,SKU-170791,GROCERY I,599,7.87,4714.13,11,597.29,0.9971,credito_15,4.61
2017-05-30,PROV-13,SKU-172184,GROCERY I,379,15.9,6026.1,12,317.08,0.8366,credito_15,9.62
2017-05-30,PROV-13,SKU-172343,GROCERY I,613,22.32,13682.16,10,538.72,0.8788,credito_15,6.56
2017-05-30,PROV-13,SKU-173111,GROCERY I,430,18.85,8105.5,12,358.06,0.8327,credito_15,11.89
2017-05-30,PROV-13,SKU-177395,GROCERY I,384,18.86,7242.24,9,358.77,0.9343,credito_15,5.91
2017-05-30,PROV-13,SKU-179274,GROCERY I,491,4.25,2086.75,10,452.09,0.9208,credito_15,3
2017-05-30,PROV-13,SKU-179564,GROCERY I,58,7.98,462.84,9,53.18,0.9169,credito_15,7.45
2017-05-30,PROV-13,SKU-179579,GROCERY I,129,16.68,2151.72,12,99.58,0.7719,credito_15,11.68
2017-05-30,PROV-13,SKU-205381,GROCERY I,128,10.63,1360.64,10,116.4,0.9094,credito_15,5.53
2017-05-30,PROV-13,SKU-205387,GROCERY I,514,24.72,12706.08,8,514,1,credito_15,8.55
2017-05-30,PROV-13,SKU-205557,GROCERY I,130,8.19,1064.7,10,120.34,0.9257,credito_15,8.16
2017-05-30,PROV-13,SKU-207857,GROCERY I,357,8.15,2909.55,6,317.41,0.8891,credito_15,0.78
2017-05-30,PROV-13,SKU-208659,GROCERY I,251,19.11,4796.61,10,235.72,0.9391,credito_15,5.12
2017-05-30,PROV-13,SKU-208699,GROCERY I,179,6.33,1133.07,7,173.66,0.9702,credito_15,9.02
2017-05-30,PROV-13,SKU-210798,GROCERY I,151,22.64,3418.64,6,146.56,0.9706,credito_15,9.54
2017-05-30,PROV-13,SKU-211203,GROCERY I,1071,20.69,22158.99,7,1071,1,credito_15,8.7
2017-05-30,PROV-13,SKU-211205,GROCERY I,1189,11.7,13911.3,6,1141.67,0.9602,credito_15,11.59
2017-05-30,PROV-13,SKU-211206,GROCERY I,408,12.84,5238.72,6,408,1,credito_15,4.3
2017-05-30,PROV-13,SKU-211999,GROCERY I,141,22,3102,10,134.75,0.9557,credito_15,0.75
2017-05-30,PROV-13,SKU-212550,GROCERY I,179,11.44,2047.76,7,162.93,0.9102,credito_15,5.17
2017-05-30,PROV-13,SKU-212552,GROCERY I,260,17.57,4568.2,7,260,1,credito_15,0.47
2017-05-30,PROV-13,SKU-213066,GROCERY I,413,21.09,8710.17,7,351.17,0.8503,credito_15,7.3
2017-05-30,PROV-13,SKU-213652,GROCERY I,587,10.28,6034.36,12,537.37,0.9155,credito_15,1.62
2017-05-30,PROV-13,SKU-213653,GROCERY I,389,22.82,8876.98,9,370.08,0.9514,credito_15,7.03
2017-05-30,PROV-13,SKU-215303,GROCERY I,873,22.99,20070.27,9,843.32,0.966,credito_15,1.73
2017-05-30,PROV-13,SKU-215304,GROCERY I,186,20.98,3902.28,9,146.84,0.7895,credito_15,0.46
2017-05-30,PROV-13,SKU-215331,GROCERY I,1190,20.73,24668.7,10,1163.69,0.9779,credito_15,0.29
2017-05-30,PROV-13,SKU-215332,GROCERY I,543,18.14,9850.02,7,522.26,0.9618,credito_15,7.61
2017-05-30,PROV-13,SKU-215352,GROCERY I,3237,19.77,63995.49,10,3237,1,credito_15,0.19
2017-05-30,PROV-13,SKU-215356,GROCERY I,187,7.24,1353.88,8,166.75,0.8917,credito_15,3.19
2017-05-30,PROV-13,SKU-217827,GROCERY I,268,2.53,678.04,7,254.76,0.9506,credito_15,2.77
2017-05-30,PROV-13,SKU-220432,GROCERY I,616,17.17,10576.72,6,616,1,credito_15,4.63
2017-05-30,PROV-13,SKU-220435,GROCERY I,2284,21.06,48101.04,6,2101.98,0.9203,credito_15,11.82
2017-05-30,PROV-13,SKU-222975,GROCERY I,881,16.35,14404.35,12,841.39,0.955,credito_15,1.16
2017-05-30,PROV-13,SKU-223068,GROCERY I,232,17.11,3969.52,9,215.62,0.9294,credito_15,7.04
2017-05-30,PROV-13,SKU-223136,GROCERY I,1003,15.36,15406.08,6,870.75,0.8681,credito_15,6.68
2017-05-30,PROV-13,SKU-223434,GROCERY I,570,11.22,6395.4,8,565.91,0.9928,credito_15,4.5
2017-05-30,PROV-13,SKU-223463,GROCERY I,185,15.36,2841.6,9,176.02,0.9515,credito_15,1.2
2017-05-30,PROV-13,SKU-253145,GROCERY I,136,5.87,798.32,10,118.53,0.8715,credito_15,10.33
2017-05-30,PROV-13,SKU-255161,GROCERY I,85,17.46,1484.1,9,79.43,0.9345,credito_15,11.28
2017-05-30,PROV-13,SKU-255198,GROCERY I,396,8.35,3306.6,9,386.91,0.977,credito_15,4.74
2017-05-30,PROV-13,SKU-255199,GROCERY I,491,20.85,10237.35,7,441.14,0.8985,credito_15,11.45
2017-05-30,PROV-13,SKU-255202,GROCERY I,401,8.12,3256.12,12,401,1,credito_15,7.57
2017-05-30,PROV-13,SKU-258395,GROCERY I,136,7.79,1059.44,8,132.66,0.9754,credito_15,4.92
2017-05-30,PROV-13,SKU-258396,GROCERY I,665,16.42,10919.3,7,642.96,0.9669,credito_15,0.78
2017-05-30,PROV-13,SKU-314384,GROCERY I,3192,4.03,12863.76,7,2897.62,0.9078,credito_15,6.66
2017-05-30,PROV-13,SKU-364606,GROCERY I,3263,22.34,72895.42,7,3263,1,credito_15,3.71
2017-05-30,PROV-14,SKU-167437,GROCERY II,236,21.71,5123.56,3,207.64,0.8798,credito_30,10.63
2017-05-30,PROV-14,SKU-210520,GROCERY II,21,21.47,450.87,4,19.37,0.9224,credito_30,6.79
2017-05-30,PROV-18,SKU-250782,HOME APPLIANCES,59,22.99,1356.41,13,49.53,0.8395,contado,7.75
2017-05-30,PROV-22,SKU-115847,LINGERIE,22,24.3,534.6,6,18.68,0.8491,contado,3.39
2017-05-30,PROV-22,SKU-177050,LINGERIE,18,19.6,352.8,6,15.19,0.8439,contado,7.94
2017-05-30,PROV-22,SKU-215468,LINGERIE,111,5.11,567.21,5,107.28,0.9665,contado,7.72
2017-05-30,PROV-25,SKU-584028,MEATS,2507.66,24.29,60911.06,9,2277.21,0.9081,credito_30,3.56
2017-05-30,PROV-26,SKU-114799,PERSONAL CARE,317,11.47,3635.99,5,305.68,0.9643,contado,10.15
2017-05-30,PROV-26,SKU-114800,PERSONAL CARE,293,21.01,6155.93,4,232.53,0.7936,contado,0.3
2017-05-30,PROV-29,SKU-108831,POULTRY,472.96,13.2,6243.07,6,422.33,0.893,credito_15,3.37
2017-05-30,PROV-29,SKU-159156,POULTRY,1148.34,24.7,28364,3,1142.18,0.9946,credito_15,11.37
2017-05-30,PROV-29,SKU-208539,POULTRY,143.16,9.37,1341.41,8,111.13,0.7763,credito_15,5.37
2017-05-30,PROV-31,SKU-1473410,PRODUCE,3870.32,20.04,77561.21,8,3386.2,0.8749,credito_30,7.81
2017-05-30,PROV-31,SKU-1473474,PRODUCE,9259.89,10.26,95006.47,7,6978.35,0.7536,credito_30,7.85
2017-05-30,PROV-31,SKU-1502392,PRODUCE,3227.22,5.27,17007.45,6,3172.44,0.983,credito_30,7.28
2017-05-30,PROV-31,SKU-1503844,PRODUCE,11089.32,2.17,24063.83,8,8580.43,0.7738,credito_30,8.42
2017-05-30,PROV-31,SKU-1503847,PRODUCE,2945.76,8.42,24803.3,7,2830.69,0.9609,credito_30,7.56
2017-05-30,PROV-31,SKU-1584575,PRODUCE,3862,3.25,12551.5,8,3831.31,0.9921,credito_30,11.81
2017-05-30,PROV-31,SKU-1642399,PRODUCE,3903.42,24.92,97273.22,4,3126.21,0.8009,credito_30,6.89
2017-05-30,PROV-31,SKU-1686656,PRODUCE,3052,8.68,26491.36,9,2308.37,0.7563,credito_30,11.97
2017-05-30,PROV-31,SKU-1695835,PRODUCE,3392.59,5.86,19880.58,5,2927.55,0.8629,credito_30,8.88
2017-05-30,PROV-31,SKU-1751174,PRODUCE,1780.86,10.13,18040.11,7,1490.71,0.8371,credito_30,6.69
2017-05-30,PROV-31,SKU-1926217,PRODUCE,3020,6.14,18542.8,9,2679.13,0.8871,credito_30,5.65
2017-05-30,PROV-33,SKU-252698,SEAFOOD,228.55,7.5,1714.13,9,227.22,0.9942,contado,11.52
2017-06-06,PROV-01,SKU-121964,AUTOMOTIVE,21,3.38,70.98,12,17.07,0.8129,contado,1.52
2017-06-06,PROV-01,SKU-172995,AUTOMOTIVE,76,6.73,511.48,7,66.57,0.8759,contado,5.33
2017-06-06,PROV-04,SKU-1047679,BEVERAGES,6887,22.41,154337.67,2,5997.17,0.8708,credito_15,10.65
2017-06-06,PROV-04,SKU-119624,BEVERAGES,460,2.86,1315.6,4,371.72,0.8081,credito_15,7.65
2017-06-06,PROV-04,SKU-1430040,BEVERAGES,2529,9.67,24455.43,4,2323.31,0.9187,credito_15,8.28
2017-06-06,PROV-04,SKU-1463992,BEVERAGES,10034,20.67,207402.78,4,7935.97,0.7909,credito_15,8.32
2017-06-06,PROV-04,SKU-1463993,BEVERAGES,7107,8.61,61191.27,5,6134.34,0.8631,credito_15,9.69
2017-06-06,PROV-04,SKU-165550,BEVERAGES,527,10.86,5723.22,7,476.23,0.9037,credito_15,3.29
2017-06-06,PROV-04,SKU-165551,BEVERAGES,177,24.82,4393.14,4,157.12,0.8877,credito_15,5.98
2017-06-06,PROV-04,SKU-165553,BEVERAGES,154,2.93,451.22,8,154,1,credito_15,1.86
2017-06-06,PROV-04,SKU-174081,BEVERAGES,175,7.23,1265.25,3,137.27,0.7844,credito_15,8.87
2017-06-06,PROV-04,SKU-2006812,BEVERAGES,7201,19.22,138403.22,3,6006.48,0.8341,credito_15,5.04
2017-06-06,PROV-04,SKU-2042941,BEVERAGES,7564,10.12,76547.68,4,7014.96,0.9274,credito_15,10.03
2017-06-06,PROV-04,SKU-2042947,BEVERAGES,6821,17.61,120117.81,3,6309.58,0.925,credito_15,3.19
2017-06-06,PROV-04,SKU-219147,BEVERAGES,352,16.82,5920.64,6,329.94,0.9373,credito_15,4.33
2017-06-06,PROV-04,SKU-219150,BEVERAGES,1376,1.52,2091.52,5,1376,1,credito_15,7.8
2017-06-06,PROV-04,SKU-219152,BEVERAGES,283,23.63,6687.29,4,246.73,0.8718,credito_15,2.42
2017-06-06,PROV-04,SKU-257848,BEVERAGES,257,5.96,1531.72,8,246.08,0.9575,credito_15,0.96
2017-06-06,PROV-04,SKU-364738,BEVERAGES,3188,14.62,46608.56,8,2787.33,0.8743,credito_15,4
2017-06-06,PROV-04,SKU-819932,BEVERAGES,6177,20.65,127555.05,5,4969.07,0.8044,credito_15,6.63
2017-06-06,PROV-06,SKU-103665,BREAD/BAKERY,218,8.68,1892.24,6,199.37,0.9145,credito_15,1.27
2017-06-06,PROV-06,SKU-1333307,BREAD/BAKERY,1772,11.69,20714.68,8,1483.03,0.8369,credito_15,9.77
2017-06-06,PROV-06,SKU-153239,BREAD/BAKERY,275,9.2,2530,10,232.84,0.8467,credito_15,1.27
2017-06-06,PROV-06,SKU-153395,BREAD/BAKERY,153,14.3,2187.9,5,145.15,0.9487,credito_15,9.97
2017-06-06,PROV-06,SKU-153398,BREAD/BAKERY,165,10.58,1745.7,4,157.51,0.9546,credito_15,8.01
2017-06-06,PROV-06,SKU-165718,BREAD/BAKERY,341,8.98,3062.18,8,341,1,credito_15,7.62
2017-06-06,PROV-06,SKU-215370,BREAD/BAKERY,401,19.96,8003.96,7,366.19,0.9132,credito_15,8.45
2017-06-06,PROV-06,SKU-253103,BREAD/BAKERY,106,2.6,275.6,4,92.3,0.8708,credito_15,6.65
2017-06-06,PROV-08,SKU-103501,CLEANING,212,9.62,2039.44,6,208.54,0.9837,credito_15,8.69
2017-06-06,PROV-08,SKU-108786,CLEANING,479,4.58,2193.82,8,436.23,0.9107,credito_15,3.46
2017-06-06,PROV-08,SKU-108952,CLEANING,195,10.81,2107.95,10,195,1,credito_15,6.92
2017-06-06,PROV-08,SKU-115267,CLEANING,499,1.77,883.23,4,499,1,credito_15,11.54
2017-06-06,PROV-08,SKU-116311,CLEANING,52,17.2,894.4,9,48.76,0.9377,credito_15,0.69
2017-06-06,PROV-08,SKU-119023,CLEANING,108,24.77,2675.16,8,107.75,0.9977,credito_15,8.23
2017-06-06,PROV-08,SKU-119024,CLEANING,267,6.05,1615.35,5,250.83,0.9394,credito_15,11.59
2017-06-06,PROV-08,SKU-119026,CLEANING,576,8.19,4717.44,5,576,1,credito_15,2.94
2017-06-06,PROV-08,SKU-119187,CLEANING,147,13.85,2035.95,5,147,1,credito_15,7.41
2017-06-06,PROV-08,SKU-119191,CLEANING,161,15.12,2434.32,10,146.01,0.9069,credito_15,0.56
2017-06-06,PROV-08,SKU-119193,CLEANING,115,13.08,1504.2,4,111.74,0.9717,credito_15,7.88
2017-06-06,PROV-08,SKU-122425,CLEANING,113,8.09,914.17,5,94.55,0.8367,credito_15,5.18
2017-06-06,PROV-08,SKU-153078,CLEANING,144,6.87,989.28,10,144,1,credito_15,3.4
2017-06-06,PROV-08,SKU-158788,CLEANING,327,22.36,7311.72,7,312.83,0.9567,credito_15,7.19
2017-06-06,PROV-08,SKU-158789,CLEANING,540,24.65,13311,7,480.99,0.8907,credito_15,4.87
2017-06-06,PROV-08,SKU-158956,CLEANING,369,24.55,9058.95,10,351.72,0.9532,credito_15,11.34
2017-06-06,PROV-08,SKU-159242,CLEANING,300,2.52,756,10,263.14,0.8771,credito_15,3.16
2017-06-06,PROV-08,SKU-164647,CLEANING,952,18.9,17992.8,10,947.61,0.9954,credito_15,5.65
2017-06-06,PROV-08,SKU-168927,CLEANING,542,6.22,3371.24,8,499.79,0.9221,credito_15,2.36
2017-06-06,PROV-08,SKU-168930,CLEANING,689,2.51,1729.39,5,689,1,credito_15,10.16
2017-06-06,PROV-08,SKU-168931,CLEANING,191,3.83,731.53,4,162.76,0.8521,credito_15,3.65
2017-06-06,PROV-08,SKU-169101,CLEANING,54,9.59,517.86,7,52.09,0.9646,credito_15,10.19
2017-06-06,PROV-08,SKU-169104,CLEANING,10,9.36,93.6,10,9.8,0.98,credito_15,4.31
2017-06-06,PROV-08,SKU-171890,CLEANING,158,10.02,1583.16,8,151.75,0.9604,credito_15,0.71
2017-06-06,PROV-08,SKU-176411,CLEANING,24,16.05,385.2,9,22.95,0.9562,credito_15,10.1
2017-06-06,PROV-08,SKU-208498,CLEANING,148,19.45,2878.6,7,138.04,0.9327,credito_15,6.98
2017-06-06,PROV-08,SKU-209085,CLEANING,229,4.68,1071.72,8,218.19,0.9528,credito_15,11.82
2017-06-06,PROV-08,SKU-214381,CLEANING,495,9.45,4677.75,5,436.64,0.8821,credito_15,8.83
2017-06-06,PROV-08,SKU-214859,CLEANING,210,22.21,4664.1,5,206.15,0.9817,credito_15,3.39
2017-06-06,PROV-08,SKU-214860,CLEANING,284,16.03,4552.52,9,284,1,credito_15,9.67
2017-06-06,PROV-08,SKU-214862,CLEANING,196,4.59,899.64,9,196,1,credito_15,10.81
2017-06-06,PROV-08,SKU-218726,CLEANING,80,13.04,1043.2,9,79.08,0.9885,credito_15,3.89
2017-06-06,PROV-08,SKU-218728,CLEANING,130,8.65,1124.5,9,130,1,credito_15,9.61
2017-06-06,PROV-08,SKU-221506,CLEANING,237,13.87,3287.19,5,228.92,0.9659,credito_15,2.57
2017-06-06,PROV-08,SKU-224081,CLEANING,197,20.04,3947.88,8,197,1,credito_15,1.26
2017-06-06,PROV-08,SKU-226126,CLEANING,301,22.27,6703.27,9,299.96,0.9965,credito_15,8.28
2017-06-06,PROV-08,SKU-252970,CLEANING,258,8.03,2071.74,7,242.26,0.939,credito_15,1.41
2017-06-06,PROV-08,SKU-252972,CLEANING,280,4,1120,10,264.96,0.9463,credito_15,8.15
2017-06-06,PROV-08,SKU-258376,CLEANING,704,12.72,8954.88,6,635.92,0.9033,credito_15,9.61
2017-06-06,PROV-09,SKU-122095,DAIRY,138,6.17,851.46,10,125.11,0.9066,contado,4.2
2017-06-06,PROV-09,SKU-123347,DAIRY,257,16.24,4173.68,10,234.92,0.9141,contado,2.47
2017-06-06,PROV-09,SKU-129635,DAIRY,843,21.54,18158.22,12,764.14,0.9065,contado,4.3
2017-06-06,PROV-09,SKU-1427659,DAIRY,2852,20.77,59236.04,8,2531,0.8874,contado,5.87
2017-06-06,PROV-09,SKU-158842,DAIRY,191,19.63,3749.33,8,187.77,0.9831,contado,7.14
2017-06-06,PROV-09,SKU-164088,DAIRY,269,6.09,1638.21,12,269,1,contado,0.61
2017-06-06,PROV-09,SKU-173113,DAIRY,76,13.89,1055.64,9,72.25,0.9507,contado,0.57
2017-06-06,PROV-09,SKU-179615,DAIRY,538,23.7,12750.6,6,481.4,0.8948,contado,11.16
2017-06-06,PROV-09,SKU-205486,DAIRY,124,22.33,2768.92,12,111.79,0.9015,contado,8.22
2017-06-06,PROV-10,SKU-108696,DELI,328,14.5,4756,7,289.27,0.8819,credito_15,6.85
2017-06-06,PROV-10,SKU-108698,DELI,236,4.36,1028.96,10,231.61,0.9814,credito_15,0.37
2017-06-06,PROV-10,SKU-108701,DELI,186,8.18,1521.48,5,186,1,credito_15,1.35
2017-06-06,PROV-10,SKU-208426,DELI,150,18.13,2719.5,6,147.26,0.9817,credito_15,9.7
2017-06-06,PROV-10,SKU-220613,DELI,135,5.5,742.5,6,130.36,0.9656,credito_15,10.64
2017-06-06,PROV-11,SKU-108833,EGGS,113,13.17,1488.21,12,113,1,credito_30,9.82
2017-06-06,PROV-11,SKU-127547,EGGS,290,21.95,6365.5,8,253.74,0.875,credito_30,10.18
2017-06-06,PROV-11,SKU-158680,EGGS,298,15.57,4639.86,7,289.52,0.9715,credito_30,3.92
2017-06-06,PROV-11,SKU-208384,EGGS,3339,13.6,45410.4,12,3006.96,0.9006,credito_30,7.81
2017-06-06,PROV-11,SKU-208386,EGGS,356,17.06,6073.36,7,293.29,0.8238,credito_30,6.32
2017-06-06,PROV-11,SKU-227111,EGGS,247,15.75,3890.25,7,209.38,0.8477,credito_30,5.65
2017-06-06,PROV-11,SKU-258268,EGGS,279,3.54,987.66,12,267.39,0.9584,credito_30,0.73
2017-06-06,PROV-12,SKU-258411,FROZEN FOODS,378,20.23,7646.94,6,378,1,credito_15,9.84
2017-06-06,PROV-13,SKU-103520,GROCERY I,169,24.61,4159.09,10,158.48,0.9378,credito_15,4.19
2017-06-06,PROV-13,SKU-105574,GROCERY I,378,1.76,665.28,7,378,1,credito_15,10.52
2017-06-06,PROV-13,SKU-105575,GROCERY I,701,20.25,14195.25,8,624.45,0.8908,credito_15,5.98
2017-06-06,PROV-13,SKU-105576,GROCERY I,662,13.13,8692.06,8,652.63,0.9858,credito_15,5.21
2017-06-06,PROV-13,SKU-105577,GROCERY I,83,8.29,688.07,10,83,1,credito_15,10.66
2017-06-06,PROV-13,SKU-105693,GROCERY I,79,1.51,119.29,6,70.34,0.8904,credito_15,5.73
2017-06-06,PROV-13,SKU-105737,GROCERY I,215,12.04,2588.6,6,211.52,0.9838,credito_15,7.51
2017-06-06,PROV-13,SKU-105857,GROCERY I,520,22.71,11809.2,11,498.9,0.9594,credito_15,9.17
2017-06-06,PROV-13,SKU-106716,GROCERY I,408,16.92,6903.36,6,343.57,0.8421,credito_15,5.05
2017-06-06,PROV-13,SKU-108079,GROCERY I,177,24.15,4274.55,7,165.91,0.9373,credito_15,9.51
2017-06-06,PROV-13,SKU-108797,GROCERY I,371,23.15,8588.65,11,306.36,0.8258,credito_15,4.03
2017-06-06,PROV-13,SKU-108862,GROCERY I,69,17.93,1237.17,10,63.45,0.9196,credito_15,1.47
2017-06-06,PROV-13,SKU-111223,GROCERY I,899,17.97,16155.03,6,816.11,0.9078,credito_15,4.17
2017-06-06,PROV-13,SKU-111397,GROCERY I,183,10.24,1873.92,9,182.42,0.9968,credito_15,2.23
2017-06-06,PROV-13,SKU-112830,GROCERY I,243,10.99,2670.57,6,232.38,0.9563,credito_15,1.42
2017-06-06,PROV-13,SKU-114790,GROCERY I,980,24.29,23804.2,9,966.84,0.9866,credito_15,6.65
2017-06-06,PROV-13,SKU-115611,GROCERY I,1636,22.31,36499.16,11,1567.32,0.958,credito_15,4.13
2017-06-06,PROV-13,SKU-115693,GROCERY I,482,23.46,11307.72,9,466.97,0.9688,credito_15,5.42
2017-06-06,PROV-13,SKU-115720,GROCERY I,434,21.56,9357.04,11,409.46,0.9435,credito_15,0.01
2017-06-06,PROV-13,SKU-115850,GROCERY I,805,16.03,12904.15,10,789.65,0.9809,credito_15,11.94
2017-06-06,PROV-13,SKU-115891,GROCERY I,298,15.3,4559.4,6,292.15,0.9804,credito_15,11.14
2017-06-06,PROV-13,SKU-115892,GROCERY I,1276,10.31,13155.56,12,1154.55,0.9048,credito_15,1.29
2017-06-06,PROV-13,SKU-115893,GROCERY I,1036,7.16,7417.76,6,1036,1,credito_15,5.62
2017-06-06,PROV-13,SKU-115894,GROCERY I,773,4.91,3795.43,12,757.22,0.9796,credito_15,4.29
2017-06-06,PROV-13,SKU-116017,GROCERY I,1197,5.48,6559.56,10,1187.25,0.9919,credito_15,5.71
2017-06-06,PROV-13,SKU-116018,GROCERY I,542,9.79,5306.18,7,512.64,0.9458,credito_15,2.31
2017-06-06,PROV-13,SKU-116279,GROCERY I,234,7.96,1862.64,11,228.07,0.9747,credito_15,11.83
2017-06-06,PROV-13,SKU-122419,GROCERY I,145,21.05,3052.25,8,135.12,0.9319,credito_15,0.79
2017-06-06,PROV-13,SKU-123601,GROCERY I,410,20.21,8286.1,7,401.42,0.9791,credito_15,10.66
2017-06-06,PROV-13,SKU-123602,GROCERY I,250,21.56,5390,7,212.92,0.8517,credito_15,4.51
2017-06-06,PROV-13,SKU-123927,GROCERY I,58,12.89,747.62,9,58,1,credito_15,1.78
2017-06-06,PROV-13,SKU-125430,GROCERY I,569,5.35,3044.15,11,420.78,0.7395,credito_15,11.1
2017-06-06,PROV-13,SKU-127534,GROCERY I,118,9.78,1154.04,6,105.31,0.8925,credito_15,1.96
2017-06-06,PROV-13,SKU-129296,GROCERY I,261,17.27,4507.47,12,242.51,0.9292,credito_15,5.98
2017-06-06,PROV-13,SKU-129297,GROCERY I,249,6.14,1528.86,6,236.2,0.9486,credito_15,0.68
2017-06-06,PROV-13,SKU-129759,GROCERY I,129,20.22,2608.38,11,125.38,0.9719,credito_15,9.17
2017-06-06,PROV-13,SKU-153267,GROCERY I,455,14.59,6638.45,9,444.38,0.9767,credito_15,4.1
2017-06-06,PROV-13,SKU-155499,GROCERY I,343,11.6,3978.8,11,343,1,credito_15,7.31
2017-06-06,PROV-13,SKU-155500,GROCERY I,1165,5.43,6325.95,7,1007.72,0.865,credito_15,1.26
2017-06-06,PROV-13,SKU-155600,GROCERY I,110,13.97,1536.7,9,95.75,0.8705,credito_15,11.42
2017-06-06,PROV-13,SKU-155601,GROCERY I,83,17.53,1454.99,9,83,1,credito_15,9.96
2017-06-06,PROV-13,SKU-155607,GROCERY I,67,13.99,937.33,12,65.63,0.9796,credito_15,2.31
2017-06-06,PROV-13,SKU-155610,GROCERY I,161,1.62,260.82,9,161,1,credito_15,9.27
2017-06-06,PROV-13,SKU-155621,GROCERY I,142,15.2,2158.4,10,120.68,0.8499,credito_15,0.65
2017-06-06,PROV-13,SKU-155625,GROCERY I,148,20.43,3023.64,8,143.62,0.9704,credito_15,7.65
2017-06-06,PROV-13,SKU-157956,GROCERY I,192,22.53,4325.76,10,189.96,0.9894,credito_15,9.68
2017-06-06,PROV-13,SKU-158875,GROCERY I,170,10.06,1710.2,12,152.57,0.8975,credito_15,0.02
2017-06-06,PROV-13,SKU-162066,GROCERY I,550,22.92,12606,7,501.12,0.9111,credito_15,10.68
2017-06-06,PROV-13,SKU-164036,GROCERY I,350,10.4,3640,12,316.52,0.9043,credito_15,11.11
2017-06-06,PROV-13,SKU-164037,GROCERY I,289,20.02,5785.78,10,288.09,0.9969,credito_15,8.62
2017-06-06,PROV-13,SKU-165594,GROCERY I,754,15.04,11340.16,8,725.91,0.9627,credito_15,5.83
2017-06-06,PROV-13,SKU-165693,GROCERY I,574,4.38,2514.12,6,574,1,credito_15,0.75
2017-06-06,PROV-13,SKU-165704,GROCERY I,918,24.86,22821.48,10,846.88,0.9225,credito_15,8.69
2017-06-06,PROV-13,SKU-165705,GROCERY I,177,12.35,2185.95,6,177,1,credito_15,9.51
2017-06-06,PROV-13,SKU-165727,GROCERY I,134,21.7,2907.8,9,128.35,0.9578,credito_15,4.98
2017-06-06,PROV-13,SKU-165988,GROCERY I,615,24.95,15344.25,11,615,1,credito_15,9.69
2017-06-06,PROV-13,SKU-168989,GROCERY I,122,5.77,703.94,7,114.13,0.9355,credito_15,2.11
2017-06-06,PROV-13,SKU-169028,GROCERY I,181,3.63,657.03,6,166.4,0.9193,credito_15,0.37
2017-06-06,PROV-13,SKU-170791,GROCERY I,902,7.87,7098.74,9,821.35,0.9106,credito_15,4.61
2017-06-06,PROV-13,SKU-172184,GROCERY I,263,15.9,4181.7,12,223.28,0.849,credito_15,9.62
2017-06-06,PROV-13,SKU-172343,GROCERY I,226,22.32,5044.32,10,210.9,0.9332,credito_15,6.56
2017-06-06,PROV-13,SKU-173111,GROCERY I,389,18.85,7332.65,12,368.43,0.9471,credito_15,11.89
2017-06-06,PROV-13,SKU-177395,GROCERY I,340,18.86,6412.4,10,286.54,0.8428,credito_15,5.91
2017-06-06,PROV-13,SKU-179274,GROCERY I,410,4.25,1742.5,7,410,1,credito_15,3
2017-06-06,PROV-13,SKU-179564,GROCERY I,53,7.98,422.94,10,53,1,credito_15,7.45
2017-06-06,PROV-13,SKU-179579,GROCERY I,170,16.68,2835.6,9,153.63,0.9037,credito_15,11.68
2017-06-06,PROV-13,SKU-205381,GROCERY I,62,10.63,659.06,7,59.43,0.9585,credito_15,5.53
2017-06-06,PROV-13,SKU-205387,GROCERY I,385,24.72,9517.2,8,363.51,0.9442,credito_15,8.55
2017-06-06,PROV-13,SKU-205557,GROCERY I,109,8.19,892.71,7,93.96,0.862,credito_15,8.16
2017-06-06,PROV-13,SKU-207857,GROCERY I,297,8.15,2420.55,9,277.96,0.9359,credito_15,0.78
2017-06-06,PROV-13,SKU-208514,GROCERY I,374,23.73,8875.02,7,374,1,credito_15,6.96
2017-06-06,PROV-13,SKU-208659,GROCERY I,181,19.11,3458.91,6,170.07,0.9396,credito_15,5.12
2017-06-06,PROV-13,SKU-208699,GROCERY I,183,6.33,1158.39,9,167.53,0.9155,credito_15,9.02
2017-06-06,PROV-13,SKU-210798,GROCERY I,270,22.64,6112.8,6,251.9,0.933,credito_15,9.54
2017-06-06,PROV-13,SKU-211203,GROCERY I,931,20.69,19262.39,6,918.66,0.9867,credito_15,8.7
2017-06-06,PROV-13,SKU-211205,GROCERY I,1074,11.7,12565.8,9,948.83,0.8835,credito_15,11.59
2017-06-06,PROV-13,SKU-211206,GROCERY I,334,12.84,4288.56,6,300.12,0.8986,credito_15,4.3
2017-06-06,PROV-13,SKU-211999,GROCERY I,154,22,3388,9,144.16,0.9361,credito_15,0.75
2017-06-06,PROV-13,SKU-212550,GROCERY I,136,11.44,1555.84,11,134.43,0.9885,credito_15,5.17
2017-06-06,PROV-13,SKU-212552,GROCERY I,234,17.57,4111.38,9,224.34,0.9587,credito_15,0.47
2017-06-06,PROV-13,SKU-213066,GROCERY I,379,21.09,7993.11,11,355.97,0.9392,credito_15,7.3
2017-06-06,PROV-13,SKU-213652,GROCERY I,556,10.28,5715.68,8,556,1,credito_15,1.62
2017-06-06,PROV-13,SKU-213653,GROCERY I,364,22.82,8306.48,10,364,1,credito_15,7.03
2017-06-06,PROV-13,SKU-213788,GROCERY I,279,15.73,4388.67,7,276.3,0.9903,credito_15,11.41
2017-06-06,PROV-13,SKU-215303,GROCERY I,948,22.99,21794.52,8,948,1,credito_15,1.73
2017-06-06,PROV-13,SKU-215304,GROCERY I,116,20.98,2433.68,7,111.04,0.9572,credito_15,0.46
2017-06-06,PROV-13,SKU-215327,GROCERY I,677,4.39,2972.03,6,613.47,0.9062,credito_15,11.74
2017-06-06,PROV-13,SKU-215331,GROCERY I,1014,20.73,21020.22,12,978.73,0.9652,credito_15,0.29
2017-06-06,PROV-13,SKU-215332,GROCERY I,474,18.14,8598.36,11,425.54,0.8978,credito_15,7.61
2017-06-06,PROV-13,SKU-215352,GROCERY I,3727,19.77,73682.79,12,3605.46,0.9674,credito_15,0.19
2017-06-06,PROV-13,SKU-215356,GROCERY I,209,7.24,1513.16,11,209,1,credito_15,3.19
2017-06-06,PROV-13,SKU-215896,GROCERY I,615,13.91,8554.65,12,554.56,0.9017,credito_15,7.71
2017-06-06,PROV-13,SKU-217827,GROCERY I,217,2.53,549.01,6,217,1,credito_15,2.77
2017-06-06,PROV-13,SKU-220432,GROCERY I,500,17.17,8585,8,479.21,0.9584,credito_15,4.63
2017-06-06,PROV-13,SKU-220435,GROCERY I,1738,21.06,36602.28,7,1533.9,0.8826,credito_15,11.82
2017-06-06,PROV-13,SKU-222879,GROCERY I,1093,8.88,9705.84,8,923.21,0.8447,credito_15,2.65
2017-06-06,PROV-13,SKU-222975,GROCERY I,635,16.35,10382.25,11,628.91,0.9904,credito_15,1.16
2017-06-06,PROV-13,SKU-223068,GROCERY I,158,17.11,2703.38,7,158,1,credito_15,7.04
2017-06-06,PROV-13,SKU-223136,GROCERY I,775,15.36,11904,12,775,1,credito_15,6.68
2017-06-06,PROV-13,SKU-223434,GROCERY I,492,11.22,5520.24,7,469.59,0.9545,credito_15,4.5
2017-06-06,PROV-13,SKU-223463,GROCERY I,191,15.36,2933.76,8,180.72,0.9462,credito_15,1.2
2017-06-06,PROV-13,SKU-229368,GROCERY I,186,19.18,3567.48,8,184.82,0.9937,credito_15,4.44
2017-06-06,PROV-13,SKU-253145,GROCERY I,113,5.87,663.31,7,108.5,0.9602,credito_15,10.33
2017-06-06,PROV-13,SKU-255161,GROCERY I,85,17.46,1484.1,11,81.48,0.9586,credito_15,11.28
2017-06-06,PROV-13,SKU-255198,GROCERY I,165,8.35,1377.75,6,146.45,0.8876,credito_15,4.74
2017-06-06,PROV-13,SKU-255199,GROCERY I,351,20.85,7318.35,11,321.88,0.917,credito_15,11.45
2017-06-06,PROV-13,SKU-255202,GROCERY I,68,8.12,552.16,12,68,1,credito_15,7.57
2017-06-06,PROV-13,SKU-258395,GROCERY I,100,7.79,779,8,99.48,0.9948,credito_15,4.92
2017-06-06,PROV-13,SKU-258396,GROCERY I,702,16.42,11526.84,7,647.71,0.9227,credito_15,0.78
2017-06-06,PROV-13,SKU-314384,GROCERY I,2635,4.03,10619.05,12,2398.33,0.9102,credito_15,6.66
2017-06-06,PROV-13,SKU-364606,GROCERY I,2615,22.34,58419.1,9,2538.34,0.9707,credito_15,3.71
2017-06-06,PROV-14,SKU-167437,GROCERY II,223,21.71,4841.33,9,186.66,0.837,credito_30,10.63
2017-06-06,PROV-14,SKU-210520,GROCERY II,20,21.47,429.4,9,18.44,0.922,credito_30,6.79
2017-06-06,PROV-18,SKU-250782,HOME APPLIANCES,73,22.99,1678.27,11,64.41,0.8823,contado,7.75
2017-06-06,PROV-22,SKU-115847,LINGERIE,28,24.3,680.4,6,26.47,0.9454,contado,3.39
2017-06-06,PROV-22,SKU-177050,LINGERIE,14,19.6,274.4,7,12.46,0.89,contado,7.94
2017-06-06,PROV-22,SKU-215468,LINGERIE,40,5.11,204.4,5,33.94,0.8485,contado,7.72
2017-06-06,PROV-25,SKU-205209,MEATS,218.64,3.26,712.77,10,203.8,0.9321,credito_30,1.36
2017-06-06,PROV-25,SKU-584028,MEATS,1892.14,24.29,45960.08,8,1641.35,0.8675,credito_30,3.56
2017-06-06,PROV-26,SKU-114799,PERSONAL CARE,228,11.47,2615.16,1,214.05,0.9388,contado,10.15
2017-06-06,PROV-26,SKU-114800,PERSONAL CARE,257,21.01,5399.57,1,236.17,0.9189,contado,0.3
2017-06-06,PROV-29,SKU-108831,POULTRY,371.3,13.2,4901.16,4,365.85,0.9853,credito_15,3.37
2017-06-06,PROV-29,SKU-159156,POULTRY,840.6,24.7,20762.82,2,771.17,0.9174,credito_15,11.37
2017-06-06,PROV-29,SKU-208539,POULTRY,119.38,9.37,1118.59,2,98.19,0.8225,credito_15,5.37
2017-06-06,PROV-31,SKU-1473410,PRODUCE,3641.74,20.04,72980.47,10,3018.62,0.8289,credito_30,7.81
2017-06-06,PROV-31,SKU-1473474,PRODUCE,8904.29,10.26,91358.02,7,8359.5,0.9388,credito_30,7.85
2017-06-06,PROV-31,SKU-1502392,PRODUCE,2843.43,5.27,14984.88,5,2393.3,0.8417,credito_30,7.28
2017-06-06,PROV-31,SKU-1503844,PRODUCE,9122.22,2.17,19795.22,6,7580.46,0.831,credito_30,8.42
2017-06-06,PROV-31,SKU-1503847,PRODUCE,2884.06,8.42,24283.79,7,2376.39,0.824,credito_30,7.56
2017-06-06,PROV-31,SKU-1584575,PRODUCE,3336,3.25,10842,10,2687.47,0.8056,credito_30,11.81
2017-06-06,PROV-31,SKU-1642399,PRODUCE,3543.98,24.92,88315.98,6,2932.86,0.8276,credito_30,6.89
2017-06-06,PROV-31,SKU-1686656,PRODUCE,2736,8.68,23748.48,9,2380.61,0.8701,credito_30,11.97
2017-06-06,PROV-31,SKU-1695835,PRODUCE,3370.24,5.86,19749.61,7,3060.43,0.9081,credito_30,8.88
2017-06-06,PROV-31,SKU-1751174,PRODUCE,2242.36,10.13,22715.11,6,1776.52,0.7923,credito_30,6.69
2017-06-06,PROV-31,SKU-1926217,PRODUCE,2934,6.14,18014.76,5,2550.08,0.8691,credito_30,5.65
2017-06-06,PROV-33,SKU-252698,SEAFOOD,217.61,7.5,1632.08,6,185.43,0.8521,contado,11.52
2017-06-13,PROV-01,SKU-121964,AUTOMOTIVE,7,3.38,23.66,7,6.16,0.88,contado,1.52
2017-06-13,PROV-01,SKU-172995,AUTOMOTIVE,79,6.73,531.67,11,69.21,0.8761,contado,5.33
2017-06-13,PROV-04,SKU-1047679,BEVERAGES,5132,22.41,115008.12,8,4355.38,0.8487,credito_15,10.65
2017-06-13,PROV-04,SKU-119624,BEVERAGES,647,2.86,1850.42,3,547.55,0.8463,credito_15,7.65
2017-06-13,PROV-04,SKU-1430040,BEVERAGES,2004,9.67,19378.68,7,1816.96,0.9067,credito_15,8.28
2017-06-13,PROV-04,SKU-1463992,BEVERAGES,9618,20.67,198804.06,6,8029.95,0.8349,credito_15,8.32
2017-06-13,PROV-04,SKU-1463993,BEVERAGES,6987,8.61,60158.07,3,5960.96,0.8532,credito_15,9.69
2017-06-13,PROV-04,SKU-165550,BEVERAGES,404,10.86,4387.44,4,362.74,0.8979,credito_15,3.29
2017-06-13,PROV-04,SKU-165551,BEVERAGES,168,24.82,4169.76,6,147.58,0.8785,credito_15,5.98
2017-06-13,PROV-04,SKU-165553,BEVERAGES,167,2.93,489.31,5,132.83,0.7954,credito_15,1.86
2017-06-13,PROV-04,SKU-174081,BEVERAGES,152,7.23,1098.96,5,140.39,0.9236,credito_15,8.87
2017-06-13,PROV-04,SKU-2006812,BEVERAGES,7790,19.22,149723.8,8,6761.51,0.868,credito_15,5.04
2017-06-13,PROV-04,SKU-2042941,BEVERAGES,7710,10.12,78025.2,4,6801.37,0.8821,credito_15,10.03
2017-06-13,PROV-04,SKU-2042947,BEVERAGES,6982,17.61,122953.02,8,6239.6,0.8937,credito_15,3.19
2017-06-13,PROV-04,SKU-219147,BEVERAGES,558,16.82,9385.56,4,437.6,0.7842,credito_15,4.33
2017-06-13,PROV-04,SKU-219150,BEVERAGES,1921,1.52,2919.92,5,1851.43,0.9638,credito_15,7.8
2017-06-13,PROV-04,SKU-219152,BEVERAGES,363,23.63,8577.69,8,355.87,0.9804,credito_15,2.42
2017-06-13,PROV-04,SKU-257848,BEVERAGES,204,5.96,1215.84,5,178.3,0.874,credito_15,0.96
2017-06-13,PROV-04,SKU-364738,BEVERAGES,2856,14.62,41754.72,4,2558.45,0.8958,credito_15,4
2017-06-13,PROV-04,SKU-819932,BEVERAGES,6129,20.65,126563.85,5,5418.46,0.8841,credito_15,6.63
2017-06-13,PROV-06,SKU-103665,BREAD/BAKERY,217,8.68,1883.56,8,205.03,0.9448,credito_15,1.27
2017-06-13,PROV-06,SKU-1333307,BREAD/BAKERY,1894,11.69,22140.86,9,1790.93,0.9456,credito_15,9.77
2017-06-13,PROV-06,SKU-153239,BREAD/BAKERY,244,9.2,2244.8,10,232.58,0.9532,credito_15,1.27
2017-06-13,PROV-06,SKU-153395,BREAD/BAKERY,134,14.3,1916.2,5,119.29,0.8902,credito_15,9.97
2017-06-13,PROV-06,SKU-153398,BREAD/BAKERY,173,10.58,1830.34,4,129.79,0.7502,credito_15,8.01
2017-06-13,PROV-06,SKU-165718,BREAD/BAKERY,402,8.98,3609.96,7,321.41,0.7995,credito_15,7.62
2017-06-13,PROV-06,SKU-215370,BREAD/BAKERY,397,19.96,7924.12,5,369.11,0.9297,credito_15,8.45
2017-06-13,PROV-06,SKU-253103,BREAD/BAKERY,102,2.6,265.2,8,101.13,0.9915,credito_15,6.65
2017-06-13,PROV-08,SKU-103501,CLEANING,204,9.62,1962.48,7,203.02,0.9952,credito_15,8.69
2017-06-13,PROV-08,SKU-108786,CLEANING,459,4.58,2102.22,8,402.78,0.8775,credito_15,3.46
2017-06-13,PROV-08,SKU-108952,CLEANING,153,10.81,1653.93,8,153,1,credito_15,6.92
2017-06-13,PROV-08,SKU-115267,CLEANING,480,1.77,849.6,8,463.71,0.9661,credito_15,11.54
2017-06-13,PROV-08,SKU-116311,CLEANING,24,17.2,412.8,6,23.85,0.9938,credito_15,0.69
2017-06-13,PROV-08,SKU-119023,CLEANING,179,24.77,4433.83,6,170.46,0.9523,credito_15,8.23
2017-06-13,PROV-08,SKU-119024,CLEANING,214,6.05,1294.7,5,214,1,credito_15,11.59
2017-06-13,PROV-08,SKU-119026,CLEANING,609,8.19,4987.71,7,458.67,0.7532,credito_15,2.94
2017-06-13,PROV-08,SKU-119187,CLEANING,110,13.85,1523.5,6,110,1,credito_15,7.41
2017-06-13,PROV-08,SKU-119191,CLEANING,173,15.12,2615.76,9,160.21,0.9261,credito_15,0.56
2017-06-13,PROV-08,SKU-119193,CLEANING,126,13.08,1648.08,4,126,1,credito_15,7.88
2017-06-13,PROV-08,SKU-122425,CLEANING,112,8.09,906.08,6,112,1,credito_15,5.18
2017-06-13,PROV-08,SKU-153078,CLEANING,138,6.87,948.06,9,123,0.8913,credito_15,3.4
2017-06-13,PROV-08,SKU-158788,CLEANING,281,22.36,6283.16,10,281,1,credito_15,7.19
2017-06-13,PROV-08,SKU-158789,CLEANING,612,24.65,15085.8,8,612,1,credito_15,4.87
2017-06-13,PROV-08,SKU-158956,CLEANING,305,24.55,7487.75,8,279.6,0.9167,credito_15,11.34
2017-06-13,PROV-08,SKU-159242,CLEANING,279,2.52,703.08,10,253.23,0.9076,credito_15,3.16
2017-06-13,PROV-08,SKU-164647,CLEANING,865,18.9,16348.5,7,782.07,0.9041,credito_15,5.65
2017-06-13,PROV-08,SKU-168927,CLEANING,584,6.22,3632.48,9,571.46,0.9785,credito_15,2.36
2017-06-13,PROV-08,SKU-168930,CLEANING,521,2.51,1307.71,4,495.05,0.9502,credito_15,10.16
2017-06-13,PROV-08,SKU-168931,CLEANING,158,3.83,605.14,4,152.94,0.968,credito_15,3.65
2017-06-13,PROV-08,SKU-169101,CLEANING,39,9.59,374.01,10,35.26,0.9041,credito_15,10.19
2017-06-13,PROV-08,SKU-169104,CLEANING,7,9.36,65.52,6,6.78,0.9686,credito_15,4.31
2017-06-13,PROV-08,SKU-171890,CLEANING,192,10.02,1923.84,4,182.48,0.9504,credito_15,0.71
2017-06-13,PROV-08,SKU-176411,CLEANING,17,16.05,272.85,5,16.44,0.9671,credito_15,10.1
2017-06-13,PROV-08,SKU-208498,CLEANING,118,19.45,2295.1,4,118,1,credito_15,6.98
2017-06-13,PROV-08,SKU-209085,CLEANING,226,4.68,1057.68,7,226,1,credito_15,11.82
2017-06-13,PROV-08,SKU-214381,CLEANING,435,9.45,4110.75,10,414.17,0.9521,credito_15,8.83
2017-06-13,PROV-08,SKU-214859,CLEANING,161,22.21,3575.81,8,160.7,0.9981,credito_15,3.39
2017-06-13,PROV-08,SKU-214860,CLEANING,205,16.03,3286.15,10,185.24,0.9036,credito_15,9.67
2017-06-13,PROV-08,SKU-214862,CLEANING,195,4.59,895.05,9,186.69,0.9574,credito_15,10.81
2017-06-13,PROV-08,SKU-218726,CLEANING,42,13.04,547.68,9,40.39,0.9617,credito_15,3.89
2017-06-13,PROV-08,SKU-218728,CLEANING,59,8.65,510.35,5,59,1,credito_15,9.61
2017-06-13,PROV-08,SKU-221506,CLEANING,173,13.87,2399.51,10,155.44,0.8985,credito_15,2.57
2017-06-13,PROV-08,SKU-224081,CLEANING,211,20.04,4228.44,4,209.22,0.9916,credito_15,1.26
2017-06-13,PROV-08,SKU-226126,CLEANING,258,22.27,5745.66,9,233.9,0.9066,credito_15,8.28
2017-06-13,PROV-08,SKU-252970,CLEANING,229,8.03,1838.87,8,223.25,0.9749,credito_15,1.41
2017-06-13,PROV-08,SKU-252972,CLEANING,247,4,988,9,237.93,0.9633,credito_15,8.15
2017-06-13,PROV-08,SKU-258376,CLEANING,589,12.72,7492.08,9,589,1,credito_15,9.61
2017-06-13,PROV-09,SKU-122095,DAIRY,161,6.17,993.37,12,153.95,0.9562,contado,4.2
2017-06-13,PROV-09,SKU-123347,DAIRY,238,16.24,3865.12,9,206.22,0.8665,contado,2.47
2017-06-13,PROV-09,SKU-129635,DAIRY,822,21.54,17705.88,9,686.91,0.8357,contado,4.3
2017-06-13,PROV-09,SKU-1427659,DAIRY,2739,20.77,56889.03,9,2605.11,0.9511,contado,5.87
2017-06-13,PROV-09,SKU-158842,DAIRY,202,19.63,3965.26,12,189.66,0.9389,contado,7.14
2017-06-13,PROV-09,SKU-164088,DAIRY,268,6.09,1632.12,7,239.28,0.8928,contado,0.61
2017-06-13,PROV-09,SKU-173113,DAIRY,80,13.89,1111.2,10,71.62,0.8953,contado,0.57
2017-06-13,PROV-09,SKU-179615,DAIRY,577,23.7,13674.9,7,539.55,0.9351,contado,11.16
2017-06-13,PROV-09,SKU-205486,DAIRY,152,22.33,3394.16,9,150.27,0.9886,contado,8.22
2017-06-13,PROV-10,SKU-108696,DELI,342,14.5,4959,5,342,1,credito_15,6.85
2017-06-13,PROV-10,SKU-108698,DELI,218,4.36,950.48,5,197.26,0.9049,credito_15,0.37
2017-06-13,PROV-10,SKU-108701,DELI,187,8.18,1529.66,7,167.68,0.8967,credito_15,1.35
2017-06-13,PROV-10,SKU-208426,DELI,146,18.13,2646.98,11,146,1,credito_15,9.7
2017-06-13,PROV-10,SKU-220613,DELI,123,5.5,676.5,11,123,1,credito_15,10.64
2017-06-13,PROV-11,SKU-108833,EGGS,134,13.17,1764.78,6,120.54,0.8996,credito_30,9.82
2017-06-13,PROV-11,SKU-127547,EGGS,327,21.95,7177.65,11,299,0.9144,credito_30,10.18
2017-06-13,PROV-11,SKU-158680,EGGS,305,15.57,4748.85,8,271.14,0.889,credito_30,3.92
2017-06-13,PROV-11,SKU-208384,EGGS,3292,13.6,44771.2,9,3292,1,credito_30,7.81
2017-06-13,PROV-11,SKU-208386,EGGS,360,17.06,6141.6,7,314.93,0.8748,credito_30,6.32
2017-06-13,PROV-11,SKU-227111,EGGS,262,15.75,4126.5,11,228.6,0.8725,credito_30,5.65
2017-06-13,PROV-11,SKU-258268,EGGS,282,3.54,998.28,8,252.95,0.897,credito_30,0.73
2017-06-13,PROV-12,SKU-258411,FROZEN FOODS,304,20.23,6149.92,9,268,0.8816,credito_15,9.84
2017-06-13,PROV-13,SKU-103520,GROCERY I,170,24.61,4183.7,6,159.62,0.9389,credito_15,4.19
2017-06-13,PROV-13,SKU-105574,GROCERY I,271,1.76,476.96,6,235.43,0.8687,credito_15,10.52
2017-06-13,PROV-13,SKU-105575,GROCERY I,666,20.25,13486.5,9,622.19,0.9342,credito_15,5.98
2017-06-13,PROV-13,SKU-105576,GROCERY I,561,13.13,7365.93,9,561,1,credito_15,5.21
2017-06-13,PROV-13,SKU-105577,GROCERY I,75,8.29,621.75,10,66.92,0.8923,credito_15,10.66
2017-06-13,PROV-13,SKU-105693,GROCERY I,73,1.51,110.23,9,73,1,credito_15,5.73
2017-06-13,PROV-13,SKU-105737,GROCERY I,229,12.04,2757.16,6,223.76,0.9771,credito_15,7.51
2017-06-13,PROV-13,SKU-105857,GROCERY I,556,22.71,12626.76,8,556,1,credito_15,9.17
2017-06-13,PROV-13,SKU-106716,GROCERY I,356,16.92,6023.52,7,345.09,0.9694,credito_15,5.05
2017-06-13,PROV-13,SKU-108079,GROCERY I,190,24.15,4588.5,8,190,1,credito_15,9.51
2017-06-13,PROV-13,SKU-108797,GROCERY I,344,23.15,7963.6,10,320.1,0.9305,credito_15,4.03
2017-06-13,PROV-13,SKU-108862,GROCERY I,95,17.93,1703.35,6,95,1,credito_15,1.47
2017-06-13,PROV-13,SKU-111223,GROCERY I,760,17.97,13657.2,11,754.95,0.9934,credito_15,4.17
2017-06-13,PROV-13,SKU-111397,GROCERY I,215,10.24,2201.6,7,215,1,credito_15,2.23
2017-06-13,PROV-13,SKU-112830,GROCERY I,237,10.99,2604.63,8,221.38,0.9341,credito_15,1.42
2017-06-13,PROV-13,SKU-114790,GROCERY I,898,24.29,21812.42,9,763.7,0.8504,credito_15,6.65
2017-06-13,PROV-13,SKU-115611,GROCERY I,1359,22.31,30319.29,11,1359,1,credito_15,4.13
2017-06-13,PROV-13,SKU-115693,GROCERY I,490,23.46,11495.4,7,484.24,0.9882,credito_15,5.42
2017-06-13,PROV-13,SKU-115720,GROCERY I,409,21.56,8818.04,7,409,1,credito_15,0.01
2017-06-13,PROV-13,SKU-115850,GROCERY I,663,16.03,10627.89,8,656.65,0.9904,credito_15,11.94
2017-06-13,PROV-13,SKU-115891,GROCERY I,237,15.3,3626.1,6,234.16,0.988,credito_15,11.14
2017-06-13,PROV-13,SKU-115892,GROCERY I,1171,10.31,12073.01,6,1171,1,credito_15,1.29
2017-06-13,PROV-13,SKU-115893,GROCERY I,838,7.16,6000.08,9,787.89,0.9402,credito_15,5.62
2017-06-13,PROV-13,SKU-115894,GROCERY I,792,4.91,3888.72,9,791.94,0.9999,credito_15,4.29
2017-06-13,PROV-13,SKU-116017,GROCERY I,1055,5.48,5781.4,6,1030.38,0.9767,credito_15,5.71
2017-06-13,PROV-13,SKU-116018,GROCERY I,516,9.79,5051.64,6,516,1,credito_15,2.31
2017-06-13,PROV-13,SKU-116279,GROCERY I,130,7.96,1034.8,9,118.02,0.9078,credito_15,11.83
2017-06-13,PROV-13,SKU-122419,GROCERY I,157,21.05,3304.85,8,150.66,0.9596,credito_15,0.79
2017-06-13,PROV-13,SKU-123601,GROCERY I,437,20.21,8831.77,9,426.69,0.9764,credito_15,10.66
2017-06-13,PROV-13,SKU-123602,GROCERY I,207,21.56,4462.92,7,205.66,0.9935,credito_15,4.51
2017-06-13,PROV-13,SKU-123927,GROCERY I,37,12.89,476.93,10,37,1,credito_15,1.78
2017-06-13,PROV-13,SKU-125430,GROCERY I,431,5.35,2305.85,9,402.46,0.9338,credito_15,11.1
2017-06-13,PROV-13,SKU-127534,GROCERY I,109,9.78,1066.02,12,107.95,0.9904,credito_15,1.96
2017-06-13,PROV-13,SKU-129296,GROCERY I,328,17.27,5664.56,11,295.32,0.9004,credito_15,5.98
2017-06-13,PROV-13,SKU-129297,GROCERY I,254,6.14,1559.56,11,229.76,0.9046,credito_15,0.68
2017-06-13,PROV-13,SKU-129759,GROCERY I,149,20.22,3012.78,6,141.59,0.9503,credito_15,9.17
2017-06-13,PROV-13,SKU-153267,GROCERY I,471,14.59,6871.89,9,435.47,0.9246,credito_15,4.1
2017-06-13,PROV-13,SKU-155499,GROCERY I,325,11.6,3770,8,301.86,0.9288,credito_15,7.31
2017-06-13,PROV-13,SKU-155500,GROCERY I,1244,5.43,6754.92,9,1061.17,0.853,credito_15,1.26
2017-06-13,PROV-13,SKU-155600,GROCERY I,116,13.97,1620.52,9,112.27,0.9678,credito_15,11.42
2017-06-13,PROV-13,SKU-155601,GROCERY I,66,17.53,1156.98,11,58.8,0.8909,credito_15,9.96
2017-06-13,PROV-13,SKU-155607,GROCERY I,78,13.99,1091.22,9,75.62,0.9695,credito_15,2.31
2017-06-13,PROV-13,SKU-155610,GROCERY I,136,1.62,220.32,11,112.68,0.8285,credito_15,9.27
2017-06-13,PROV-13,SKU-155621,GROCERY I,108,15.2,1641.6,12,108,1,credito_15,0.65
2017-06-13,PROV-13,SKU-155625,GROCERY I,142,20.43,2901.06,8,132.6,0.9338,credito_15,7.65
2017-06-13,PROV-13,SKU-157956,GROCERY I,194,22.53,4370.82,9,182.21,0.9392,credito_15,9.68
2017-06-13,PROV-13,SKU-158875,GROCERY I,121,10.06,1217.26,11,121,1,credito_15,0.02
2017-06-13,PROV-13,SKU-162066,GROCERY I,491,22.92,11253.72,11,459.29,0.9354,credito_15,10.68
2017-06-13,PROV-13,SKU-164036,GROCERY I,342,10.4,3556.8,6,342,1,credito_15,11.11
2017-06-13,PROV-13,SKU-164037,GROCERY I,245,20.02,4904.9,11,227.33,0.9279,credito_15,8.62
2017-06-13,PROV-13,SKU-165594,GROCERY I,667,15.04,10031.68,9,620.53,0.9303,credito_15,5.83
2017-06-13,PROV-13,SKU-165693,GROCERY I,565,4.38,2474.7,8,565,1,credito_15,0.75
2017-06-13,PROV-13,SKU-165704,GROCERY I,1101,24.86,27370.86,6,981.69,0.8916,credito_15,8.69
2017-06-13,PROV-13,SKU-165705,GROCERY I,182,12.35,2247.7,9,180.12,0.9897,credito_15,9.51
2017-06-13,PROV-13,SKU-165727,GROCERY I,152,21.7,3298.4,6,152,1,credito_15,4.98
2017-06-13,PROV-13,SKU-165988,GROCERY I,511,24.95,12749.45,10,431.88,0.8452,credito_15,9.69
2017-06-13,PROV-13,SKU-168989,GROCERY I,272,5.77,1569.44,8,264.42,0.9721,credito_15,2.11
2017-06-13,PROV-13,SKU-169028,GROCERY I,160,3.63,580.8,12,160,1,credito_15,0.37
2017-06-13,PROV-13,SKU-170791,GROCERY I,502,7.87,3950.74,10,480.03,0.9562,credito_15,4.61
2017-06-13,PROV-13,SKU-172184,GROCERY I,267,15.9,4245.3,10,243.51,0.912,credito_15,9.62
2017-06-13,PROV-13,SKU-172343,GROCERY I,228,22.32,5088.96,6,217.17,0.9525,credito_15,6.56
2017-06-13,PROV-13,SKU-173111,GROCERY I,349,18.85,6578.65,10,319.01,0.9141,credito_15,11.89
2017-06-13,PROV-13,SKU-177395,GROCERY I,353,18.86,6657.58,10,353,1,credito_15,5.91
2017-06-13,PROV-13,SKU-179274,GROCERY I,356,4.25,1513,9,356,1,credito_15,3
2017-06-13,PROV-13,SKU-179564,GROCERY I,32,7.98,255.36,7,31.58,0.9869,credito_15,7.45
2017-06-13,PROV-13,SKU-179579,GROCERY I,107,16.68,1784.76,10,104.28,0.9746,credito_15,11.68
2017-06-13,PROV-13,SKU-205381,GROCERY I,64,10.63,680.32,12,60.59,0.9467,credito_15,5.53
2017-06-13,PROV-13,SKU-205387,GROCERY I,462,24.72,11420.64,7,462,1,credito_15,8.55
2017-06-13,PROV-13,SKU-205557,GROCERY I,94,8.19,769.86,6,90.73,0.9652,credito_15,8.16
2017-06-13,PROV-13,SKU-207857,GROCERY I,300,8.15,2445,11,300,1,credito_15,0.78
2017-06-13,PROV-13,SKU-208514,GROCERY I,331,23.73,7854.63,10,292.07,0.8824,credito_15,6.96
2017-06-13,PROV-13,SKU-208659,GROCERY I,149,19.11,2847.39,11,149,1,credito_15,5.12
2017-06-13,PROV-13,SKU-208699,GROCERY I,153,6.33,968.49,6,153,1,credito_15,9.02
2017-06-13,PROV-13,SKU-210798,GROCERY I,281,22.64,6361.84,9,281,1,credito_15,9.54
2017-06-13,PROV-13,SKU-211203,GROCERY I,856,20.69,17710.64,9,787.6,0.9201,credito_15,8.7
2017-06-13,PROV-13,SKU-211205,GROCERY I,621,11.7,7265.7,7,587.72,0.9464,credito_15,11.59
2017-06-13,PROV-13,SKU-211206,GROCERY I,267,12.84,3428.28,6,233.49,0.8745,credito_15,4.3
2017-06-13,PROV-13,SKU-211999,GROCERY I,159,22,3498,11,159,1,credito_15,0.75
2017-06-13,PROV-13,SKU-212550,GROCERY I,153,11.44,1750.32,8,148.99,0.9738,credito_15,5.17
2017-06-13,PROV-13,SKU-212552,GROCERY I,227,17.57,3988.39,10,221.6,0.9762,credito_15,0.47
2017-06-13,PROV-13,SKU-213066,GROCERY I,335,21.09,7065.15,7,335,1,credito_15,7.3
2017-06-13,PROV-13,SKU-213652,GROCERY I,590,10.28,6065.2,12,559.21,0.9478,credito_15,1.62
2017-06-13,PROV-13,SKU-213653,GROCERY I,331,22.82,7553.42,8,312.23,0.9433,credito_15,7.03
2017-06-13,PROV-13,SKU-213788,GROCERY I,255,15.73,4011.15,6,231.24,0.9068,credito_15,11.41
2017-06-13,PROV-13,SKU-215303,GROCERY I,935,22.99,21495.65,9,935,1,credito_15,1.73
2017-06-13,PROV-13,SKU-215304,GROCERY I,111,20.98,2328.78,8,104.29,0.9395,credito_15,0.46
2017-06-13,PROV-13,SKU-215327,GROCERY I,625,4.39,2743.75,12,625,1,credito_15,11.74
2017-06-13,PROV-13,SKU-215331,GROCERY I,957,20.73,19838.61,6,916.45,0.9576,credito_15,0.29
2017-06-13,PROV-13,SKU-215332,GROCERY I,482,18.14,8743.48,9,482,1,credito_15,7.61
2017-06-13,PROV-13,SKU-215352,GROCERY I,1994,19.77,39421.38,6,1994,1,credito_15,0.19
2017-06-13,PROV-13,SKU-215356,GROCERY I,197,7.24,1426.28,6,187.01,0.9493,credito_15,3.19
2017-06-13,PROV-13,SKU-215896,GROCERY I,618,13.91,8596.38,9,578.61,0.9363,credito_15,7.71
2017-06-13,PROV-13,SKU-217827,GROCERY I,98,2.53,247.94,9,92.86,0.9476,credito_15,2.77
2017-06-13,PROV-13,SKU-220432,GROCERY I,433,17.17,7434.61,6,415.3,0.9591,credito_15,4.63
2017-06-13,PROV-13,SKU-220435,GROCERY I,1610,21.06,33906.6,8,1594.95,0.9907,credito_15,11.82
2017-06-13,PROV-13,SKU-222879,GROCERY I,1034,8.88,9181.92,10,944.2,0.9132,credito_15,2.65
2017-06-13,PROV-13,SKU-222975,GROCERY I,620,16.35,10137,12,546.9,0.8821,credito_15,1.16
2017-06-13,PROV-13,SKU-223068,GROCERY I,143,17.11,2446.73,8,143,1,credito_15,7.04
2017-06-13,PROV-13,SKU-223136,GROCERY I,576,15.36,8847.36,8,575.88,0.9998,credito_15,6.68
2017-06-13,PROV-13,SKU-223434,GROCERY I,420,11.22,4712.4,7,373.73,0.8898,credito_15,4.5
2017-06-13,PROV-13,SKU-223463,GROCERY I,169,15.36,2595.84,6,169,1,credito_15,1.2
2017-06-13,PROV-13,SKU-229368,GROCERY I,233,19.18,4468.94,11,233,1,credito_15,4.44
2017-06-13,PROV-13,SKU-253145,GROCERY I,123,5.87,722.01,10,112.61,0.9155,credito_15,10.33
2017-06-13,PROV-13,SKU-255161,GROCERY I,75,17.46,1309.5,11,74.41,0.9921,credito_15,11.28
2017-06-13,PROV-13,SKU-255198,GROCERY I,276,8.35,2304.6,6,260.81,0.945,credito_15,4.74
2017-06-13,PROV-13,SKU-255199,GROCERY I,380,20.85,7923,9,340.76,0.8967,credito_15,11.45
2017-06-13,PROV-13,SKU-255202,GROCERY I,54,8.12,438.48,8,54,1,credito_15,7.57
2017-06-13,PROV-13,SKU-258395,GROCERY I,114,7.79,888.06,11,113.26,0.9935,credito_15,4.92
2017-06-13,PROV-13,SKU-258396,GROCERY I,750,16.42,12315,7,716.13,0.9548,credito_15,0.78
2017-06-13,PROV-13,SKU-314384,GROCERY I,2444,4.03,9849.32,9,2444,1,credito_15,6.66
2017-06-13,PROV-13,SKU-364606,GROCERY I,2605,22.34,58195.7,12,2605,1,credito_15,3.71
2017-06-13,PROV-14,SKU-167437,GROCERY II,275,21.71,5970.25,5,244.7,0.8898,credito_30,10.63
2017-06-13,PROV-14,SKU-210520,GROCERY II,17,21.47,364.99,4,14.17,0.8335,credito_30,6.79
2017-06-13,PROV-18,SKU-250782,HOME APPLIANCES,52,22.99,1195.48,9,48.65,0.9356,contado,7.75
2017-06-13,PROV-22,SKU-115847,LINGERIE,36,24.3,874.8,10,32.27,0.8964,contado,3.39
2017-06-13,PROV-22,SKU-177050,LINGERIE,7,19.6,137.2,8,6.56,0.9371,contado,7.94
2017-06-13,PROV-22,SKU-215468,LINGERIE,39,5.11,199.29,6,37.32,0.9569,contado,7.72
2017-06-13,PROV-25,SKU-205209,MEATS,266.21,3.26,867.84,12,261.2,0.9812,credito_30,1.36
2017-06-13,PROV-25,SKU-584028,MEATS,1776.37,24.29,43148.03,10,1776.369995,1,credito_30,3.56
2017-06-13,PROV-26,SKU-114799,PERSONAL CARE,203,11.47,2328.41,5,171.99,0.8472,contado,10.15
2017-06-13,PROV-26,SKU-114800,PERSONAL CARE,235,21.01,4937.35,1,202.56,0.862,contado,0.3
2017-06-13,PROV-29,SKU-108831,POULTRY,464.99,13.2,6137.87,8,455.65,0.9799,credito_15,3.37
2017-06-13,PROV-29,SKU-159156,POULTRY,281.48,24.7,6952.56,6,233.23,0.8286,credito_15,11.37
2017-06-13,PROV-29,SKU-208539,POULTRY,120.15,9.37,1125.81,4,114.66,0.9543,credito_15,5.37
2017-06-13,PROV-31,SKU-1473410,PRODUCE,3375.03,20.04,67635.6,5,3060.61,0.9068,credito_30,7.81
2017-06-13,PROV-31,SKU-1473474,PRODUCE,8998.29,10.26,92322.46,9,8141.62,0.9048,credito_30,7.85
2017-06-13,PROV-31,SKU-1502392,PRODUCE,2995.48,5.27,15786.18,6,2750.52,0.9182,credito_30,7.28
2017-06-13,PROV-31,SKU-1503844,PRODUCE,10582.43,2.17,22963.87,8,9742.84,0.9207,credito_30,8.42
2017-06-13,PROV-31,SKU-1503847,PRODUCE,2770.51,8.42,23327.69,10,2508.29,0.9054,credito_30,7.56
2017-06-13,PROV-31,SKU-1584575,PRODUCE,3253,3.25,10572.25,8,2861.47,0.8796,credito_30,11.81
2017-06-13,PROV-31,SKU-1642399,PRODUCE,3669.42,24.92,91441.94,8,3057.35,0.8332,credito_30,6.89
2017-06-13,PROV-31,SKU-1686656,PRODUCE,2668,8.68,23158.24,10,2180.22,0.8172,credito_30,11.97
2017-06-13,PROV-31,SKU-1695835,PRODUCE,3104.06,5.86,18189.79,9,2957.17,0.9527,credito_30,8.88
2017-06-13,PROV-31,SKU-1751174,PRODUCE,2805.83,10.13,28423.06,4,2524.57,0.8998,credito_30,6.69
2017-06-13,PROV-31,SKU-1926217,PRODUCE,2918,6.14,17916.52,10,2510.27,0.8603,credito_30,5.65
2017-06-13,PROV-33,SKU-252698,SEAFOOD,213.73,7.5,1602.97,11,203.44,0.9519,contado,11.52
2017-06-20,PROV-01,SKU-121964,AUTOMOTIVE,17,3.38,57.46,6,17,1,contado,1.52
2017-06-20,PROV-01,SKU-172995,AUTOMOTIVE,64,6.73,430.72,11,62.2,0.9719,contado,5.33
2017-06-20,PROV-04,SKU-1047679,BEVERAGES,7229,22.41,162001.89,8,6962.87,0.9632,credito_15,10.65
2017-06-20,PROV-04,SKU-119624,BEVERAGES,712,2.86,2036.32,4,615.43,0.8644,credito_15,7.65
2017-06-20,PROV-04,SKU-1430040,BEVERAGES,2626,9.67,25393.42,8,2155,0.8206,credito_15,8.28
2017-06-20,PROV-04,SKU-1463992,BEVERAGES,9503,20.67,196427.01,8,8920.22,0.9387,credito_15,8.32
2017-06-20,PROV-04,SKU-1463993,BEVERAGES,7419,8.61,63877.59,6,6492.09,0.8751,credito_15,9.69
2017-06-20,PROV-04,SKU-165550,BEVERAGES,387,10.86,4202.82,8,338.22,0.874,credito_15,3.29
2017-06-20,PROV-04,SKU-165551,BEVERAGES,204,24.82,5063.28,8,183.93,0.9016,credito_15,5.98
2017-06-20,PROV-04,SKU-165553,BEVERAGES,165,2.93,483.45,5,153.29,0.929,credito_15,1.86
2017-06-20,PROV-04,SKU-174081,BEVERAGES,196,7.23,1417.08,3,188.26,0.9605,credito_15,8.87
2017-06-20,PROV-04,SKU-2006812,BEVERAGES,2751,19.22,52874.22,3,2572.39,0.9351,credito_15,5.04
2017-06-20,PROV-04,SKU-2042941,BEVERAGES,7599,10.12,76901.88,7,7208.37,0.9486,credito_15,10.03
2017-06-20,PROV-04,SKU-2042947,BEVERAGES,7301,17.61,128570.61,2,5584.64,0.7649,credito_15,3.19
2017-06-20,PROV-04,SKU-219147,BEVERAGES,404,16.82,6795.28,2,357.32,0.8845,credito_15,4.33
2017-06-20,PROV-04,SKU-219150,BEVERAGES,1485,1.52,2257.2,7,1359.6,0.9156,credito_15,7.8
2017-06-20,PROV-04,SKU-219152,BEVERAGES,235,23.63,5553.05,4,201.79,0.8587,credito_15,2.42
2017-06-20,PROV-04,SKU-257848,BEVERAGES,208,5.96,1239.68,6,198.83,0.9559,credito_15,0.96
2017-06-20,PROV-04,SKU-364738,BEVERAGES,2712,14.62,39649.44,6,2504.13,0.9234,credito_15,4
2017-06-20,PROV-04,SKU-819932,BEVERAGES,6166,20.65,127327.9,8,5288.61,0.8577,credito_15,6.63
2017-06-20,PROV-06,SKU-103665,BREAD/BAKERY,218,8.68,1892.24,5,210.28,0.9646,credito_15,1.27
2017-06-20,PROV-06,SKU-1333307,BREAD/BAKERY,1899,11.69,22199.31,6,1817.18,0.9569,credito_15,9.77
2017-06-20,PROV-06,SKU-153239,BREAD/BAKERY,277,9.2,2548.4,9,212.16,0.7659,credito_15,1.27
2017-06-20,PROV-06,SKU-153395,BREAD/BAKERY,132,14.3,1887.6,4,114.24,0.8655,credito_15,9.97
2017-06-20,PROV-06,SKU-153398,BREAD/BAKERY,141,10.58,1491.78,4,122.65,0.8699,credito_15,8.01
2017-06-20,PROV-06,SKU-165718,BREAD/BAKERY,450,8.98,4041,7,382.25,0.8494,credito_15,7.62
2017-06-20,PROV-06,SKU-215370,BREAD/BAKERY,337,19.96,6726.52,4,318.45,0.945,credito_15,8.45
2017-06-20,PROV-06,SKU-253103,BREAD/BAKERY,108,2.6,280.8,7,105.83,0.9799,credito_15,6.65
2017-06-20,PROV-08,SKU-103501,CLEANING,194,9.62,1866.28,6,174.29,0.8984,credito_15,8.69
2017-06-20,PROV-08,SKU-108786,CLEANING,466,4.58,2134.28,7,466,1,credito_15,3.46
2017-06-20,PROV-08,SKU-108952,CLEANING,170,10.81,1837.7,5,170,1,credito_15,6.92
2017-06-20,PROV-08,SKU-115267,CLEANING,235,1.77,415.95,6,235,1,credito_15,11.54
2017-06-20,PROV-08,SKU-116311,CLEANING,37,17.2,636.4,4,32.81,0.8868,credito_15,0.69
2017-06-20,PROV-08,SKU-119023,CLEANING,132,24.77,3269.64,4,112.33,0.851,credito_15,8.23
2017-06-20,PROV-08,SKU-119024,CLEANING,189,6.05,1143.45,4,189,1,credito_15,11.59
2017-06-20,PROV-08,SKU-119026,CLEANING,519,8.19,4250.61,5,442.8,0.8532,credito_15,2.94
2017-06-20,PROV-08,SKU-119187,CLEANING,144,13.85,1994.4,8,139.5,0.9688,credito_15,7.41
2017-06-20,PROV-08,SKU-119191,CLEANING,199,15.12,3008.88,4,199,1,credito_15,0.56
2017-06-20,PROV-08,SKU-119193,CLEANING,99,13.08,1294.92,9,97.33,0.9831,credito_15,7.88
2017-06-20,PROV-08,SKU-122425,CLEANING,81,8.09,655.29,4,81,1,credito_15,5.18
2017-06-20,PROV-08,SKU-153078,CLEANING,159,6.87,1092.33,10,150.16,0.9444,credito_15,3.4
2017-06-20,PROV-08,SKU-158788,CLEANING,282,22.36,6305.52,6,272.63,0.9668,credito_15,7.19
2017-06-20,PROV-08,SKU-158789,CLEANING,591,24.65,14568.15,9,550.89,0.9321,credito_15,4.87
2017-06-20,PROV-08,SKU-158956,CLEANING,385,24.55,9451.75,8,367.84,0.9554,credito_15,11.34
2017-06-20,PROV-08,SKU-159242,CLEANING,292,2.52,735.84,9,267.62,0.9165,credito_15,3.16
2017-06-20,PROV-08,SKU-164647,CLEANING,836,18.9,15800.4,4,744.41,0.8904,credito_15,5.65
2017-06-20,PROV-08,SKU-168927,CLEANING,532,6.22,3309.04,5,507.87,0.9546,credito_15,2.36
2017-06-20,PROV-08,SKU-168930,CLEANING,622,2.51,1561.22,9,553.59,0.89,credito_15,10.16
2017-06-20,PROV-08,SKU-168931,CLEANING,162,3.83,620.46,9,158.12,0.976,credito_15,3.65
2017-06-20,PROV-08,SKU-169101,CLEANING,72,9.59,690.48,5,72,1,credito_15,10.19
2017-06-20,PROV-08,SKU-169104,CLEANING,15,9.36,140.4,9,15,1,credito_15,4.31
2017-06-20,PROV-08,SKU-171890,CLEANING,134,10.02,1342.68,6,132.69,0.9902,credito_15,0.71
2017-06-20,PROV-08,SKU-176411,CLEANING,14,16.05,224.7,5,14,1,credito_15,10.1
2017-06-20,PROV-08,SKU-208498,CLEANING,151,19.45,2936.95,9,145.06,0.9607,credito_15,6.98
2017-06-20,PROV-08,SKU-209085,CLEANING,199,4.68,931.32,7,194.33,0.9765,credito_15,11.82
2017-06-20,PROV-08,SKU-214381,CLEANING,468,9.45,4422.6,9,418.44,0.8941,credito_15,8.83
2017-06-20,PROV-08,SKU-214859,CLEANING,287,22.21,6374.27,5,287,1,credito_15,3.39
2017-06-20,PROV-08,SKU-214860,CLEANING,451,16.03,7229.53,7,428.88,0.951,credito_15,9.67
2017-06-20,PROV-08,SKU-214862,CLEANING,226,4.59,1037.34,6,226,1,credito_15,10.81
2017-06-20,PROV-08,SKU-218726,CLEANING,64,13.04,834.56,6,62.21,0.972,credito_15,3.89
2017-06-20,PROV-08,SKU-218728,CLEANING,102,8.65,882.3,10,102,1,credito_15,9.61
2017-06-20,PROV-08,SKU-221506,CLEANING,223,13.87,3093.01,6,202.51,0.9081,credito_15,2.57
2017-06-20,PROV-08,SKU-224081,CLEANING,221,20.04,4428.84,5,213.82,0.9675,credito_15,1.26
2017-06-20,PROV-08,SKU-226126,CLEANING,272,22.27,6057.44,6,258.82,0.9515,credito_15,8.28
2017-06-20,PROV-08,SKU-252970,CLEANING,239,8.03,1919.17,9,216.61,0.9063,credito_15,1.41
2017-06-20,PROV-08,SKU-252972,CLEANING,238,4,952,7,220.54,0.9266,credito_15,8.15
2017-06-20,PROV-08,SKU-258376,CLEANING,658,12.72,8369.76,5,658,1,credito_15,9.61
2017-06-20,PROV-09,SKU-122095,DAIRY,155,6.17,956.35,8,138.34,0.8925,contado,4.2
2017-06-20,PROV-09,SKU-123347,DAIRY,251,16.24,4076.24,12,230.84,0.9197,contado,2.47
2017-06-20,PROV-09,SKU-129635,DAIRY,763,21.54,16435.02,8,754.67,0.9891,contado,4.3
2017-06-20,PROV-09,SKU-1427659,DAIRY,2873,20.77,59672.21,8,2873,1,contado,5.87
2017-06-20,PROV-09,SKU-158842,DAIRY,183,19.63,3592.29,9,173.87,0.9501,contado,7.14
2017-06-20,PROV-09,SKU-164088,DAIRY,276,6.09,1680.84,9,260.27,0.943,contado,0.61
2017-06-20,PROV-09,SKU-173113,DAIRY,111,13.89,1541.79,12,99.02,0.8921,contado,0.57
2017-06-20,PROV-09,SKU-179615,DAIRY,492,23.7,11660.4,9,453.67,0.9221,contado,11.16
2017-06-20,PROV-09,SKU-205486,DAIRY,165,22.33,3684.45,12,165,1,contado,8.22
2017-06-20,PROV-10,SKU-108696,DELI,285,14.5,4132.5,7,285,1,credito_15,6.85
2017-06-20,PROV-10,SKU-108698,DELI,198,4.36,863.28,7,180.83,0.9133,credito_15,0.37
2017-06-20,PROV-10,SKU-108701,DELI,181,8.18,1480.58,6,181,1,credito_15,1.35
2017-06-20,PROV-10,SKU-208426,DELI,130,18.13,2356.9,5,124.89,0.9607,credito_15,9.7
2017-06-20,PROV-10,SKU-220613,DELI,158,5.5,869,11,143.58,0.9087,credito_15,10.64
2017-06-20,PROV-11,SKU-108833,EGGS,103,13.17,1356.51,6,103,1,credito_30,9.82
2017-06-20,PROV-11,SKU-127547,EGGS,322,21.95,7067.9,7,322,1,credito_30,10.18
2017-06-20,PROV-11,SKU-158680,EGGS,327,15.57,5091.39,10,296.14,0.9056,credito_30,3.92
2017-06-20,PROV-11,SKU-208384,EGGS,1402,13.6,19067.2,7,1178.47,0.8406,credito_30,7.81
2017-06-20,PROV-11,SKU-208386,EGGS,366,17.06,6243.96,12,351.66,0.9608,credito_30,6.32
2017-06-20,PROV-11,SKU-227111,EGGS,279,15.75,4394.25,7,266.16,0.954,credito_30,5.65
2017-06-20,PROV-11,SKU-258268,EGGS,337,3.54,1192.98,11,315.61,0.9365,credito_30,0.73
2017-06-20,PROV-12,SKU-258411,FROZEN FOODS,230,20.23,4652.9,5,215.42,0.9366,credito_15,9.84
2017-06-20,PROV-13,SKU-103520,GROCERY I,146,24.61,3593.06,8,146,1,credito_15,4.19
2017-06-20,PROV-13,SKU-105574,GROCERY I,333,1.76,586.08,6,329.26,0.9888,credito_15,10.52
2017-06-20,PROV-13,SKU-105575,GROCERY I,729,20.25,14762.25,8,706.18,0.9687,credito_15,5.98
2017-06-20,PROV-13,SKU-105576,GROCERY I,527,13.13,6919.51,9,520.19,0.9871,credito_15,5.21
2017-06-20,PROV-13,SKU-105577,GROCERY I,94,8.29,779.26,8,85.87,0.9135,credito_15,10.66
2017-06-20,PROV-13,SKU-105693,GROCERY I,65,1.51,98.15,6,65,1,credito_15,5.73
2017-06-20,PROV-13,SKU-105737,GROCERY I,192,12.04,2311.68,6,186.78,0.9728,credito_15,7.51
2017-06-20,PROV-13,SKU-105857,GROCERY I,499,22.71,11332.29,11,499,1,credito_15,9.17
2017-06-20,PROV-13,SKU-106716,GROCERY I,358,16.92,6057.36,7,322.03,0.8995,credito_15,5.05
2017-06-20,PROV-13,SKU-108079,GROCERY I,138,24.15,3332.7,10,119.97,0.8693,credito_15,9.51
2017-06-20,PROV-13,SKU-108797,GROCERY I,374,23.15,8658.1,7,356.3,0.9527,credito_15,4.03
2017-06-20,PROV-13,SKU-108862,GROCERY I,75,17.93,1344.75,6,73.18,0.9757,credito_15,1.47
2017-06-20,PROV-13,SKU-111223,GROCERY I,840,17.97,15094.8,8,840,1,credito_15,4.17
2017-06-20,PROV-13,SKU-111397,GROCERY I,258,10.24,2641.92,11,237.92,0.9222,credito_15,2.23
2017-06-20,PROV-13,SKU-112830,GROCERY I,222,10.99,2439.78,7,212.74,0.9583,credito_15,1.42
2017-06-20,PROV-13,SKU-114790,GROCERY I,1073,24.29,26063.17,10,1053.03,0.9814,credito_15,6.65
2017-06-20,PROV-13,SKU-115611,GROCERY I,1579,22.31,35227.49,12,1579,1,credito_15,4.13
2017-06-20,PROV-13,SKU-115693,GROCERY I,317,23.46,7436.82,7,298.97,0.9431,credito_15,5.42
2017-06-20,PROV-13,SKU-115720,GROCERY I,365,21.56,7869.4,12,365,1,credito_15,0.01
2017-06-20,PROV-13,SKU-115850,GROCERY I,680,16.03,10900.4,11,680,1,credito_15,11.94
2017-06-20,PROV-13,SKU-115891,GROCERY I,338,15.3,5171.4,11,314.48,0.9304,credito_15,11.14
2017-06-20,PROV-13,SKU-115892,GROCERY I,1162,10.31,11980.22,10,1162,1,credito_15,1.29
2017-06-20,PROV-13,SKU-115893,GROCERY I,718,7.16,5140.88,8,643.93,0.8968,credito_15,5.62
2017-06-20,PROV-13,SKU-115894,GROCERY I,718,4.91,3525.38,10,684.36,0.9531,credito_15,4.29
2017-06-20,PROV-13,SKU-116017,GROCERY I,1124,5.48,6159.52,6,950.36,0.8455,credito_15,5.71
2017-06-20,PROV-13,SKU-116018,GROCERY I,479,9.79,4689.41,10,479,1,credito_15,2.31
2017-06-20,PROV-13,SKU-116279,GROCERY I,134,7.96,1066.64,6,126.04,0.9406,credito_15,11.83
2017-06-20,PROV-13,SKU-122419,GROCERY I,159,21.05,3346.95,10,148.76,0.9356,credito_15,0.79
2017-06-20,PROV-13,SKU-123601,GROCERY I,426,20.21,8609.46,6,369.15,0.8665,credito_15,10.66
2017-06-20,PROV-13,SKU-123602,GROCERY I,141,21.56,3039.96,6,141,1,credito_15,4.51
2017-06-20,PROV-13,SKU-123927,GROCERY I,38,12.89,489.82,10,35.75,0.9408,credito_15,1.78
2017-06-20,PROV-13,SKU-125430,GROCERY I,554,5.35,2963.9,7,488.43,0.8816,credito_15,11.1
2017-06-20,PROV-13,SKU-127534,GROCERY I,104,9.78,1017.12,9,97.5,0.9375,credito_15,1.96
2017-06-20,PROV-13,SKU-129296,GROCERY I,257,17.27,4438.39,8,241.77,0.9407,credito_15,5.98
2017-06-20,PROV-13,SKU-129297,GROCERY I,198,6.14,1215.72,12,184.44,0.9315,credito_15,0.68
2017-06-20,PROV-13,SKU-129759,GROCERY I,139,20.22,2810.58,8,132.7,0.9547,credito_15,9.17
2017-06-20,PROV-13,SKU-153267,GROCERY I,1209,14.59,17639.31,8,1195.97,0.9892,credito_15,4.1
2017-06-20,PROV-13,SKU-155499,GROCERY I,349,11.6,4048.4,7,339.11,0.9717,credito_15,7.31
2017-06-20,PROV-13,SKU-155500,GROCERY I,1131,5.43,6141.33,11,1030.51,0.9111,credito_15,1.26
2017-06-20,PROV-13,SKU-155600,GROCERY I,128,13.97,1788.16,10,101.34,0.7917,credito_15,11.42
2017-06-20,PROV-13,SKU-155601,GROCERY I,78,17.53,1367.34,7,73.28,0.9395,credito_15,9.96
2017-06-20,PROV-13,SKU-155607,GROCERY I,51,13.99,713.49,7,51,1,credito_15,2.31
2017-06-20,PROV-13,SKU-155610,GROCERY I,141,1.62,228.42,8,119.98,0.8509,credito_15,9.27
2017-06-20,PROV-13,SKU-155621,GROCERY I,132,15.2,2006.4,8,120.01,0.9092,credito_15,0.65
2017-06-20,PROV-13,SKU-155625,GROCERY I,144,20.43,2941.92,7,144,1,credito_15,7.65
2017-06-20,PROV-13,SKU-157956,GROCERY I,205,22.53,4618.65,7,158.22,0.7718,credito_15,9.68
2017-06-20,PROV-13,SKU-158875,GROCERY I,157,10.06,1579.42,8,157,1,credito_15,0.02
2017-06-20,PROV-13,SKU-162066,GROCERY I,530,22.92,12147.6,11,504.11,0.9512,credito_15,10.68
2017-06-20,PROV-13,SKU-164036,GROCERY I,344,10.4,3577.6,12,344,1,credito_15,11.11
2017-06-20,PROV-13,SKU-164037,GROCERY I,264,20.02,5285.28,8,233.95,0.8862,credito_15,8.62
2017-06-20,PROV-13,SKU-165594,GROCERY I,665,15.04,10001.6,11,577.44,0.8683,credito_15,5.83
2017-06-20,PROV-13,SKU-165693,GROCERY I,555,4.38,2430.9,10,519.43,0.9359,credito_15,0.75
2017-06-20,PROV-13,SKU-165704,GROCERY I,1168,24.86,29036.48,11,1163.5,0.9961,credito_15,8.69
2017-06-20,PROV-13,SKU-165705,GROCERY I,171,12.35,2111.85,8,161.39,0.9438,credito_15,9.51
2017-06-20,PROV-13,SKU-165727,GROCERY I,124,21.7,2690.8,9,115.4,0.9306,credito_15,4.98
2017-06-20,PROV-13,SKU-165988,GROCERY I,467,24.95,11651.65,12,416.42,0.8917,credito_15,9.69
2017-06-20,PROV-13,SKU-168989,GROCERY I,153,5.77,882.81,9,147.66,0.9651,credito_15,2.11
2017-06-20,PROV-13,SKU-169028,GROCERY I,166,3.63,602.58,8,157.37,0.948,credito_15,0.37
2017-06-20,PROV-13,SKU-170791,GROCERY I,905,7.87,7122.35,8,880.74,0.9732,credito_15,4.61
2017-06-20,PROV-13,SKU-172184,GROCERY I,357,15.9,5676.3,6,351.41,0.9843,credito_15,9.62
2017-06-20,PROV-13,SKU-172343,GROCERY I,315,22.32,7030.8,7,274.78,0.8723,credito_15,6.56
2017-06-20,PROV-13,SKU-173111,GROCERY I,370,18.85,6974.5,7,370,1,credito_15,11.89
2017-06-20,PROV-13,SKU-177395,GROCERY I,275,18.86,5186.5,7,274.5,0.9982,credito_15,5.91
2017-06-20,PROV-13,SKU-179274,GROCERY I,418,4.25,1776.5,6,386.6,0.9249,credito_15,3
2017-06-20,PROV-13,SKU-179564,GROCERY I,66,7.98,526.68,11,60.12,0.9109,credito_15,7.45
2017-06-20,PROV-13,SKU-179579,GROCERY I,110,16.68,1834.8,9,110,1,credito_15,11.68
2017-06-20,PROV-13,SKU-205381,GROCERY I,90,10.63,956.7,6,81.47,0.9052,credito_15,5.53
2017-06-20,PROV-13,SKU-205387,GROCERY I,350,24.72,8652,6,344.25,0.9836,credito_15,8.55
2017-06-20,PROV-13,SKU-205557,GROCERY I,113,8.19,925.47,8,96.21,0.8514,credito_15,8.16
2017-06-20,PROV-13,SKU-207857,GROCERY I,310,8.15,2526.5,11,306.25,0.9879,credito_15,0.78
2017-06-20,PROV-13,SKU-208514,GROCERY I,307,23.73,7285.11,12,285.12,0.9287,credito_15,6.96
2017-06-20,PROV-13,SKU-208659,GROCERY I,172,19.11,3286.92,8,147.18,0.8557,credito_15,5.12
2017-06-20,PROV-13,SKU-208699,GROCERY I,158,6.33,1000.14,12,158,1,credito_15,9.02
2017-06-20,PROV-13,SKU-210798,GROCERY I,285,22.64,6452.4,11,274.94,0.9647,credito_15,9.54
2017-06-20,PROV-13,SKU-211203,GROCERY I,896,20.69,18538.24,10,896,1,credito_15,8.7
2017-06-20,PROV-13,SKU-211205,GROCERY I,506,11.7,5920.2,12,506,1,credito_15,11.59
2017-06-20,PROV-13,SKU-211206,GROCERY I,591,12.84,7588.44,6,476.09,0.8056,credito_15,4.3
2017-06-20,PROV-13,SKU-211999,GROCERY I,128,22,2816,9,112.64,0.88,credito_15,0.75
2017-06-20,PROV-13,SKU-212550,GROCERY I,144,11.44,1647.36,7,137.11,0.9522,credito_15,5.17
2017-06-20,PROV-13,SKU-212552,GROCERY I,236,17.57,4146.52,6,218.49,0.9258,credito_15,0.47
2017-06-20,PROV-13,SKU-213066,GROCERY I,362,21.09,7634.58,8,310.48,0.8577,credito_15,7.3
2017-06-20,PROV-13,SKU-213652,GROCERY I,591,10.28,6075.48,9,523.54,0.8859,credito_15,1.62
2017-06-20,PROV-13,SKU-213653,GROCERY I,335,22.82,7644.7,7,313.4,0.9355,credito_15,7.03
2017-06-20,PROV-13,SKU-213788,GROCERY I,222,15.73,3492.06,9,193.72,0.8726,credito_15,11.41
2017-06-20,PROV-13,SKU-215303,GROCERY I,372,22.99,8552.28,6,350.36,0.9418,credito_15,1.73
2017-06-20,PROV-13,SKU-215304,GROCERY I,137,20.98,2874.26,7,118.13,0.8623,credito_15,0.46
2017-06-20,PROV-13,SKU-215327,GROCERY I,557,4.39,2445.23,11,524.55,0.9417,credito_15,11.74
2017-06-20,PROV-13,SKU-215331,GROCERY I,918,20.73,19030.14,8,787.23,0.8575,credito_15,0.29
2017-06-20,PROV-13,SKU-215332,GROCERY I,459,18.14,8326.26,6,432.58,0.9424,credito_15,7.61
2017-06-20,PROV-13,SKU-215352,GROCERY I,1837,19.77,36317.49,9,1712.3,0.9321,credito_15,0.19
2017-06-20,PROV-13,SKU-215356,GROCERY I,226,7.24,1636.24,9,223.74,0.99,credito_15,3.19
2017-06-20,PROV-13,SKU-215896,GROCERY I,601,13.91,8359.91,10,587.6,0.9777,credito_15,7.71
2017-06-20,PROV-13,SKU-217827,GROCERY I,32,2.53,80.96,12,28.87,0.9022,credito_15,2.77
2017-06-20,PROV-13,SKU-220432,GROCERY I,433,17.17,7434.61,8,388.52,0.8973,credito_15,4.63
2017-06-20,PROV-13,SKU-220435,GROCERY I,1700,21.06,35802,12,1660.57,0.9768,credito_15,11.82
2017-06-20,PROV-13,SKU-222879,GROCERY I,998,8.88,8862.24,12,998,1,credito_15,2.65
2017-06-20,PROV-13,SKU-222975,GROCERY I,651,16.35,10643.85,8,536.44,0.824,credito_15,1.16
2017-06-20,PROV-13,SKU-223068,GROCERY I,164,17.11,2806.04,8,147.28,0.898,credito_15,7.04
2017-06-20,PROV-13,SKU-223136,GROCERY I,374,15.36,5744.64,8,339.96,0.909,credito_15,6.68
2017-06-20,PROV-13,SKU-223434,GROCERY I,447,11.22,5015.34,7,404.63,0.9052,credito_15,4.5
2017-06-20,PROV-13,SKU-223463,GROCERY I,180,15.36,2764.8,11,180,1,credito_15,1.2
2017-06-20,PROV-13,SKU-229368,GROCERY I,190,19.18,3644.2,8,169.18,0.8904,credito_15,4.44
2017-06-20,PROV-13,SKU-253145,GROCERY I,124,5.87,727.88,8,124,1,credito_15,10.33
2017-06-20,PROV-13,SKU-255161,GROCERY I,76,17.46,1326.96,6,72.97,0.9601,credito_15,11.28
2017-06-20,PROV-13,SKU-255198,GROCERY I,279,8.35,2329.65,9,248.63,0.8911,credito_15,4.74
2017-06-20,PROV-13,SKU-255199,GROCERY I,464,20.85,9674.4,12,457.84,0.9867,credito_15,11.45
2017-06-20,PROV-13,SKU-255202,GROCERY I,301,8.12,2444.12,10,301,1,credito_15,7.57
2017-06-20,PROV-13,SKU-258395,GROCERY I,114,7.79,888.06,6,114,1,credito_15,4.92
2017-06-20,PROV-13,SKU-258396,GROCERY I,611,16.42,10032.62,9,520.56,0.852,credito_15,0.78
2017-06-20,PROV-13,SKU-314384,GROCERY I,2469,4.03,9950.07,10,2449.8,0.9922,credito_15,6.66
2017-06-20,PROV-13,SKU-364606,GROCERY I,2873,22.34,64182.82,12,2526.83,0.8795,credito_15,3.71
2017-06-20,PROV-14,SKU-167437,GROCERY II,221,21.71,4797.91,8,193.17,0.8741,credito_30,10.63
2017-06-20,PROV-14,SKU-210520,GROCERY II,20,21.47,429.4,5,18.33,0.9165,credito_30,6.79
2017-06-20,PROV-18,SKU-250782,HOME APPLIANCES,54,22.99,1241.46,8,53.34,0.9878,contado,7.75
2017-06-20,PROV-22,SKU-115847,LINGERIE,62,24.3,1506.6,7,58.19,0.9385,contado,3.39
2017-06-20,PROV-22,SKU-177050,LINGERIE,17,19.6,333.2,8,16.5,0.9706,contado,7.94
2017-06-20,PROV-22,SKU-215468,LINGERIE,32,5.11,163.52,6,28.78,0.8994,contado,7.72
2017-06-20,PROV-25,SKU-205209,MEATS,233.06,3.26,759.78,10,223.42,0.9586,credito_30,1.36
2017-06-20,PROV-25,SKU-584028,MEATS,2565.24,24.29,62309.68,10,2565.23999,1,credito_30,3.56
2017-06-20,PROV-26,SKU-114799,PERSONAL CARE,200,11.47,2294,4,178.94,0.8947,contado,10.15
2017-06-20,PROV-26,SKU-114800,PERSONAL CARE,186,21.01,3907.86,3,155.18,0.8343,contado,0.3
2017-06-20,PROV-29,SKU-108831,POULTRY,450.35,13.2,5944.62,3,356.59,0.7918,credito_15,3.37
2017-06-20,PROV-29,SKU-159156,POULTRY,338.71,24.7,8366.14,5,336.63,0.9939,credito_15,11.37
2017-06-20,PROV-29,SKU-208539,POULTRY,183.48,9.37,1719.21,2,168.83,0.9202,credito_15,5.37
2017-06-20,PROV-31,SKU-1473410,PRODUCE,3316.4,20.04,66460.65,8,3316.06,0.9999,credito_30,7.81
2017-06-20,PROV-31,SKU-1473474,PRODUCE,8604.01,10.26,88277.14,10,8604.009766,1,credito_30,7.85
2017-06-20,PROV-31,SKU-1502392,PRODUCE,3000.42,5.27,15812.21,9,2631.81,0.8771,credito_30,7.28
2017-06-20,PROV-31,SKU-1503844,PRODUCE,10992.13,2.17,23852.92,4,9487.31,0.8631,credito_30,8.42
2017-06-20,PROV-31,SKU-1503847,PRODUCE,2705.2,8.42,22777.78,9,2440.07,0.902,credito_30,7.56
2017-06-20,PROV-31,SKU-1584575,PRODUCE,3139,3.25,10201.75,9,2647.16,0.8433,credito_30,11.81
2017-06-20,PROV-31,SKU-1642399,PRODUCE,3176.27,24.92,79152.65,6,2969.11,0.9348,credito_30,6.89
2017-06-20,PROV-31,SKU-1686656,PRODUCE,2547,8.68,22107.96,7,2386.84,0.9371,credito_30,11.97
2017-06-20,PROV-31,SKU-1695835,PRODUCE,3211.4,5.86,18818.8,8,2834.5,0.8826,credito_30,8.88
2017-06-20,PROV-31,SKU-1751174,PRODUCE,2542.28,10.13,25753.3,7,2118.18,0.8332,credito_30,6.69
2017-06-20,PROV-31,SKU-1926217,PRODUCE,2864,6.14,17584.96,8,2390.24,0.8346,credito_30,5.65
2017-06-20,PROV-33,SKU-252698,SEAFOOD,237.15,7.5,1778.62,12,232.03,0.9784,contado,11.52
2017-06-27,PROV-01,SKU-121964,AUTOMOTIVE,21,3.38,70.98,8,19.58,0.9324,contado,1.52
2017-06-27,PROV-01,SKU-172995,AUTOMOTIVE,83,6.73,558.59,8,74.37,0.896,contado,5.33
2017-06-27,PROV-04,SKU-1047679,BEVERAGES,6252,22.41,140107.32,5,5423.17,0.8674,credito_15,10.65
2017-06-27,PROV-04,SKU-119624,BEVERAGES,867,2.86,2479.62,5,734.22,0.8469,credito_15,7.65
2017-06-27,PROV-04,SKU-1430040,BEVERAGES,2563,9.67,24784.21,3,2172.94,0.8478,credito_15,8.28
2017-06-27,PROV-04,SKU-1463992,BEVERAGES,10122,20.67,209221.74,4,9867.18,0.9748,credito_15,8.32
2017-06-27,PROV-04,SKU-1463993,BEVERAGES,7698,8.61,66279.78,3,7698,1,credito_15,9.69
2017-06-27,PROV-04,SKU-165550,BEVERAGES,457,10.86,4963.02,4,457,1,credito_15,3.29
2017-06-27,PROV-04,SKU-165551,BEVERAGES,117,24.82,2903.94,7,101.79,0.87,credito_15,5.98
2017-06-27,PROV-04,SKU-165553,BEVERAGES,180,2.93,527.4,5,176.34,0.9797,credito_15,1.86
2017-06-27,PROV-04,SKU-174081,BEVERAGES,175,7.23,1265.25,6,165.33,0.9447,credito_15,8.87
2017-06-27,PROV-04,SKU-2006812,BEVERAGES,4916,19.22,94485.52,8,3974.77,0.8085,credito_15,5.04
2017-06-27,PROV-04,SKU-2042941,BEVERAGES,8991,10.12,90988.92,5,8293.11,0.9224,credito_15,10.03
2017-06-27,PROV-04,SKU-2042947,BEVERAGES,7943,17.61,139876.23,6,7079.54,0.8913,credito_15,3.19
2017-06-27,PROV-04,SKU-219147,BEVERAGES,326,16.82,5483.32,8,291.17,0.8932,credito_15,4.33
2017-06-27,PROV-04,SKU-219150,BEVERAGES,1559,1.52,2369.68,4,1476.42,0.947,credito_15,7.8
2017-06-27,PROV-04,SKU-219152,BEVERAGES,297,23.63,7018.11,4,261.02,0.8789,credito_15,2.42
2017-06-27,PROV-04,SKU-257848,BEVERAGES,254,5.96,1513.84,8,212.53,0.8367,credito_15,0.96
2017-06-27,PROV-04,SKU-364738,BEVERAGES,2483,14.62,36301.46,2,2231.15,0.8986,credito_15,4
2017-06-27,PROV-04,SKU-819932,BEVERAGES,7506,20.65,154998.9,6,7255.95,0.9667,credito_15,6.63
2017-06-27,PROV-06,SKU-103665,BREAD/BAKERY,218,8.68,1892.24,9,185.93,0.8529,credito_15,1.27
2017-06-27,PROV-06,SKU-1333307,BREAD/BAKERY,1829,11.69,21381.01,9,1829,1,credito_15,9.77
2017-06-27,PROV-06,SKU-153239,BREAD/BAKERY,250,9.2,2300,9,247.52,0.9901,credito_15,1.27
2017-06-27,PROV-06,SKU-153395,BREAD/BAKERY,140,14.3,2002,6,125.87,0.8991,credito_15,9.97
2017-06-27,PROV-06,SKU-153398,BREAD/BAKERY,124,10.58,1311.92,9,119.13,0.9607,credito_15,8.01
2017-06-27,PROV-06,SKU-165718,BREAD/BAKERY,349,8.98,3134.02,7,299.11,0.857,credito_15,7.62
2017-06-27,PROV-06,SKU-215370,BREAD/BAKERY,395,19.96,7884.2,6,362.54,0.9178,credito_15,8.45
2017-06-27,PROV-06,SKU-253103,BREAD/BAKERY,96,2.6,249.6,6,85.07,0.8861,credito_15,6.65
2017-06-27,PROV-08,SKU-103501,CLEANING,247,9.62,2376.14,10,232.49,0.9413,credito_15,8.69
2017-06-27,PROV-08,SKU-108786,CLEANING,530,4.58,2427.4,9,505.32,0.9534,credito_15,3.46
2017-06-27,PROV-08,SKU-108952,CLEANING,186,10.81,2010.66,5,168.97,0.9084,credito_15,6.92
2017-06-27,PROV-08,SKU-115267,CLEANING,402,1.77,711.54,4,387.42,0.9637,credito_15,11.54
2017-06-27,PROV-08,SKU-116311,CLEANING,47,17.2,808.4,7,45.35,0.9649,credito_15,0.69
2017-06-27,PROV-08,SKU-119023,CLEANING,151,24.77,3740.27,7,139.5,0.9238,credito_15,8.23
2017-06-27,PROV-08,SKU-119024,CLEANING,250,6.05,1512.5,5,250,1,credito_15,11.59
2017-06-27,PROV-08,SKU-119026,CLEANING,594,8.19,4864.86,8,594,1,credito_15,2.94
2017-06-27,PROV-08,SKU-119187,CLEANING,147,13.85,2035.95,6,138.71,0.9436,credito_15,7.41
2017-06-27,PROV-08,SKU-119191,CLEANING,145,15.12,2192.4,4,133.79,0.9227,credito_15,0.56
2017-06-27,PROV-08,SKU-119193,CLEANING,113,13.08,1478.04,6,102.77,0.9095,credito_15,7.88
2017-06-27,PROV-08,SKU-122425,CLEANING,116,8.09,938.44,10,115.02,0.9916,credito_15,5.18
2017-06-27,PROV-08,SKU-153078,CLEANING,193,6.87,1325.91,8,193,1,credito_15,3.4
2017-06-27,PROV-08,SKU-158788,CLEANING,330,22.36,7378.8,9,308.21,0.934,credito_15,7.19
2017-06-27,PROV-08,SKU-158789,CLEANING,639,24.65,15751.35,10,570.59,0.8929,credito_15,4.87
2017-06-27,PROV-08,SKU-158956,CLEANING,323,24.55,7929.65,10,303.74,0.9404,credito_15,11.34
2017-06-27,PROV-08,SKU-159242,CLEANING,331,2.52,834.12,5,311.82,0.9421,credito_15,3.16
2017-06-27,PROV-08,SKU-164647,CLEANING,1083,18.9,20468.7,7,1083,1,credito_15,5.65
2017-06-27,PROV-08,SKU-168927,CLEANING,654,6.22,4067.88,10,619.18,0.9468,credito_15,2.36
2017-06-27,PROV-08,SKU-168930,CLEANING,657,2.51,1649.07,5,622.18,0.947,credito_15,10.16
2017-06-27,PROV-08,SKU-168931,CLEANING,279,3.83,1068.57,4,255.54,0.9159,credito_15,3.65
2017-06-27,PROV-08,SKU-169101,CLEANING,41,9.59,393.19,7,37.57,0.9163,credito_15,10.19
2017-06-27,PROV-08,SKU-169104,CLEANING,18,9.36,168.48,6,17.91,0.995,credito_15,4.31
2017-06-27,PROV-08,SKU-171890,CLEANING,131,10.02,1312.62,4,122.73,0.9369,credito_15,0.71
2017-06-27,PROV-08,SKU-176411,CLEANING,20,16.05,321,4,19.25,0.9625,credito_15,10.1
2017-06-27,PROV-08,SKU-208498,CLEANING,184,19.45,3578.8,10,184,1,credito_15,6.98
2017-06-27,PROV-08,SKU-209085,CLEANING,254,4.68,1188.72,9,243.16,0.9573,credito_15,11.82
2017-06-27,PROV-08,SKU-214381,CLEANING,546,9.45,5159.7,8,541.72,0.9922,credito_15,8.83
2017-06-27,PROV-08,SKU-214859,CLEANING,433,22.21,9616.93,7,422.19,0.975,credito_15,3.39
2017-06-27,PROV-08,SKU-214860,CLEANING,466,16.03,7469.98,8,426.76,0.9158,credito_15,9.67
2017-06-27,PROV-08,SKU-214862,CLEANING,306,4.59,1404.54,4,306,1,credito_15,10.81
2017-06-27,PROV-08,SKU-218726,CLEANING,83,13.04,1082.32,6,83,1,credito_15,3.89
2017-06-27,PROV-08,SKU-218728,CLEANING,132,8.65,1141.8,7,126.88,0.9612,credito_15,9.61
2017-06-27,PROV-08,SKU-221506,CLEANING,276,13.87,3828.12,6,276,1,credito_15,2.57
2017-06-27,PROV-08,SKU-224081,CLEANING,207,20.04,4148.28,5,189.33,0.9146,credito_15,1.26
2017-06-27,PROV-08,SKU-226126,CLEANING,330,22.27,7349.1,7,321.38,0.9739,credito_15,8.28
2017-06-27,PROV-08,SKU-252970,CLEANING,331,8.03,2657.93,9,322.67,0.9748,credito_15,1.41
2017-06-27,PROV-08,SKU-252972,CLEANING,307,4,1228,4,291.03,0.948,credito_15,8.15
2017-06-27,PROV-08,SKU-258376,CLEANING,810,12.72,10303.2,10,810,1,credito_15,9.61
2017-06-27,PROV-09,SKU-122095,DAIRY,294,6.17,1813.98,9,266.62,0.9069,contado,4.2
2017-06-27,PROV-09,SKU-123347,DAIRY,272,16.24,4417.28,6,248.87,0.915,contado,2.47
2017-06-27,PROV-09,SKU-129635,DAIRY,814,21.54,17533.56,11,782.03,0.9607,contado,4.3
2017-06-27,PROV-09,SKU-1427659,DAIRY,2991,20.77,62123.07,12,2858.25,0.9556,contado,5.87
2017-06-27,PROV-09,SKU-158842,DAIRY,218,19.63,4279.34,10,203.26,0.9324,contado,7.14
2017-06-27,PROV-09,SKU-164088,DAIRY,297,6.09,1808.73,11,271.75,0.915,contado,0.61
2017-06-27,PROV-09,SKU-173113,DAIRY,131,13.89,1819.59,9,127.39,0.9724,contado,0.57
2017-06-27,PROV-09,SKU-179615,DAIRY,503,23.7,11921.1,10,452.63,0.8999,contado,11.16
2017-06-27,PROV-09,SKU-205486,DAIRY,146,22.33,3260.18,7,143.88,0.9855,contado,8.22
2017-06-27,PROV-10,SKU-108696,DELI,341,14.5,4944.5,8,341,1,credito_15,6.85
2017-06-27,PROV-10,SKU-108698,DELI,234,4.36,1020.24,11,234,1,credito_15,0.37
2017-06-27,PROV-10,SKU-108701,DELI,228,8.18,1865.04,8,203.4,0.8921,credito_15,1.35
2017-06-27,PROV-10,SKU-208426,DELI,170,18.13,3082.1,9,168.37,0.9904,credito_15,9.7
2017-06-27,PROV-10,SKU-220613,DELI,151,5.5,830.5,9,136.27,0.9025,credito_15,10.64
2017-06-27,PROV-11,SKU-108833,EGGS,145,13.17,1909.65,10,122.66,0.8459,credito_30,9.82
2017-06-27,PROV-11,SKU-127547,EGGS,236,21.95,5180.2,6,190.55,0.8074,credito_30,10.18
2017-06-27,PROV-11,SKU-158680,EGGS,352,15.57,5480.64,10,308.34,0.876,credito_30,3.92
2017-06-27,PROV-11,SKU-208384,EGGS,1039,13.6,14130.4,8,1016.3,0.9782,credito_30,7.81
2017-06-27,PROV-11,SKU-208386,EGGS,402,17.06,6858.12,11,373.22,0.9284,credito_30,6.32
2017-06-27,PROV-11,SKU-227111,EGGS,270,15.75,4252.5,12,246.57,0.9132,credito_30,5.65
2017-06-27,PROV-11,SKU-258268,EGGS,410,3.54,1451.4,9,375.78,0.9165,credito_30,0.73
2017-06-27,PROV-12,SKU-258411,FROZEN FOODS,232,20.23,4693.36,3,221.57,0.955,credito_15,9.84
2017-06-27,PROV-13,SKU-103520,GROCERY I,187,24.61,4602.07,6,172.05,0.9201,credito_15,4.19
2017-06-27,PROV-13,SKU-105574,GROCERY I,385,1.76,677.6,9,367.76,0.9552,credito_15,10.52
2017-06-27,PROV-13,SKU-105575,GROCERY I,833,20.25,16868.25,7,830.46,0.997,credito_15,5.98
2017-06-27,PROV-13,SKU-105576,GROCERY I,712,13.13,9348.56,6,640.76,0.8999,credito_15,5.21
2017-06-27,PROV-13,SKU-105577,GROCERY I,121,8.29,1003.09,8,113.18,0.9354,credito_15,10.66
2017-06-27,PROV-13,SKU-105693,GROCERY I,97,1.51,146.47,7,86.49,0.8916,credito_15,5.73
2017-06-27,PROV-13,SKU-105737,GROCERY I,222,12.04,2672.88,11,222,1,credito_15,7.51
2017-06-27,PROV-13,SKU-105857,GROCERY I,570,22.71,12944.7,8,526.37,0.9235,credito_15,9.17
2017-06-27,PROV-13,SKU-106716,GROCERY I,440,16.92,7444.8,7,378.74,0.8608,credito_15,5.05
2017-06-27,PROV-13,SKU-108079,GROCERY I,186,24.15,4491.9,12,166.41,0.8947,credito_15,9.51
2017-06-27,PROV-13,SKU-108797,GROCERY I,463,23.15,10718.45,11,440.6,0.9516,credito_15,4.03
2017-06-27,PROV-13,SKU-108862,GROCERY I,66,17.93,1183.38,8,62.83,0.952,credito_15,1.47
2017-06-27,PROV-13,SKU-111223,GROCERY I,1022,17.97,18365.34,11,1022,1,credito_15,4.17
2017-06-27,PROV-13,SKU-111397,GROCERY I,261,10.24,2672.64,11,251.3,0.9628,credito_15,2.23
2017-06-27,PROV-13,SKU-112830,GROCERY I,342,10.99,3758.58,9,327.15,0.9566,credito_15,1.42
2017-06-27,PROV-13,SKU-114790,GROCERY I,1274,24.29,30945.46,10,1274,1,credito_15,6.65
2017-06-27,PROV-13,SKU-115611,GROCERY I,1477,22.31,32951.87,11,1308.81,0.8861,credito_15,4.13
2017-06-27,PROV-13,SKU-115693,GROCERY I,322,23.46,7554.12,6,315.61,0.9802,credito_15,5.42
2017-06-27,PROV-13,SKU-115720,GROCERY I,436,21.56,9400.16,6,419.71,0.9626,credito_15,0.01
2017-06-27,PROV-13,SKU-115850,GROCERY I,906,16.03,14523.18,8,881.48,0.9729,credito_15,11.94
2017-06-27,PROV-13,SKU-115891,GROCERY I,364,15.3,5569.2,8,355.41,0.9764,credito_15,11.14
2017-06-27,PROV-13,SKU-115892,GROCERY I,745,10.31,7680.95,12,732.74,0.9835,credito_15,1.29
2017-06-27,PROV-13,SKU-115893,GROCERY I,536,7.16,3837.76,10,436.33,0.814,credito_15,5.62
2017-06-27,PROV-13,SKU-115894,GROCERY I,791,4.91,3883.81,9,744.61,0.9414,credito_15,4.29
2017-06-27,PROV-13,SKU-116017,GROCERY I,1422,5.48,7792.56,12,1254.53,0.8822,credito_15,5.71
2017-06-27,PROV-13,SKU-116018,GROCERY I,500,9.79,4895,6,480.47,0.9609,credito_15,2.31
2017-06-27,PROV-13,SKU-116279,GROCERY I,205,7.96,1631.8,7,203.23,0.9914,credito_15,11.83
2017-06-27,PROV-13,SKU-122419,GROCERY I,271,21.05,5704.55,7,271,1,credito_15,0.79
2017-06-27,PROV-13,SKU-123601,GROCERY I,535,20.21,10812.35,6,528.3,0.9875,credito_15,10.66
2017-06-27,PROV-13,SKU-123602,GROCERY I,160,21.56,3449.6,12,148.99,0.9312,credito_15,4.51
2017-06-27,PROV-13,SKU-123927,GROCERY I,63,12.89,812.07,10,57.31,0.9097,credito_15,1.78
2017-06-27,PROV-13,SKU-125430,GROCERY I,544,5.35,2910.4,9,538.47,0.9898,credito_15,11.1
2017-06-27,PROV-13,SKU-127534,GROCERY I,140,9.78,1369.2,10,137.72,0.9837,credito_15,1.96
2017-06-27,PROV-13,SKU-129296,GROCERY I,394,17.27,6804.38,7,357.13,0.9064,credito_15,5.98
2017-06-27,PROV-13,SKU-129297,GROCERY I,253,6.14,1553.42,9,223.37,0.8829,credito_15,0.68
2017-06-27,PROV-13,SKU-129759,GROCERY I,172,20.22,3477.84,11,172,1,credito_15,9.17
2017-06-27,PROV-13,SKU-153267,GROCERY I,1682,14.59,24540.38,7,1628.05,0.9679,credito_15,4.1
2017-06-27,PROV-13,SKU-155499,GROCERY I,448,11.6,5196.8,9,445.1,0.9935,credito_15,7.31
2017-06-27,PROV-13,SKU-155500,GROCERY I,1345,5.43,7303.35,6,1328.02,0.9874,credito_15,1.26
2017-06-27,PROV-13,SKU-155600,GROCERY I,163,13.97,2277.11,8,135.65,0.8322,credito_15,11.42
2017-06-27,PROV-13,SKU-155601,GROCERY I,102,17.53,1788.06,9,93.88,0.9204,credito_15,9.96
2017-06-27,PROV-13,SKU-155607,GROCERY I,84,13.99,1175.16,8,71.55,0.8518,credito_15,2.31
2017-06-27,PROV-13,SKU-155610,GROCERY I,177,1.62,286.74,6,168.36,0.9512,credito_15,9.27
2017-06-27,PROV-13,SKU-155621,GROCERY I,127,15.2,1930.4,10,121.23,0.9546,credito_15,0.65
2017-06-27,PROV-13,SKU-155625,GROCERY I,110,20.43,2247.3,10,101.35,0.9214,credito_15,7.65
2017-06-27,PROV-13,SKU-157956,GROCERY I,201,22.53,4528.53,7,201,1,credito_15,9.68
2017-06-27,PROV-13,SKU-158875,GROCERY I,153,10.06,1539.18,7,146.11,0.955,credito_15,0.02
2017-06-27,PROV-13,SKU-162066,GROCERY I,560,22.92,12835.2,12,508.19,0.9075,credito_15,10.68
2017-06-27,PROV-13,SKU-164036,GROCERY I,374,10.4,3889.6,10,364.52,0.9747,credito_15,11.11
2017-06-27,PROV-13,SKU-164037,GROCERY I,285,20.02,5705.7,8,267.58,0.9389,credito_15,8.62
2017-06-27,PROV-13,SKU-165594,GROCERY I,670,15.04,10076.8,6,587,0.8761,credito_15,5.83
2017-06-27,PROV-13,SKU-165693,GROCERY I,637,4.38,2790.06,8,615.07,0.9656,credito_15,0.75
2017-06-27,PROV-13,SKU-165704,GROCERY I,1681,24.86,41789.66,9,1658.85,0.9868,credito_15,8.69
2017-06-27,PROV-13,SKU-165705,GROCERY I,131,12.35,1617.85,8,131,1,credito_15,9.51
2017-06-27,PROV-13,SKU-165727,GROCERY I,172,21.7,3732.4,8,172,1,credito_15,4.98
2017-06-27,PROV-13,SKU-165988,GROCERY I,661,24.95,16491.95,11,661,1,credito_15,9.69
2017-06-27,PROV-13,SKU-168989,GROCERY I,142,5.77,819.34,6,142,1,credito_15,2.11
2017-06-27,PROV-13,SKU-169028,GROCERY I,181,3.63,657.03,12,163.67,0.9043,credito_15,0.37
2017-06-27,PROV-13,SKU-170791,GROCERY I,607,7.87,4777.09,11,600.45,0.9892,credito_15,4.61
2017-06-27,PROV-13,SKU-172184,GROCERY I,337,15.9,5358.3,12,316.29,0.9385,credito_15,9.62
2017-06-27,PROV-13,SKU-172343,GROCERY I,445,22.32,9932.4,9,445,1,credito_15,6.56
2017-06-27,PROV-13,SKU-173111,GROCERY I,516,18.85,9726.6,10,448.94,0.87,credito_15,11.89
2017-06-27,PROV-13,SKU-177395,GROCERY I,369,18.86,6959.34,6,355.79,0.9642,credito_15,5.91
2017-06-27,PROV-13,SKU-179274,GROCERY I,469,4.25,1993.25,12,443.06,0.9447,credito_15,3
2017-06-27,PROV-13,SKU-179564,GROCERY I,61,7.98,486.78,7,54.89,0.8998,credito_15,7.45
2017-06-27,PROV-13,SKU-179579,GROCERY I,131,16.68,2185.08,11,120.15,0.9172,credito_15,11.68
2017-06-27,PROV-13,SKU-205381,GROCERY I,79,10.63,839.77,11,70.49,0.8923,credito_15,5.53
2017-06-27,PROV-13,SKU-205387,GROCERY I,424,24.72,10481.28,10,406.44,0.9586,credito_15,8.55
2017-06-27,PROV-13,SKU-205557,GROCERY I,136,8.19,1113.84,7,124.39,0.9146,credito_15,8.16
2017-06-27,PROV-13,SKU-207857,GROCERY I,324,8.15,2640.6,6,282.97,0.8734,credito_15,0.78
2017-06-27,PROV-13,SKU-208514,GROCERY I,378,23.73,8969.94,7,352.97,0.9338,credito_15,6.96
2017-06-27,PROV-13,SKU-208659,GROCERY I,137,19.11,2618.07,6,137,1,credito_15,5.12
2017-06-27,PROV-13,SKU-208699,GROCERY I,150,6.33,949.5,11,138.37,0.9225,credito_15,9.02
2017-06-27,PROV-13,SKU-210798,GROCERY I,242,22.64,5478.88,6,216.98,0.8966,credito_15,9.54
2017-06-27,PROV-13,SKU-211203,GROCERY I,926,20.69,19158.94,12,906.32,0.9787,credito_15,8.7
2017-06-27,PROV-13,SKU-211205,GROCERY I,522,11.7,6107.4,12,482.55,0.9244,credito_15,11.59
2017-06-27,PROV-13,SKU-211206,GROCERY I,855,12.84,10978.2,8,812.55,0.9504,credito_15,4.3
2017-06-27,PROV-13,SKU-211999,GROCERY I,193,22,4246,12,189.49,0.9818,credito_15,0.75
2017-06-27,PROV-13,SKU-212550,GROCERY I,135,11.44,1544.4,12,122.36,0.9064,credito_15,5.17
2017-06-27,PROV-13,SKU-212552,GROCERY I,264,17.57,4638.48,11,263.08,0.9965,credito_15,0.47
2017-06-27,PROV-13,SKU-213066,GROCERY I,366,21.09,7718.94,9,353.94,0.967,credito_15,7.3
2017-06-27,PROV-13,SKU-213652,GROCERY I,559,10.28,5746.52,8,547.37,0.9792,credito_15,1.62
2017-06-27,PROV-13,SKU-213653,GROCERY I,304,22.82,6937.28,10,254.12,0.8359,credito_15,7.03
2017-06-27,PROV-13,SKU-213788,GROCERY I,301,15.73,4734.73,12,301,1,credito_15,11.41
2017-06-27,PROV-13,SKU-215303,GROCERY I,268,22.99,6161.32,9,245.16,0.9148,credito_15,1.73
2017-06-27,PROV-13,SKU-215304,GROCERY I,217,20.98,4552.66,9,190.26,0.8768,credito_15,0.46
2017-06-27,PROV-13,SKU-215327,GROCERY I,588,4.39,2581.32,8,560.21,0.9527,credito_15,11.74
2017-06-27,PROV-13,SKU-215331,GROCERY I,1120,20.73,23217.6,10,1120,1,credito_15,0.29
2017-06-27,PROV-13,SKU-215332,GROCERY I,519,18.14,9414.66,12,466.85,0.8995,credito_15,7.61
2017-06-27,PROV-13,SKU-215352,GROCERY I,1341,19.77,26511.57,7,1341,1,credito_15,0.19
2017-06-27,PROV-13,SKU-215356,GROCERY I,185,7.24,1339.4,6,185,1,credito_15,3.19
2017-06-27,PROV-13,SKU-215896,GROCERY I,680,13.91,9458.8,7,680,1,credito_15,7.71
2017-06-27,PROV-13,SKU-217827,GROCERY I,100,2.53,253,7,82.45,0.8245,credito_15,2.77
2017-06-27,PROV-13,SKU-220432,GROCERY I,604,17.17,10370.68,10,587.84,0.9732,credito_15,4.63
2017-06-27,PROV-13,SKU-220435,GROCERY I,2113,21.06,44499.78,9,2027.59,0.9596,credito_15,11.82
2017-06-27,PROV-13,SKU-222879,GROCERY I,1120,8.88,9945.6,11,1034.9,0.924,credito_15,2.65
2017-06-27,PROV-13,SKU-222975,GROCERY I,723,16.35,11821.05,10,723,1,credito_15,1.16
2017-06-27,PROV-13,SKU-223068,GROCERY I,164,17.11,2806.04,10,156.85,0.9564,credito_15,7.04
2017-06-27,PROV-13,SKU-223136,GROCERY I,331,15.36,5084.16,9,316.58,0.9564,credito_15,6.68
2017-06-27,PROV-13,SKU-223434,GROCERY I,484,11.22,5430.48,11,484,1,credito_15,4.5
2017-06-27,PROV-13,SKU-223463,GROCERY I,158,15.36,2426.88,11,158,1,credito_15,1.2
2017-06-27,PROV-13,SKU-229368,GROCERY I,193,19.18,3701.74,9,179,0.9275,credito_15,4.44
2017-06-27,PROV-13,SKU-253145,GROCERY I,176,5.87,1033.12,11,163.95,0.9315,credito_15,10.33
2017-06-27,PROV-13,SKU-255161,GROCERY I,120,17.46,2095.2,10,116.5,0.9708,credito_15,11.28
2017-06-27,PROV-13,SKU-255198,GROCERY I,325,8.35,2713.75,10,320.37,0.9858,credito_15,4.74
2017-06-27,PROV-13,SKU-255199,GROCERY I,598,20.85,12468.3,9,550.63,0.9208,credito_15,11.45
2017-06-27,PROV-13,SKU-255202,GROCERY I,329,8.12,2671.48,8,329,1,credito_15,7.57
2017-06-27,PROV-13,SKU-258395,GROCERY I,124,7.79,965.96,10,110.42,0.8905,credito_15,4.92
2017-06-27,PROV-13,SKU-258396,GROCERY I,683,16.42,11214.86,6,621.61,0.9101,credito_15,0.78
2017-06-27,PROV-13,SKU-314384,GROCERY I,2843,4.03,11457.29,8,2843,1,credito_15,6.66
2017-06-27,PROV-13,SKU-364606,GROCERY I,3184,22.34,71130.56,7,3184,1,credito_15,3.71
2017-06-27,PROV-14,SKU-167437,GROCERY II,310,21.71,6730.1,8,249.53,0.8049,credito_30,10.63
2017-06-27,PROV-14,SKU-210520,GROCERY II,13,21.47,279.11,8,13,1,credito_30,6.79
2017-06-27,PROV-18,SKU-250782,HOME APPLIANCES,43,22.99,988.57,10,35.58,0.8274,contado,7.75
2017-06-27,PROV-22,SKU-115847,LINGERIE,42,24.3,1020.6,8,42,1,contado,3.39
2017-06-27,PROV-22,SKU-177050,LINGERIE,23,19.6,450.8,9,18.63,0.81,contado,7.94
2017-06-27,PROV-22,SKU-215468,LINGERIE,87,5.11,444.57,10,79.9,0.9184,contado,7.72
2017-06-27,PROV-25,SKU-205209,MEATS,282.64,3.26,921.41,12,266.12,0.9416,credito_30,1.36
2017-06-27,PROV-25,SKU-584028,MEATS,2121.03,24.29,51519.82,7,1982.54,0.9347,credito_30,3.56
2017-06-27,PROV-26,SKU-114799,PERSONAL CARE,238,11.47,2729.86,3,210.2,0.8832,contado,10.15
2017-06-27,PROV-26,SKU-114800,PERSONAL CARE,210,21.01,4412.1,2,207.07,0.986,contado,0.3
2017-06-27,PROV-29,SKU-108831,POULTRY,435.82,13.2,5752.82,6,406.14,0.9319,credito_15,3.37
2017-06-27,PROV-29,SKU-159156,POULTRY,254.96,24.7,6297.51,2,232.5,0.9119,credito_15,11.37
2017-06-27,PROV-29,SKU-208539,POULTRY,208.32,9.37,1951.96,4,169.95,0.8158,credito_15,5.37
2017-06-27,PROV-31,SKU-1473410,PRODUCE,3527.44,20.04,70689.9,9,2975.2,0.8434,credito_30,7.81
2017-06-27,PROV-31,SKU-1473474,PRODUCE,9576.28,10.26,98252.64,5,7784.98,0.8129,credito_30,7.85
2017-06-27,PROV-31,SKU-1502392,PRODUCE,3116.41,5.27,16423.48,9,2741.32,0.8796,credito_30,7.28
2017-06-27,PROV-31,SKU-1503844,PRODUCE,11131.82,2.17,24156.05,9,9761.34,0.8769,credito_30,8.42
2017-06-27,PROV-31,SKU-1503847,PRODUCE,2861.92,8.42,24097.37,8,2183.35,0.7629,credito_30,7.56
2017-06-27,PROV-31,SKU-1584575,PRODUCE,2856,3.25,9282,7,2526.27,0.8845,credito_30,11.81
2017-06-27,PROV-31,SKU-1642399,PRODUCE,3643.44,24.92,90794.52,7,3058.36,0.8394,credito_30,6.89
2017-06-27,PROV-31,SKU-1686656,PRODUCE,2978,8.68,25849.04,4,2496.4,0.8383,credito_30,11.97
2017-06-27,PROV-31,SKU-1695835,PRODUCE,3626.11,5.86,21249.01,9,3097.13,0.8541,credito_30,8.88
2017-06-27,PROV-31,SKU-1751174,PRODUCE,2519.86,10.13,25526.18,9,2037.83,0.8087,credito_30,6.69
2017-06-27,PROV-31,SKU-1926217,PRODUCE,3008,6.14,18469.12,7,2888.58,0.9603,credito_30,5.65
2017-06-27,PROV-33,SKU-252698,SEAFOOD,229.24,7.5,1719.3,8,213.85,0.9329,contado,11.52
2017-07-04,PROV-01,SKU-121964,AUTOMOTIVE,19,3.38,64.22,6,18.53,0.9753,contado,1.52
2017-07-04,PROV-01,SKU-172995,AUTOMOTIVE,71,6.73,477.83,6,67.72,0.9538,contado,5.33
2017-07-04,PROV-04,SKU-1047679,BEVERAGES,6357,22.41,142460.37,4,5760.97,0.9062,credito_15,10.65
2017-07-04,PROV-04,SKU-119624,BEVERAGES,824,2.86,2356.64,2,745.8,0.9051,credito_15,7.65
2017-07-04,PROV-04,SKU-1430040,BEVERAGES,2049,9.67,19813.83,2,1882.82,0.9189,credito_15,8.28
2017-07-04,PROV-04,SKU-1463992,BEVERAGES,9571,20.67,197832.57,8,8572.46,0.8957,credito_15,8.32
2017-07-04,PROV-04,SKU-1463993,BEVERAGES,6659,8.61,57333.99,4,6039.75,0.907,credito_15,9.69
2017-07-04,PROV-04,SKU-165550,BEVERAGES,373,10.86,4050.78,3,330.26,0.8854,credito_15,3.29
2017-07-04,PROV-04,SKU-165551,BEVERAGES,116,24.82,2879.12,7,89.03,0.7675,credito_15,5.98
2017-07-04,PROV-04,SKU-165553,BEVERAGES,185,2.93,542.05,5,161.53,0.8731,credito_15,1.86
2017-07-04,PROV-04,SKU-174081,BEVERAGES,209,7.23,1511.07,2,209,1,credito_15,8.87
2017-07-04,PROV-04,SKU-2006812,BEVERAGES,5291,19.22,101693.02,4,4870.44,0.9205,credito_15,5.04
2017-07-04,PROV-04,SKU-2042941,BEVERAGES,8487,10.12,85888.44,2,7844.93,0.9243,credito_15,10.03
2017-07-04,PROV-04,SKU-2042947,BEVERAGES,7366,17.61,129715.26,3,6746.95,0.916,credito_15,3.19
2017-07-04,PROV-04,SKU-219147,BEVERAGES,307,16.82,5163.74,6,289.04,0.9415,credito_15,4.33
2017-07-04,PROV-04,SKU-219150,BEVERAGES,769,1.52,1168.88,2,753.93,0.9804,credito_15,7.8
2017-07-04,PROV-04,SKU-219152,BEVERAGES,283,23.63,6687.29,4,255.94,0.9044,credito_15,2.42
2017-07-04,PROV-04,SKU-257848,BEVERAGES,215,5.96,1281.4,2,192.51,0.8954,credito_15,0.96
2017-07-04,PROV-04,SKU-364738,BEVERAGES,2111,14.62,30862.82,5,1803.28,0.8542,credito_15,4
2017-07-04,PROV-04,SKU-819932,BEVERAGES,6798,20.65,140378.7,2,6450.9,0.9489,credito_15,6.63
2017-07-04,PROV-06,SKU-103665,BREAD/BAKERY,234,8.68,2031.12,8,225.82,0.965,credito_15,1.27
2017-07-04,PROV-06,SKU-1333307,BREAD/BAKERY,1958,11.69,22889.02,4,1435.15,0.733,credito_15,9.77
2017-07-04,PROV-06,SKU-153239,BREAD/BAKERY,245,9.2,2254,10,230.69,0.9416,credito_15,1.27
2017-07-04,PROV-06,SKU-153395,BREAD/BAKERY,141,14.3,2016.3,6,137.59,0.9758,credito_15,9.97
2017-07-04,PROV-06,SKU-153398,BREAD/BAKERY,101,10.58,1068.58,9,94.22,0.9329,credito_15,8.01
2017-07-04,PROV-06,SKU-165718,BREAD/BAKERY,299,8.98,2685.02,10,267.01,0.893,credito_15,7.62
2017-07-04,PROV-06,SKU-215370,BREAD/BAKERY,383,19.96,7644.68,8,327.63,0.8554,credito_15,8.45
2017-07-04,PROV-06,SKU-253103,BREAD/BAKERY,124,2.6,322.4,5,100.94,0.814,credito_15,6.65
2017-07-04,PROV-08,SKU-103501,CLEANING,194,9.62,1866.28,8,194,1,credito_15,8.69
2017-07-04,PROV-08,SKU-108786,CLEANING,546,4.58,2500.68,10,546,1,credito_15,3.46
2017-07-04,PROV-08,SKU-108952,CLEANING,156,10.81,1686.36,10,156,1,credito_15,6.92
2017-07-04,PROV-08,SKU-115267,CLEANING,368,1.77,651.36,4,361.71,0.9829,credito_15,11.54
2017-07-04,PROV-08,SKU-116311,CLEANING,41,17.2,705.2,10,41,1,credito_15,0.69
2017-07-04,PROV-08,SKU-119023,CLEANING,168,24.77,4161.36,9,163.92,0.9757,credito_15,8.23
2017-07-04,PROV-08,SKU-119024,CLEANING,238,6.05,1439.9,9,210.47,0.8843,credito_15,11.59
2017-07-04,PROV-08,SKU-119026,CLEANING,573,8.19,4692.87,4,573,1,credito_15,2.94
2017-07-04,PROV-08,SKU-119187,CLEANING,164,13.85,2271.4,7,146.17,0.8913,credito_15,7.41
2017-07-04,PROV-08,SKU-119191,CLEANING,191,15.12,2887.92,10,174.9,0.9157,credito_15,0.56
2017-07-04,PROV-08,SKU-119193,CLEANING,127,13.08,1661.16,4,127,1,credito_15,7.88
2017-07-04,PROV-08,SKU-122425,CLEANING,94,8.09,760.46,8,94,1,credito_15,5.18
2017-07-04,PROV-08,SKU-153078,CLEANING,152,6.87,1044.24,7,134.35,0.8839,credito_15,3.4
2017-07-04,PROV-08,SKU-158788,CLEANING,336,22.36,7512.96,10,336,1,credito_15,7.19
2017-07-04,PROV-08,SKU-158789,CLEANING,773,24.65,19054.45,4,763.05,0.9871,credito_15,4.87
2017-07-04,PROV-08,SKU-158956,CLEANING,315,24.55,7733.25,10,314.9,0.9997,credito_15,11.34
2017-07-04,PROV-08,SKU-159242,CLEANING,297,2.52,748.44,5,268.9,0.9054,credito_15,3.16
2017-07-04,PROV-08,SKU-164647,CLEANING,1106,18.9,20903.4,5,1056.04,0.9548,credito_15,5.65
2017-07-04,PROV-08,SKU-168927,CLEANING,548,6.22,3408.56,10,487.69,0.8899,credito_15,2.36
2017-07-04,PROV-08,SKU-168930,CLEANING,633,2.51,1588.83,7,590.41,0.9327,credito_15,10.16
2017-07-04,PROV-08,SKU-168931,CLEANING,230,3.83,880.9,9,230,1,credito_15,3.65
2017-07-04,PROV-08,SKU-169101,CLEANING,81,9.59,776.79,9,79.47,0.9811,credito_15,10.19
2017-07-04,PROV-08,SKU-169104,CLEANING,26,9.36,243.36,9,22.52,0.8662,credito_15,4.31
2017-07-04,PROV-08,SKU-171890,CLEANING,144,10.02,1442.88,7,144,1,credito_15,0.71
2017-07-04,PROV-08,SKU-176411,CLEANING,14,16.05,224.7,6,13.12,0.9371,credito_15,10.1
2017-07-04,PROV-08,SKU-208498,CLEANING,257,19.45,4998.65,6,255.21,0.993,credito_15,6.98
2017-07-04,PROV-08,SKU-209085,CLEANING,230,4.68,1076.4,5,205.28,0.8925,credito_15,11.82
2017-07-04,PROV-08,SKU-214381,CLEANING,472,9.45,4460.4,7,453.25,0.9603,credito_15,8.83
2017-07-04,PROV-08,SKU-214859,CLEANING,251,22.21,5574.71,8,239.33,0.9535,credito_15,3.39
2017-07-04,PROV-08,SKU-214860,CLEANING,422,16.03,6764.66,9,401.75,0.952,credito_15,9.67
2017-07-04,PROV-08,SKU-214862,CLEANING,256,4.59,1175.04,7,256,1,credito_15,10.81
2017-07-04,PROV-08,SKU-218726,CLEANING,58,13.04,756.32,6,50.13,0.8643,credito_15,3.89
2017-07-04,PROV-08,SKU-218728,CLEANING,112,8.65,968.8,5,109,0.9732,credito_15,9.61
2017-07-04,PROV-08,SKU-221506,CLEANING,254,13.87,3522.98,10,248.83,0.9796,credito_15,2.57
2017-07-04,PROV-08,SKU-224081,CLEANING,266,20.04,5330.64,9,266,1,credito_15,1.26
2017-07-04,PROV-08,SKU-226126,CLEANING,289,22.27,6436.03,10,281.25,0.9732,credito_15,8.28
2017-07-04,PROV-08,SKU-252970,CLEANING,258,8.03,2071.74,8,233.89,0.9066,credito_15,1.41
2017-07-04,PROV-08,SKU-252972,CLEANING,261,4,1044,10,259.9,0.9958,credito_15,8.15
2017-07-04,PROV-08,SKU-258376,CLEANING,764,12.72,9718.08,5,732.84,0.9592,credito_15,9.61
2017-07-04,PROV-09,SKU-122095,DAIRY,272,6.17,1678.24,8,249.24,0.9163,contado,4.2
2017-07-04,PROV-09,SKU-123347,DAIRY,251,16.24,4076.24,7,246.69,0.9828,contado,2.47
2017-07-04,PROV-09,SKU-129635,DAIRY,801,21.54,17253.54,10,684.57,0.8546,contado,4.3
2017-07-04,PROV-09,SKU-1427659,DAIRY,2727,20.77,56639.79,12,2396.59,0.8788,contado,5.87
2017-07-04,PROV-09,SKU-158842,DAIRY,153,19.63,3003.39,12,134.75,0.8807,contado,7.14
2017-07-04,PROV-09,SKU-164088,DAIRY,312,6.09,1900.08,11,298.13,0.9555,contado,0.61
2017-07-04,PROV-09,SKU-173113,DAIRY,90,13.89,1250.1,6,78.8,0.8756,contado,0.57
2017-07-04,PROV-09,SKU-179615,DAIRY,503,23.7,11921.1,9,461.94,0.9184,contado,11.16
2017-07-04,PROV-09,SKU-205486,DAIRY,139,22.33,3103.87,12,125.06,0.8997,contado,8.22
2017-07-04,PROV-10,SKU-108696,DELI,315,14.5,4567.5,7,293.42,0.9315,credito_15,6.85
2017-07-04,PROV-10,SKU-108698,DELI,219,4.36,954.84,9,197.82,0.9033,credito_15,0.37
2017-07-04,PROV-10,SKU-108701,DELI,227,8.18,1856.86,8,227,1,credito_15,1.35
2017-07-04,PROV-10,SKU-208426,DELI,145,18.13,2628.85,6,131.57,0.9074,credito_15,9.7
2017-07-04,PROV-10,SKU-220613,DELI,147,5.5,808.5,8,138.62,0.943,credito_15,10.64
2017-07-04,PROV-11,SKU-108833,EGGS,134,13.17,1764.78,7,120.01,0.8956,credito_30,9.82
2017-07-04,PROV-11,SKU-127547,EGGS,283,21.95,6211.85,11,246.33,0.8704,credito_30,10.18
2017-07-04,PROV-11,SKU-158680,EGGS,322,15.57,5013.54,7,302.18,0.9384,credito_30,3.92
2017-07-04,PROV-11,SKU-208384,EGGS,982,13.6,13355.2,10,791.66,0.8062,credito_30,7.81
2017-07-04,PROV-11,SKU-208386,EGGS,391,17.06,6670.46,7,385.02,0.9847,credito_30,6.32
2017-07-04,PROV-11,SKU-227111,EGGS,301,15.75,4740.75,9,294.43,0.9782,credito_30,5.65
2017-07-04,PROV-11,SKU-258268,EGGS,388,3.54,1373.52,10,304.77,0.7855,credito_30,0.73
2017-07-04,PROV-12,SKU-258411,FROZEN FOODS,186,20.23,3762.78,9,182.82,0.9829,credito_15,9.84
2017-07-04,PROV-13,SKU-103520,GROCERY I,163,24.61,4011.43,7,145.8,0.8945,credito_15,4.19
2017-07-04,PROV-13,SKU-105574,GROCERY I,399,1.76,702.24,9,399,1,credito_15,10.52
2017-07-04,PROV-13,SKU-105575,GROCERY I,807,20.25,16341.75,11,735.77,0.9117,credito_15,5.98
2017-07-04,PROV-13,SKU-105576,GROCERY I,727,13.13,9545.51,10,722.95,0.9944,credito_15,5.21
2017-07-04,PROV-13,SKU-105577,GROCERY I,88,8.29,729.52,9,77.15,0.8767,credito_15,10.66
2017-07-04,PROV-13,SKU-105693,GROCERY I,84,1.51,126.84,6,83.48,0.9938,credito_15,5.73
2017-07-04,PROV-13,SKU-105737,GROCERY I,127,12.04,1529.08,7,118.61,0.9339,credito_15,7.51
2017-07-04,PROV-13,SKU-105857,GROCERY I,574,22.71,13035.54,8,556.82,0.9701,credito_15,9.17
2017-07-04,PROV-13,SKU-106716,GROCERY I,434,16.92,7343.28,8,434,1,credito_15,5.05
2017-07-04,PROV-13,SKU-108079,GROCERY I,162,24.15,3912.3,9,152.5,0.9414,credito_15,9.51
2017-07-04,PROV-13,SKU-108797,GROCERY I,377,23.15,8727.55,10,332.83,0.8828,credito_15,4.03
2017-07-04,PROV-13,SKU-108862,GROCERY I,75,17.93,1344.75,6,70.53,0.9404,credito_15,1.47
2017-07-04,PROV-13,SKU-111223,GROCERY I,850,17.97,15274.5,6,809.72,0.9526,credito_15,4.17
2017-07-04,PROV-13,SKU-111397,GROCERY I,359,10.24,3676.16,12,344.96,0.9609,credito_15,2.23
2017-07-04,PROV-13,SKU-112830,GROCERY I,354,10.99,3890.46,11,318.32,0.8992,credito_15,1.42
2017-07-04,PROV-13,SKU-114790,GROCERY I,928,24.29,22541.12,6,910.23,0.9809,credito_15,6.65
2017-07-04,PROV-13,SKU-115611,GROCERY I,1496,22.31,33375.76,7,1496,1,credito_15,4.13
2017-07-04,PROV-13,SKU-115693,GROCERY I,452,23.46,10603.92,12,452,1,credito_15,5.42
2017-07-04,PROV-13,SKU-115720,GROCERY I,439,21.56,9464.84,8,408.24,0.9299,credito_15,0.01
2017-07-04,PROV-13,SKU-115850,GROCERY I,895,16.03,14346.85,8,837.43,0.9357,credito_15,11.94
2017-07-04,PROV-13,SKU-115891,GROCERY I,354,15.3,5416.2,12,345.99,0.9774,credito_15,11.14
2017-07-04,PROV-13,SKU-115892,GROCERY I,854,10.31,8804.74,12,854,1,credito_15,1.29
2017-07-04,PROV-13,SKU-115893,GROCERY I,466,7.16,3336.56,8,396.63,0.8511,credito_15,5.62
2017-07-04,PROV-13,SKU-115894,GROCERY I,662,4.91,3250.42,10,662,1,credito_15,4.29
2017-07-04,PROV-13,SKU-116017,GROCERY I,1462,5.48,8011.76,10,1201.83,0.822,credito_15,5.71
2017-07-04,PROV-13,SKU-116018,GROCERY I,457,9.79,4474.03,7,372.73,0.8156,credito_15,2.31
2017-07-04,PROV-13,SKU-116279,GROCERY I,172,7.96,1369.12,8,165.06,0.9597,credito_15,11.83
2017-07-04,PROV-13,SKU-122419,GROCERY I,225,21.05,4736.25,10,223.25,0.9922,credito_15,0.79
2017-07-04,PROV-13,SKU-123601,GROCERY I,488,20.21,9862.48,8,466.49,0.9559,credito_15,10.66
2017-07-04,PROV-13,SKU-123602,GROCERY I,181,21.56,3902.36,10,157.53,0.8703,credito_15,4.51
2017-07-04,PROV-13,SKU-123927,GROCERY I,51,12.89,657.39,9,48.89,0.9586,credito_15,1.78
2017-07-04,PROV-13,SKU-125430,GROCERY I,610,5.35,3263.5,9,610,1,credito_15,11.1
2017-07-04,PROV-13,SKU-127534,GROCERY I,145,9.78,1418.1,7,134.36,0.9266,credito_15,1.96
2017-07-04,PROV-13,SKU-129296,GROCERY I,276,17.27,4766.52,7,271.16,0.9825,credito_15,5.98
2017-07-04,PROV-13,SKU-129297,GROCERY I,282,6.14,1731.48,7,235.37,0.8346,credito_15,0.68
2017-07-04,PROV-13,SKU-129759,GROCERY I,136,20.22,2749.92,9,126.16,0.9276,credito_15,9.17
2017-07-04,PROV-13,SKU-153267,GROCERY I,1346,14.59,19638.14,6,1180.23,0.8768,credito_15,4.1
2017-07-04,PROV-13,SKU-155499,GROCERY I,369,11.6,4280.4,6,369,1,credito_15,7.31
2017-07-04,PROV-13,SKU-155500,GROCERY I,1418,5.43,7699.74,11,1364.43,0.9622,credito_15,1.26
2017-07-04,PROV-13,SKU-155600,GROCERY I,92,13.97,1285.24,8,88.16,0.9583,credito_15,11.42
2017-07-04,PROV-13,SKU-155601,GROCERY I,88,17.53,1542.64,8,77.99,0.8862,credito_15,9.96
2017-07-04,PROV-13,SKU-155607,GROCERY I,72,13.99,1007.28,9,72,1,credito_15,2.31
2017-07-04,PROV-13,SKU-155610,GROCERY I,197,1.62,319.14,11,197,1,credito_15,9.27
2017-07-04,PROV-13,SKU-155621,GROCERY I,128,15.2,1945.6,7,114.59,0.8952,credito_15,0.65
2017-07-04,PROV-13,SKU-155625,GROCERY I,143,20.43,2921.49,11,135.65,0.9486,credito_15,7.65
2017-07-04,PROV-13,SKU-157956,GROCERY I,219,22.53,4934.07,8,219,1,credito_15,9.68
2017-07-04,PROV-13,SKU-158875,GROCERY I,159,10.06,1599.54,10,144.88,0.9112,credito_15,0.02
2017-07-04,PROV-13,SKU-162066,GROCERY I,514,22.92,11780.88,11,505.46,0.9834,credito_15,10.68
2017-07-04,PROV-13,SKU-164036,GROCERY I,342,10.4,3556.8,6,321.25,0.9393,credito_15,11.11
2017-07-04,PROV-13,SKU-164037,GROCERY I,259,20.02,5185.18,12,259,1,credito_15,8.62
2017-07-04,PROV-13,SKU-165594,GROCERY I,683,15.04,10272.32,10,614.31,0.8994,credito_15,5.83
2017-07-04,PROV-13,SKU-165693,GROCERY I,593,4.38,2597.34,11,570.48,0.962,credito_15,0.75
2017-07-04,PROV-13,SKU-165704,GROCERY I,1473,24.86,36618.78,11,1383.99,0.9396,credito_15,8.69
2017-07-04,PROV-13,SKU-165705,GROCERY I,82,12.35,1012.7,9,75.18,0.9168,credito_15,9.51
2017-07-04,PROV-13,SKU-165727,GROCERY I,152,21.7,3298.4,7,152,1,credito_15,4.98
2017-07-04,PROV-13,SKU-165988,GROCERY I,655,24.95,16342.25,9,608.17,0.9285,credito_15,9.69
2017-07-04,PROV-13,SKU-168989,GROCERY I,167,5.77,963.59,9,165.14,0.9889,credito_15,2.11
2017-07-04,PROV-13,SKU-169028,GROCERY I,149,3.63,540.87,10,149,1,credito_15,0.37
2017-07-04,PROV-13,SKU-170791,GROCERY I,1166,7.87,9176.42,8,1166,1,credito_15,4.61
2017-07-04,PROV-13,SKU-172184,GROCERY I,338,15.9,5374.2,12,304.25,0.9001,credito_15,9.62
2017-07-04,PROV-13,SKU-172343,GROCERY I,410,22.32,9151.2,12,379.39,0.9253,credito_15,6.56
2017-07-04,PROV-13,SKU-173111,GROCERY I,359,18.85,6767.15,11,338.19,0.942,credito_15,11.89
2017-07-04,PROV-13,SKU-177395,GROCERY I,334,18.86,6299.24,10,295.56,0.8849,credito_15,5.91
2017-07-04,PROV-13,SKU-179274,GROCERY I,479,4.25,2035.75,11,438.88,0.9162,credito_15,3
2017-07-04,PROV-13,SKU-179564,GROCERY I,68,7.98,542.64,11,64.99,0.9557,credito_15,7.45
2017-07-04,PROV-13,SKU-179579,GROCERY I,89,16.68,1484.52,12,85.82,0.9643,credito_15,11.68
2017-07-04,PROV-13,SKU-205381,GROCERY I,115,10.63,1222.45,10,104.98,0.9129,credito_15,5.53
2017-07-04,PROV-13,SKU-205387,GROCERY I,584,24.72,14436.48,6,512.32,0.8773,credito_15,8.55
2017-07-04,PROV-13,SKU-205557,GROCERY I,126,8.19,1031.94,7,113.82,0.9033,credito_15,8.16
2017-07-04,PROV-13,SKU-207857,GROCERY I,333,8.15,2713.95,9,333,1,credito_15,0.78
2017-07-04,PROV-13,SKU-208514,GROCERY I,417,23.73,9895.41,8,409.77,0.9827,credito_15,6.96
2017-07-04,PROV-13,SKU-208659,GROCERY I,167,19.11,3191.37,9,159.13,0.9529,credito_15,5.12
2017-07-04,PROV-13,SKU-208699,GROCERY I,183,6.33,1158.39,11,166.35,0.909,credito_15,9.02
2017-07-04,PROV-13,SKU-210798,GROCERY I,279,22.64,6316.56,11,235.68,0.8447,credito_15,9.54
2017-07-04,PROV-13,SKU-211203,GROCERY I,914,20.69,18910.66,9,914,1,credito_15,8.7
2017-07-04,PROV-13,SKU-211205,GROCERY I,531,11.7,6212.7,11,498.01,0.9379,credito_15,11.59
2017-07-04,PROV-13,SKU-211206,GROCERY I,693,12.84,8898.12,12,653.69,0.9433,credito_15,4.3
2017-07-04,PROV-13,SKU-211999,GROCERY I,155,22,3410,9,139.82,0.9021,credito_15,0.75
2017-07-04,PROV-13,SKU-212550,GROCERY I,149,11.44,1704.56,8,149,1,credito_15,5.17
2017-07-04,PROV-13,SKU-212552,GROCERY I,266,17.57,4673.62,9,250.12,0.9403,credito_15,0.47
2017-07-04,PROV-13,SKU-213066,GROCERY I,407,21.09,8583.63,11,385.2,0.9464,credito_15,7.3
2017-07-04,PROV-13,SKU-213652,GROCERY I,543,10.28,5582.04,9,489.02,0.9006,credito_15,1.62
2017-07-04,PROV-13,SKU-213653,GROCERY I,315,22.82,7188.3,8,284.7,0.9038,credito_15,7.03
2017-07-04,PROV-13,SKU-213788,GROCERY I,244,15.73,3838.12,9,236.83,0.9706,credito_15,11.41
2017-07-04,PROV-13,SKU-215303,GROCERY I,261,22.99,6000.39,7,235.52,0.9024,credito_15,1.73
2017-07-04,PROV-13,SKU-215304,GROCERY I,227,20.98,4762.46,9,222.36,0.9796,credito_15,0.46
2017-07-04,PROV-13,SKU-215327,GROCERY I,632,4.39,2774.48,9,630.49,0.9976,credito_15,11.74
2017-07-04,PROV-13,SKU-215331,GROCERY I,1173,20.73,24316.29,9,1162.2,0.9908,credito_15,0.29
2017-07-04,PROV-13,SKU-215332,GROCERY I,549,18.14,9958.86,8,448.32,0.8166,credito_15,7.61
2017-07-04,PROV-13,SKU-215352,GROCERY I,883,19.77,17456.91,11,787.06,0.8913,credito_15,0.19
2017-07-04,PROV-13,SKU-215356,GROCERY I,125,7.24,905,6,118.42,0.9474,credito_15,3.19
2017-07-04,PROV-13,SKU-215896,GROCERY I,804,13.91,11183.64,11,804,1,credito_15,7.71
2017-07-04,PROV-13,SKU-217827,GROCERY I,61,2.53,154.33,9,59.83,0.9808,credito_15,2.77
2017-07-04,PROV-13,SKU-220432,GROCERY I,698,17.17,11984.66,9,644.86,0.9239,credito_15,4.63
2017-07-04,PROV-13,SKU-220435,GROCERY I,1931,21.06,40666.86,6,1777.14,0.9203,credito_15,11.82
2017-07-04,PROV-13,SKU-222879,GROCERY I,1053,8.88,9350.64,11,918.37,0.8721,credito_15,2.65
2017-07-04,PROV-13,SKU-222975,GROCERY I,839,16.35,13717.65,12,839,1,credito_15,1.16
2017-07-04,PROV-13,SKU-223068,GROCERY I,180,17.11,3079.8,12,158.55,0.8808,credito_15,7.04
2017-07-04,PROV-13,SKU-223136,GROCERY I,551,15.36,8463.36,11,519.83,0.9434,credito_15,6.68
2017-07-04,PROV-13,SKU-223434,GROCERY I,488,11.22,5475.36,12,462.16,0.947,credito_15,4.5
2017-07-04,PROV-13,SKU-223463,GROCERY I,185,15.36,2841.6,8,175.93,0.951,credito_15,1.2
2017-07-04,PROV-13,SKU-229368,GROCERY I,200,19.18,3836,9,186.2,0.931,credito_15,4.44
2017-07-04,PROV-13,SKU-253145,GROCERY I,126,5.87,739.62,7,126,1,credito_15,10.33
2017-07-04,PROV-13,SKU-255161,GROCERY I,153,17.46,2671.38,12,145.64,0.9519,credito_15,11.28
2017-07-04,PROV-13,SKU-255198,GROCERY I,220,8.35,1837,10,210.56,0.9571,credito_15,4.74
2017-07-04,PROV-13,SKU-255199,GROCERY I,405,20.85,8444.25,11,365.18,0.9017,credito_15,11.45
2017-07-04,PROV-13,SKU-255202,GROCERY I,494,8.12,4011.28,10,456.37,0.9238,credito_15,7.57
2017-07-04,PROV-13,SKU-258395,GROCERY I,84,7.79,654.36,10,84,1,credito_15,4.92
2017-07-04,PROV-13,SKU-258396,GROCERY I,691,16.42,11346.22,9,655.84,0.9491,credito_15,0.78
2017-07-04,PROV-13,SKU-314384,GROCERY I,2695,4.03,10860.85,11,2398.3,0.8899,credito_15,6.66
2017-07-04,PROV-13,SKU-364606,GROCERY I,2924,22.34,65322.16,6,2715.25,0.9286,credito_15,3.71
2017-07-04,PROV-14,SKU-167437,GROCERY II,264,21.71,5731.44,6,264,1,credito_30,10.63
2017-07-04,PROV-14,SKU-210520,GROCERY II,11,21.47,236.17,3,9.79,0.89,credito_30,6.79
2017-07-04,PROV-18,SKU-250782,HOME APPLIANCES,36,22.99,827.64,10,33.82,0.9394,contado,7.75
2017-07-04,PROV-22,SKU-115847,LINGERIE,26,24.3,631.8,11,22.41,0.8619,contado,3.39
2017-07-04,PROV-22,SKU-177050,LINGERIE,8,19.6,156.8,9,7.68,0.96,contado,7.94
2017-07-04,PROV-22,SKU-215468,LINGERIE,51,5.11,260.61,7,45.98,0.9016,contado,7.72
2017-07-04,PROV-25,SKU-205209,MEATS,164.82,3.26,537.31,7,162.47,0.9857,credito_30,1.36
2017-07-04,PROV-25,SKU-584028,MEATS,1987.1,24.29,48266.66,12,1759.38,0.8854,credito_30,3.56
2017-07-04,PROV-26,SKU-114799,PERSONAL CARE,237,11.47,2718.39,4,208.98,0.8818,contado,10.15
2017-07-04,PROV-26,SKU-114800,PERSONAL CARE,307,21.01,6450.07,6,281.88,0.9182,contado,0.3
2017-07-04,PROV-29,SKU-108831,POULTRY,530.23,13.2,6999.04,6,398.91,0.7523,credito_15,3.37
2017-07-04,PROV-29,SKU-159156,POULTRY,235.08,24.7,5806.48,4,219.82,0.9351,credito_15,11.37
2017-07-04,PROV-29,SKU-208539,POULTRY,173.62,9.37,1626.82,4,161.38,0.9295,credito_15,5.37
2017-07-04,PROV-31,SKU-1473410,PRODUCE,3236.94,20.04,64868.28,4,3007.59,0.9291,credito_30,7.81
2017-07-04,PROV-31,SKU-1473474,PRODUCE,9233.28,10.26,94733.46,10,7710.27,0.8351,credito_30,7.85
2017-07-04,PROV-31,SKU-1502392,PRODUCE,2724.6,5.27,14358.64,8,2124.21,0.7796,credito_30,7.28
2017-07-04,PROV-31,SKU-1503844,PRODUCE,11797.12,2.17,25599.75,6,9489.63,0.8044,credito_30,8.42
2017-07-04,PROV-31,SKU-1503847,PRODUCE,2737.81,8.42,23052.36,10,2487.31,0.9085,credito_30,7.56
2017-07-04,PROV-31,SKU-1584575,PRODUCE,2977,3.25,9675.25,6,2553.67,0.8578,credito_30,11.81
2017-07-04,PROV-31,SKU-1642399,PRODUCE,3394.64,24.92,84594.43,4,2925.89,0.8619,credito_30,6.89
2017-07-04,PROV-31,SKU-1686656,PRODUCE,2505,8.68,21743.4,5,1887.38,0.7534,credito_30,11.97
2017-07-04,PROV-31,SKU-1695835,PRODUCE,3423.76,5.86,20063.23,8,3423.76,1,credito_30,8.88
2017-07-04,PROV-31,SKU-1751174,PRODUCE,2353.37,10.13,23839.64,9,2186.78,0.9292,credito_30,6.69
2017-07-04,PROV-31,SKU-1926217,PRODUCE,2765,6.14,16977.1,7,2318.72,0.8386,credito_30,5.65
2017-07-04,PROV-33,SKU-252698,SEAFOOD,182.28,7.5,1367.1,9,164.66,0.9033,contado,11.52
2017-07-11,PROV-01,SKU-121964,AUTOMOTIVE,10,3.38,33.8,12,9.21,0.921,contado,1.52
2017-07-11,PROV-01,SKU-172995,AUTOMOTIVE,66,6.73,444.18,9,60.99,0.9241,contado,5.33
2017-07-11,PROV-04,SKU-1047679,BEVERAGES,5699,22.41,127714.59,6,5313.04,0.9323,credito_15,10.65
2017-07-11,PROV-04,SKU-119624,BEVERAGES,653,2.86,1867.58,6,581.71,0.8908,credito_15,7.65
2017-07-11,PROV-04,SKU-1430040,BEVERAGES,3444,9.67,33303.48,5,3277.72,0.9517,credito_15,8.28
2017-07-11,PROV-04,SKU-1463992,BEVERAGES,8921,20.67,184397.07,4,7640.18,0.8564,credito_15,8.32
2017-07-11,PROV-04,SKU-1463993,BEVERAGES,6969,8.61,60003.09,5,6292.94,0.903,credito_15,9.69
2017-07-11,PROV-04,SKU-165550,BEVERAGES,409,10.86,4441.74,6,380.49,0.9303,credito_15,3.29
2017-07-11,PROV-04,SKU-165551,BEVERAGES,117,24.82,2903.94,6,105.47,0.9015,credito_15,5.98
2017-07-11,PROV-04,SKU-165553,BEVERAGES,173,2.93,506.89,5,158.99,0.919,credito_15,1.86
2017-07-11,PROV-04,SKU-174081,BEVERAGES,182,7.23,1315.86,2,165.71,0.9105,credito_15,8.87
2017-07-11,PROV-04,SKU-2006812,BEVERAGES,12388,19.22,238097.36,8,11143.05,0.8995,credito_15,5.04
2017-07-11,PROV-04,SKU-2042941,BEVERAGES,8449,10.12,85503.88,5,7741.98,0.9163,credito_15,10.03
2017-07-11,PROV-04,SKU-2042947,BEVERAGES,6621,17.61,116595.81,5,5965.37,0.901,credito_15,3.19
2017-07-11,PROV-04,SKU-219147,BEVERAGES,307,16.82,5163.74,3,269.76,0.8787,credito_15,4.33
2017-07-11,PROV-04,SKU-219150,BEVERAGES,1041,1.52,1582.32,8,964.25,0.9263,credito_15,7.8
2017-07-11,PROV-04,SKU-219152,BEVERAGES,377,23.63,8908.51,6,350.74,0.9303,credito_15,2.42
2017-07-11,PROV-04,SKU-257848,BEVERAGES,225,5.96,1341,5,175.62,0.7805,credito_15,0.96
2017-07-11,PROV-04,SKU-364738,BEVERAGES,3039,14.62,44430.18,6,2658.04,0.8746,credito_15,4
2017-07-11,PROV-04,SKU-819932,BEVERAGES,5772,20.65,119191.8,4,5327.54,0.923,credito_15,6.63
2017-07-11,PROV-06,SKU-103665,BREAD/BAKERY,201,8.68,1744.68,5,201,1,credito_15,1.27
2017-07-11,PROV-06,SKU-1333307,BREAD/BAKERY,1789,11.69,20913.41,6,1628.65,0.9104,credito_15,9.77
2017-07-11,PROV-06,SKU-153239,BREAD/BAKERY,234,9.2,2152.8,9,223.77,0.9563,credito_15,1.27
2017-07-11,PROV-06,SKU-153395,BREAD/BAKERY,123,14.3,1758.9,8,110.05,0.8947,credito_15,9.97
2017-07-11,PROV-06,SKU-153398,BREAD/BAKERY,101,10.58,1068.58,6,88.08,0.8721,credito_15,8.01
2017-07-11,PROV-06,SKU-165718,BREAD/BAKERY,309,8.98,2774.82,9,268.61,0.8693,credito_15,7.62
2017-07-11,PROV-06,SKU-215370,BREAD/BAKERY,304,19.96,6067.84,10,276.4,0.9092,credito_15,8.45
2017-07-11,PROV-06,SKU-253103,BREAD/BAKERY,84,2.6,218.4,9,81.5,0.9702,credito_15,6.65
2017-07-11,PROV-08,SKU-103501,CLEANING,171,9.62,1645.02,8,170.58,0.9975,credito_15,8.69
2017-07-11,PROV-08,SKU-108786,CLEANING,496,4.58,2271.68,8,481.17,0.9701,credito_15,3.46
2017-07-11,PROV-08,SKU-108952,CLEANING,198,10.81,2140.38,8,183.97,0.9291,credito_15,6.92
2017-07-11,PROV-08,SKU-115267,CLEANING,345,1.77,610.65,10,345,1,credito_15,11.54
2017-07-11,PROV-08,SKU-116311,CLEANING,36,17.2,619.2,7,35.8,0.9944,credito_15,0.69
2017-07-11,PROV-08,SKU-119023,CLEANING,100,24.77,2477,8,98.5,0.985,credito_15,8.23
2017-07-11,PROV-08,SKU-119024,CLEANING,192,6.05,1161.6,9,192,1,credito_15,11.59
2017-07-11,PROV-08,SKU-119026,CLEANING,456,8.19,3734.64,5,456,1,credito_15,2.94
2017-07-11,PROV-08,SKU-119187,CLEANING,139,13.85,1925.15,4,138.79,0.9985,credito_15,7.41
2017-07-11,PROV-08,SKU-119191,CLEANING,167,15.12,2525.04,9,167,1,credito_15,0.56
2017-07-11,PROV-08,SKU-119193,CLEANING,114,13.08,1491.12,10,114,1,credito_15,7.88
2017-07-11,PROV-08,SKU-122425,CLEANING,93,8.09,752.37,6,87.84,0.9445,credito_15,5.18
2017-07-11,PROV-08,SKU-153078,CLEANING,141,6.87,968.67,4,141,1,credito_15,3.4
2017-07-11,PROV-08,SKU-158788,CLEANING,262,22.36,5858.32,6,262,1,credito_15,7.19
2017-07-11,PROV-08,SKU-158789,CLEANING,590,24.65,14543.5,10,527.66,0.8943,credito_15,4.87
2017-07-11,PROV-08,SKU-158956,CLEANING,188,24.55,4615.4,6,188,1,credito_15,11.34
2017-07-11,PROV-08,SKU-159242,CLEANING,294,2.52,740.88,4,281.26,0.9567,credito_15,3.16
2017-07-11,PROV-08,SKU-164647,CLEANING,730,18.9,13797,8,705,0.9658,credito_15,5.65
2017-07-11,PROV-08,SKU-168927,CLEANING,566,6.22,3520.52,9,536.82,0.9484,credito_15,2.36
2017-07-11,PROV-08,SKU-168930,CLEANING,566,2.51,1420.66,7,525.49,0.9284,credito_15,10.16
2017-07-11,PROV-08,SKU-168931,CLEANING,170,3.83,651.1,7,154.3,0.9076,credito_15,3.65
2017-07-11,PROV-08,SKU-169101,CLEANING,68,9.59,652.12,4,64.84,0.9535,credito_15,10.19
2017-07-11,PROV-08,SKU-169104,CLEANING,26,9.36,243.36,4,22.78,0.8762,credito_15,4.31
2017-07-11,PROV-08,SKU-171890,CLEANING,113,10.02,1132.26,7,105.42,0.9329,credito_15,0.71
2017-07-11,PROV-08,SKU-176411,CLEANING,8,16.05,128.4,5,7.32,0.915,credito_15,10.1
2017-07-11,PROV-08,SKU-208498,CLEANING,218,19.45,4240.1,9,218,1,credito_15,6.98
2017-07-11,PROV-08,SKU-209085,CLEANING,210,4.68,982.8,10,199.29,0.949,credito_15,11.82
2017-07-11,PROV-08,SKU-214381,CLEANING,759,9.45,7172.55,5,753.95,0.9933,credito_15,8.83
2017-07-11,PROV-08,SKU-214859,CLEANING,303,22.21,6729.63,4,303,1,credito_15,3.39
2017-07-11,PROV-08,SKU-214860,CLEANING,303,16.03,4857.09,8,297.29,0.9812,credito_15,9.67
2017-07-11,PROV-08,SKU-214862,CLEANING,227,4.59,1041.93,6,227,1,credito_15,10.81
2017-07-11,PROV-08,SKU-218726,CLEANING,75,13.04,978,9,74.96,0.9995,credito_15,3.89
2017-07-11,PROV-08,SKU-218728,CLEANING,90,8.65,778.5,10,90,1,credito_15,9.61
2017-07-11,PROV-08,SKU-221506,CLEANING,336,13.87,4660.32,9,325.31,0.9682,credito_15,2.57
2017-07-11,PROV-08,SKU-224081,CLEANING,129,20.04,2585.16,8,120.98,0.9378,credito_15,1.26
2017-07-11,PROV-08,SKU-226126,CLEANING,186,22.27,4142.22,10,186,1,credito_15,8.28
2017-07-11,PROV-08,SKU-252970,CLEANING,236,8.03,1895.08,8,225.89,0.9572,credito_15,1.41
2017-07-11,PROV-08,SKU-252972,CLEANING,224,4,896,7,191.06,0.8529,credito_15,8.15
2017-07-11,PROV-08,SKU-258376,CLEANING,671,12.72,8535.12,8,603.8,0.8999,credito_15,9.61
2017-07-11,PROV-09,SKU-122095,DAIRY,303,6.17,1869.51,9,285.33,0.9417,contado,4.2
2017-07-11,PROV-09,SKU-123347,DAIRY,246,16.24,3995.04,7,231.16,0.9397,contado,2.47
2017-07-11,PROV-09,SKU-129635,DAIRY,796,21.54,17145.84,6,791.61,0.9945,contado,4.3
2017-07-11,PROV-09,SKU-1427659,DAIRY,2798,20.77,58114.46,11,2790.96,0.9975,contado,5.87
2017-07-11,PROV-09,SKU-158842,DAIRY,149,19.63,2924.87,11,132.28,0.8878,contado,7.14
2017-07-11,PROV-09,SKU-164088,DAIRY,263,6.09,1601.67,12,250.65,0.953,contado,0.61
2017-07-11,PROV-09,SKU-173113,DAIRY,83,13.89,1152.87,10,83,1,contado,0.57
2017-07-11,PROV-09,SKU-179615,DAIRY,486,23.7,11518.2,6,439.52,0.9044,contado,11.16
2017-07-11,PROV-09,SKU-205486,DAIRY,148,22.33,3304.84,11,140.39,0.9486,contado,8.22
2017-07-11,PROV-10,SKU-108696,DELI,275,14.5,3987.5,11,257.53,0.9365,credito_15,6.85
2017-07-11,PROV-10,SKU-108698,DELI,199,4.36,867.64,5,189.05,0.95,credito_15,0.37
2017-07-11,PROV-10,SKU-108701,DELI,188,8.18,1537.84,10,162.37,0.8637,credito_15,1.35
2017-07-11,PROV-10,SKU-208426,DELI,153,18.13,2773.89,5,132.55,0.8663,credito_15,9.7
2017-07-11,PROV-10,SKU-220613,DELI,254,5.5,1397,6,245.78,0.9676,credito_15,10.64
2017-07-11,PROV-11,SKU-108833,EGGS,120,13.17,1580.4,7,106.39,0.8866,credito_30,9.82
2017-07-11,PROV-11,SKU-127547,EGGS,294,21.95,6453.3,12,278.22,0.9463,credito_30,10.18
2017-07-11,PROV-11,SKU-158680,EGGS,369,15.57,5745.33,7,369,1,credito_30,3.92
2017-07-11,PROV-11,SKU-208384,EGGS,989,13.6,13450.4,6,926.99,0.9373,credito_30,7.81
2017-07-11,PROV-11,SKU-208386,EGGS,376,17.06,6414.56,12,335.5,0.8923,credito_30,6.32
2017-07-11,PROV-11,SKU-227111,EGGS,269,15.75,4236.75,12,233.34,0.8674,credito_30,5.65
2017-07-11,PROV-11,SKU-258268,EGGS,357,3.54,1263.78,11,307.41,0.8611,credito_30,0.73
2017-07-11,PROV-12,SKU-258411,FROZEN FOODS,166,20.23,3358.18,7,166,1,credito_15,9.84
2017-07-11,PROV-13,SKU-103520,GROCERY I,138,24.61,3396.18,7,138,1,credito_15,4.19
2017-07-11,PROV-13,SKU-105574,GROCERY I,317,1.76,557.92,8,294.55,0.9292,credito_15,10.52
2017-07-11,PROV-13,SKU-105575,GROCERY I,389,20.25,7877.25,6,385.39,0.9907,credito_15,5.98
2017-07-11,PROV-13,SKU-105576,GROCERY I,725,13.13,9519.25,12,661.66,0.9126,credito_15,5.21
2017-07-11,PROV-13,SKU-105577,GROCERY I,66,8.29,547.14,7,65.24,0.9885,credito_15,10.66
2017-07-11,PROV-13,SKU-105693,GROCERY I,69,1.51,104.19,6,58.08,0.8417,credito_15,5.73
2017-07-11,PROV-13,SKU-105737,GROCERY I,161,12.04,1938.44,10,145.34,0.9027,credito_15,7.51
2017-07-11,PROV-13,SKU-105857,GROCERY I,519,22.71,11786.49,11,471.54,0.9086,credito_15,9.17
2017-07-11,PROV-13,SKU-106716,GROCERY I,345,16.92,5837.4,9,299.44,0.8679,credito_15,5.05
2017-07-11,PROV-13,SKU-108079,GROCERY I,139,24.15,3356.85,8,139,1,credito_15,9.51
2017-07-11,PROV-13,SKU-108797,GROCERY I,328,23.15,7593.2,7,323.9,0.9875,credito_15,4.03
2017-07-11,PROV-13,SKU-108862,GROCERY I,57,17.93,1022.01,10,56,0.9825,credito_15,1.47
2017-07-11,PROV-13,SKU-111223,GROCERY I,761,17.97,13675.17,12,761,1,credito_15,4.17
2017-07-11,PROV-13,SKU-111397,GROCERY I,352,10.24,3604.48,7,322.71,0.9168,credito_15,2.23
2017-07-11,PROV-13,SKU-112830,GROCERY I,333,10.99,3659.67,6,313.76,0.9422,credito_15,1.42
2017-07-11,PROV-13,SKU-114790,GROCERY I,748,24.29,18168.92,10,711.92,0.9518,credito_15,6.65
2017-07-11,PROV-13,SKU-115611,GROCERY I,1373,22.31,30631.63,12,1287.44,0.9377,credito_15,4.13
2017-07-11,PROV-13,SKU-115693,GROCERY I,502,23.46,11776.92,12,475.18,0.9466,credito_15,5.42
2017-07-11,PROV-13,SKU-115720,GROCERY I,350,21.56,7546,6,323.61,0.9246,credito_15,0.01
2017-07-11,PROV-13,SKU-115850,GROCERY I,757,16.03,12134.71,11,700.29,0.9251,credito_15,11.94
2017-07-11,PROV-13,SKU-115891,GROCERY I,264,15.3,4039.2,12,256.96,0.9733,credito_15,11.14
2017-07-11,PROV-13,SKU-115892,GROCERY I,1071,10.31,11042.01,11,991.79,0.926,credito_15,1.29
2017-07-11,PROV-13,SKU-115893,GROCERY I,501,7.16,3587.16,11,495.38,0.9888,credito_15,5.62
2017-07-11,PROV-13,SKU-115894,GROCERY I,579,4.91,2842.89,11,550.73,0.9512,credito_15,4.29
2017-07-11,PROV-13,SKU-116017,GROCERY I,1090,5.48,5973.2,8,983.89,0.9027,credito_15,5.71
2017-07-11,PROV-13,SKU-116018,GROCERY I,447,9.79,4376.13,10,447,1,credito_15,2.31
2017-07-11,PROV-13,SKU-116279,GROCERY I,171,7.96,1361.16,10,169.1,0.9889,credito_15,11.83
2017-07-11,PROV-13,SKU-122419,GROCERY I,169,21.05,3557.45,9,158.29,0.9366,credito_15,0.79
2017-07-11,PROV-13,SKU-123601,GROCERY I,377,20.21,7619.17,9,377,1,credito_15,10.66
2017-07-11,PROV-13,SKU-123602,GROCERY I,152,21.56,3277.12,10,152,1,credito_15,4.51
2017-07-11,PROV-13,SKU-123927,GROCERY I,45,12.89,580.05,10,45,1,credito_15,1.78
2017-07-11,PROV-13,SKU-125430,GROCERY I,562,5.35,3006.7,10,539.92,0.9607,credito_15,11.1
2017-07-11,PROV-13,SKU-127534,GROCERY I,118,9.78,1154.04,7,112.4,0.9525,credito_15,1.96
2017-07-11,PROV-13,SKU-129296,GROCERY I,249,17.27,4300.23,8,249,1,credito_15,5.98
2017-07-11,PROV-13,SKU-129297,GROCERY I,391,6.14,2400.74,8,379.89,0.9716,credito_15,0.68
2017-07-11,PROV-13,SKU-129759,GROCERY I,138,20.22,2790.36,6,138,1,credito_15,9.17
2017-07-11,PROV-13,SKU-153267,GROCERY I,657,14.59,9585.63,11,633.76,0.9646,credito_15,4.1
2017-07-11,PROV-13,SKU-155499,GROCERY I,241,11.6,2795.6,8,241,1,credito_15,7.31
2017-07-11,PROV-13,SKU-155500,GROCERY I,1253,5.43,6803.79,8,1119.39,0.8934,credito_15,1.26
2017-07-11,PROV-13,SKU-155600,GROCERY I,70,13.97,977.9,10,68.12,0.9731,credito_15,11.42
2017-07-11,PROV-13,SKU-155601,GROCERY I,72,17.53,1262.16,7,67.55,0.9382,credito_15,9.96
2017-07-11,PROV-13,SKU-155607,GROCERY I,62,13.99,867.38,8,57.62,0.9294,credito_15,2.31
2017-07-11,PROV-13,SKU-155610,GROCERY I,147,1.62,238.14,7,147,1,credito_15,9.27
2017-07-11,PROV-13,SKU-155621,GROCERY I,123,15.2,1869.6,10,123,1,credito_15,0.65
2017-07-11,PROV-13,SKU-155625,GROCERY I,96,20.43,1961.28,12,96,1,credito_15,7.65
2017-07-11,PROV-13,SKU-157956,GROCERY I,174,22.53,3920.22,11,165.82,0.953,credito_15,9.68
2017-07-11,PROV-13,SKU-158875,GROCERY I,124,10.06,1247.44,11,118.4,0.9548,credito_15,0.02
2017-07-11,PROV-13,SKU-162066,GROCERY I,496,22.92,11368.32,6,478.45,0.9646,credito_15,10.68
2017-07-11,PROV-13,SKU-164036,GROCERY I,297,10.4,3088.8,6,278.67,0.9383,credito_15,11.11
2017-07-11,PROV-13,SKU-164037,GROCERY I,268,20.02,5365.36,11,255.55,0.9535,credito_15,8.62
2017-07-11,PROV-13,SKU-165594,GROCERY I,603,15.04,9069.12,6,528.18,0.8759,credito_15,5.83
2017-07-11,PROV-13,SKU-165693,GROCERY I,512,4.38,2242.56,6,459.09,0.8967,credito_15,0.75
2017-07-11,PROV-13,SKU-165704,GROCERY I,918,24.86,22821.48,8,827.38,0.9013,credito_15,8.69
2017-07-11,PROV-13,SKU-165705,GROCERY I,215,12.35,2655.25,10,201.03,0.935,credito_15,9.51
2017-07-11,PROV-13,SKU-165727,GROCERY I,148,21.7,3211.6,6,143.95,0.9726,credito_15,4.98
2017-07-11,PROV-13,SKU-165988,GROCERY I,497,24.95,12400.15,8,497,1,credito_15,9.69
2017-07-11,PROV-13,SKU-168989,GROCERY I,103,5.77,594.31,10,103,1,credito_15,2.11
2017-07-11,PROV-13,SKU-169028,GROCERY I,131,3.63,475.53,10,122.28,0.9334,credito_15,0.37
2017-07-11,PROV-13,SKU-170791,GROCERY I,357,7.87,2809.59,12,333.6,0.9345,credito_15,4.61
2017-07-11,PROV-13,SKU-172184,GROCERY I,261,15.9,4149.9,12,261,1,credito_15,9.62
2017-07-11,PROV-13,SKU-172343,GROCERY I,202,22.32,4508.64,9,185.47,0.9182,credito_15,6.56
2017-07-11,PROV-13,SKU-173111,GROCERY I,266,18.85,5014.1,9,247.82,0.9317,credito_15,11.89
2017-07-11,PROV-13,SKU-177395,GROCERY I,314,18.86,5922.04,8,302.28,0.9627,credito_15,5.91
2017-07-11,PROV-13,SKU-179274,GROCERY I,415,4.25,1763.75,12,353.29,0.8513,credito_15,3
2017-07-11,PROV-13,SKU-179564,GROCERY I,40,7.98,319.2,6,37.17,0.9292,credito_15,7.45
2017-07-11,PROV-13,SKU-179579,GROCERY I,110,16.68,1834.8,12,110,1,credito_15,11.68
2017-07-11,PROV-13,SKU-205381,GROCERY I,78,10.63,829.14,7,71.56,0.9174,credito_15,5.53
2017-07-11,PROV-13,SKU-205387,GROCERY I,549,24.72,13571.28,6,549,1,credito_15,8.55
2017-07-11,PROV-13,SKU-205557,GROCERY I,96,8.19,786.24,6,85.82,0.894,credito_15,8.16
2017-07-11,PROV-13,SKU-207857,GROCERY I,752,8.15,6128.8,7,689.51,0.9169,credito_15,0.78
2017-07-11,PROV-13,SKU-208514,GROCERY I,363,23.73,8613.99,11,358.94,0.9888,credito_15,6.96
2017-07-11,PROV-13,SKU-208659,GROCERY I,158,19.11,3019.38,9,158,1,credito_15,5.12
2017-07-11,PROV-13,SKU-208699,GROCERY I,112,6.33,708.96,9,101.41,0.9054,credito_15,9.02
2017-07-11,PROV-13,SKU-210798,GROCERY I,215,22.64,4867.6,11,203.86,0.9482,credito_15,9.54
2017-07-11,PROV-13,SKU-211203,GROCERY I,818,20.69,16924.42,9,710.54,0.8686,credito_15,8.7
2017-07-11,PROV-13,SKU-211205,GROCERY I,456,11.7,5335.2,12,456,1,credito_15,11.59
2017-07-11,PROV-13,SKU-211206,GROCERY I,412,12.84,5290.08,12,412,1,credito_15,4.3
2017-07-11,PROV-13,SKU-211999,GROCERY I,144,22,3168,8,144,1,credito_15,0.75
2017-07-11,PROV-13,SKU-212550,GROCERY I,151,11.44,1727.44,12,151,1,credito_15,5.17
2017-07-11,PROV-13,SKU-212552,GROCERY I,200,17.57,3514,9,186.67,0.9333,credito_15,0.47
2017-07-11,PROV-13,SKU-213066,GROCERY I,308,21.09,6495.72,6,285.57,0.9272,credito_15,7.3
2017-07-11,PROV-13,SKU-213652,GROCERY I,489,10.28,5026.92,10,453.27,0.9269,credito_15,1.62
2017-07-11,PROV-13,SKU-213653,GROCERY I,320,22.82,7302.4,11,296.3,0.9259,credito_15,7.03
2017-07-11,PROV-13,SKU-213788,GROCERY I,260,15.73,4089.8,10,260,1,credito_15,11.41
2017-07-11,PROV-13,SKU-215303,GROCERY I,228,22.99,5241.72,9,222.14,0.9743,credito_15,1.73
2017-07-11,PROV-13,SKU-215304,GROCERY I,157,20.98,3293.86,12,142.06,0.9048,credito_15,0.46
2017-07-11,PROV-13,SKU-215327,GROCERY I,633,4.39,2778.87,6,633,1,credito_15,11.74
2017-07-11,PROV-13,SKU-215331,GROCERY I,933,20.73,19341.09,6,909.06,0.9743,credito_15,0.29
2017-07-11,PROV-13,SKU-215332,GROCERY I,454,18.14,8235.56,11,454,1,credito_15,7.61
2017-07-11,PROV-13,SKU-215352,GROCERY I,1481,19.77,29279.37,11,1303.61,0.8802,credito_15,0.19
2017-07-11,PROV-13,SKU-215356,GROCERY I,209,7.24,1513.16,6,207.77,0.9941,credito_15,3.19
2017-07-11,PROV-13,SKU-215896,GROCERY I,665,13.91,9250.15,12,644.89,0.9698,credito_15,7.71
2017-07-11,PROV-13,SKU-217827,GROCERY I,32,2.53,80.96,12,31.73,0.9916,credito_15,2.77
2017-07-11,PROV-13,SKU-220432,GROCERY I,560,17.17,9615.2,10,532.25,0.9504,credito_15,4.63
2017-07-11,PROV-13,SKU-220435,GROCERY I,1524,21.06,32095.44,10,1518.68,0.9965,credito_15,11.82
2017-07-11,PROV-13,SKU-222879,GROCERY I,891,8.88,7912.08,7,858.41,0.9634,credito_15,2.65
2017-07-11,PROV-13,SKU-222975,GROCERY I,691,16.35,11297.85,12,691,1,credito_15,1.16
2017-07-11,PROV-13,SKU-223068,GROCERY I,152,17.11,2600.72,11,152,1,credito_15,7.04
2017-07-11,PROV-13,SKU-223136,GROCERY I,506,15.36,7772.16,7,459.14,0.9074,credito_15,6.68
2017-07-11,PROV-13,SKU-223434,GROCERY I,366,11.22,4106.52,10,311.4,0.8508,credito_15,4.5
2017-07-11,PROV-13,SKU-223463,GROCERY I,153,15.36,2350.08,7,153,1,credito_15,1.2
2017-07-11,PROV-13,SKU-229368,GROCERY I,185,19.18,3548.3,12,176.3,0.953,credito_15,4.44
2017-07-11,PROV-13,SKU-253145,GROCERY I,113,5.87,663.31,7,112.27,0.9935,credito_15,10.33
2017-07-11,PROV-13,SKU-255161,GROCERY I,158,17.46,2758.68,11,144.42,0.9141,credito_15,11.28
2017-07-11,PROV-13,SKU-255198,GROCERY I,180,8.35,1503,8,174.18,0.9677,credito_15,4.74
2017-07-11,PROV-13,SKU-255199,GROCERY I,294,20.85,6129.9,9,270.82,0.9212,credito_15,11.45
2017-07-11,PROV-13,SKU-255202,GROCERY I,261,8.12,2119.32,9,247.53,0.9484,credito_15,7.57
2017-07-11,PROV-13,SKU-258395,GROCERY I,98,7.79,763.42,9,90.55,0.924,credito_15,4.92
2017-07-11,PROV-13,SKU-258396,GROCERY I,613,16.42,10065.46,11,613,1,credito_15,0.78
2017-07-11,PROV-13,SKU-314384,GROCERY I,2271,4.03,9152.13,6,2145.25,0.9446,credito_15,6.66
2017-07-11,PROV-13,SKU-364606,GROCERY I,2623,22.34,58597.82,11,2623,1,credito_15,3.71
2017-07-11,PROV-14,SKU-167437,GROCERY II,225,21.71,4884.75,4,214.55,0.9536,credito_30,10.63
2017-07-11,PROV-14,SKU-210520,GROCERY II,20,21.47,429.4,3,18.75,0.9375,credito_30,6.79
2017-07-11,PROV-18,SKU-250782,HOME APPLIANCES,43,22.99,988.57,10,40.65,0.9453,contado,7.75
2017-07-11,PROV-22,SKU-115847,LINGERIE,13,24.3,315.9,11,12.18,0.9369,contado,3.39
2017-07-11,PROV-22,SKU-177050,LINGERIE,8,19.6,156.8,7,7.22,0.9025,contado,7.94
2017-07-11,PROV-22,SKU-215468,LINGERIE,40,5.11,204.4,9,37.03,0.9258,contado,7.72
2017-07-11,PROV-25,SKU-205209,MEATS,218,3.26,710.68,12,217.08,0.9958,credito_30,1.36
2017-07-11,PROV-25,SKU-584028,MEATS,1758.83,24.29,42721.98,9,1758.829956,1,credito_30,3.56
2017-07-11,PROV-26,SKU-114799,PERSONAL CARE,218,11.47,2500.46,1,198.72,0.9116,contado,10.15
2017-07-11,PROV-26,SKU-114800,PERSONAL CARE,269,21.01,5651.69,2,260.97,0.9701,contado,0.3
2017-07-11,PROV-29,SKU-108831,POULTRY,466.37,13.2,6156.08,7,404.74,0.8679,credito_15,3.37
2017-07-11,PROV-29,SKU-159156,POULTRY,382.71,24.7,9452.94,5,354.09,0.9252,credito_15,11.37
2017-07-11,PROV-29,SKU-208539,POULTRY,183.89,9.37,1723.05,5,151.91,0.8261,credito_15,5.37
2017-07-11,PROV-31,SKU-1473410,PRODUCE,3181.68,20.04,63760.87,4,2867.53,0.9013,credito_30,7.81
2017-07-11,PROV-31,SKU-1473474,PRODUCE,8751.41,10.26,89789.47,8,7839.89,0.8958,credito_30,7.85
2017-07-11,PROV-31,SKU-1502392,PRODUCE,2969.91,5.27,15651.43,7,2747.28,0.925,credito_30,7.28
2017-07-11,PROV-31,SKU-1503844,PRODUCE,9750.66,2.17,21158.93,9,9621.21,0.9867,credito_30,8.42
2017-07-11,PROV-31,SKU-1503847,PRODUCE,2726.46,8.42,22956.79,5,2641.27,0.9688,credito_30,7.56
2017-07-11,PROV-31,SKU-1584575,PRODUCE,2834,3.25,9210.5,5,2492.7,0.8796,credito_30,11.81
2017-07-11,PROV-31,SKU-1642399,PRODUCE,2790.28,24.92,69533.78,5,2511.26,0.9,credito_30,6.89
2017-07-11,PROV-31,SKU-1686656,PRODUCE,2620,8.68,22741.6,10,2334.21,0.8909,credito_30,11.97
2017-07-11,PROV-31,SKU-1695835,PRODUCE,3147.57,5.86,18444.76,10,2584.81,0.8212,credito_30,8.88
2017-07-11,PROV-31,SKU-1751174,PRODUCE,2321.44,10.13,23516.19,9,1872.03,0.8064,credito_30,6.69
2017-07-11,PROV-31,SKU-1926217,PRODUCE,2698,6.14,16565.72,8,2484.41,0.9208,credito_30,5.65
2017-07-11,PROV-33,SKU-252698,SEAFOOD,108.1,7.5,810.75,12,99.32,0.9188,contado,11.52
2017-07-18,PROV-01,SKU-121964,AUTOMOTIVE,12,3.38,40.56,11,12,1,contado,1.52
2017-07-18,PROV-01,SKU-172995,AUTOMOTIVE,43,6.73,289.39,6,40.87,0.9505,contado,5.33
2017-07-18,PROV-04,SKU-1047679,BEVERAGES,5519,22.41,123680.79,4,4872.56,0.8829,credito_15,10.65
2017-07-18,PROV-04,SKU-119624,BEVERAGES,549,2.86,1570.14,4,513.8,0.9359,credito_15,7.65
2017-07-18,PROV-04,SKU-1430040,BEVERAGES,2599,9.67,25132.33,7,2469.12,0.95,credito_15,8.28
2017-07-18,PROV-04,SKU-1463992,BEVERAGES,9142,20.67,188965.14,7,8686.44,0.9502,credito_15,8.32
2017-07-18,PROV-04,SKU-1463993,BEVERAGES,6395,8.61,55060.95,3,6016.97,0.9409,credito_15,9.69
2017-07-18,PROV-04,SKU-165550,BEVERAGES,375,10.86,4072.5,5,353.08,0.9415,credito_15,3.29
2017-07-18,PROV-04,SKU-165551,BEVERAGES,128,24.82,3176.96,2,116.09,0.907,credito_15,5.98
2017-07-18,PROV-04,SKU-165553,BEVERAGES,176,2.93,515.68,4,158.75,0.902,credito_15,1.86
2017-07-18,PROV-04,SKU-174081,BEVERAGES,252,7.23,1821.96,8,231.32,0.9179,credito_15,8.87
2017-07-18,PROV-04,SKU-2006812,BEVERAGES,9841,19.22,189144.02,2,9054.36,0.9201,credito_15,5.04
2017-07-18,PROV-04,SKU-2042941,BEVERAGES,7639,10.12,77306.68,4,6746.77,0.8832,credito_15,10.03
2017-07-18,PROV-04,SKU-2042947,BEVERAGES,6187,17.61,108953.07,4,5052.74,0.8167,credito_15,3.19
2017-07-18,PROV-04,SKU-219147,BEVERAGES,298,16.82,5012.36,7,295.41,0.9913,credito_15,4.33
2017-07-18,PROV-04,SKU-219150,BEVERAGES,1343,1.52,2041.36,6,1343,1,credito_15,7.8
2017-07-18,PROV-04,SKU-219152,BEVERAGES,327,23.63,7727.01,3,327,1,credito_15,2.42
2017-07-18,PROV-04,SKU-257848,BEVERAGES,310,5.96,1847.6,5,290.15,0.936,credito_15,0.96
2017-07-18,PROV-04,SKU-364738,BEVERAGES,4382,14.62,64064.84,6,3678.9,0.8395,credito_15,4
2017-07-18,PROV-04,SKU-819932,BEVERAGES,5382,20.65,111138.3,2,5158.17,0.9584,credito_15,6.63
2017-07-18,PROV-06,SKU-103665,BREAD/BAKERY,158,8.68,1371.44,7,129.55,0.8199,credito_15,1.27
2017-07-18,PROV-06,SKU-1333307,BREAD/BAKERY,1700,11.69,19873,4,1589.28,0.9349,credito_15,9.77
2017-07-18,PROV-06,SKU-153239,BREAD/BAKERY,203,9.2,1867.6,4,188.17,0.9269,credito_15,1.27
2017-07-18,PROV-06,SKU-153395,BREAD/BAKERY,112,14.3,1601.6,6,101.72,0.9082,credito_15,9.97
2017-07-18,PROV-06,SKU-153398,BREAD/BAKERY,82,10.58,867.56,7,66.16,0.8068,credito_15,8.01
2017-07-18,PROV-06,SKU-165718,BREAD/BAKERY,310,8.98,2783.8,9,250.58,0.8083,credito_15,7.62
2017-07-18,PROV-06,SKU-215370,BREAD/BAKERY,394,19.96,7864.24,7,352.45,0.8945,credito_15,8.45
2017-07-18,PROV-06,SKU-253103,BREAD/BAKERY,67,2.6,174.2,5,53.97,0.8055,credito_15,6.65
2017-07-18,PROV-08,SKU-103501,CLEANING,185,9.62,1779.7,8,185,1,credito_15,8.69
2017-07-18,PROV-08,SKU-108786,CLEANING,474,4.58,2170.92,5,448.26,0.9457,credito_15,3.46
2017-07-18,PROV-08,SKU-108952,CLEANING,216,10.81,2334.96,9,209.5,0.9699,credito_15,6.92
2017-07-18,PROV-08,SKU-115267,CLEANING,361,1.77,638.97,4,361,1,credito_15,11.54
2017-07-18,PROV-08,SKU-116311,CLEANING,26,17.2,447.2,8,24.81,0.9542,credito_15,0.69
2017-07-18,PROV-08,SKU-119023,CLEANING,103,24.77,2551.31,8,100.47,0.9754,credito_15,8.23
2017-07-18,PROV-08,SKU-119024,CLEANING,186,6.05,1125.3,10,186,1,credito_15,11.59
2017-07-18,PROV-08,SKU-119026,CLEANING,575,8.19,4709.25,5,544.74,0.9474,credito_15,2.94
2017-07-18,PROV-08,SKU-119187,CLEANING,151,13.85,2091.35,9,151,1,credito_15,7.41
2017-07-18,PROV-08,SKU-119191,CLEANING,213,15.12,3220.56,10,196.68,0.9234,credito_15,0.56
2017-07-18,PROV-08,SKU-119193,CLEANING,101,13.08,1321.08,7,91.14,0.9024,credito_15,7.88
2017-07-18,PROV-08,SKU-122425,CLEANING,101,8.09,817.09,9,95.49,0.9454,credito_15,5.18
2017-07-18,PROV-08,SKU-153078,CLEANING,165,6.87,1133.55,5,157.53,0.9547,credito_15,3.4
2017-07-18,PROV-08,SKU-158788,CLEANING,272,22.36,6081.92,6,272,1,credito_15,7.19
2017-07-18,PROV-08,SKU-158789,CLEANING,449,24.65,11067.85,7,405.57,0.9033,credito_15,4.87
2017-07-18,PROV-08,SKU-158956,CLEANING,245,24.55,6014.75,9,222.47,0.908,credito_15,11.34
2017-07-18,PROV-08,SKU-159242,CLEANING,281,2.52,708.12,6,280.45,0.998,credito_15,3.16
2017-07-18,PROV-08,SKU-164647,CLEANING,781,18.9,14760.9,6,781,1,credito_15,5.65
2017-07-18,PROV-08,SKU-168927,CLEANING,587,6.22,3651.14,7,573.06,0.9763,credito_15,2.36
2017-07-18,PROV-08,SKU-168930,CLEANING,669,2.51,1679.19,6,623.96,0.9327,credito_15,10.16
2017-07-18,PROV-08,SKU-168931,CLEANING,147,3.83,563.01,5,131.55,0.8949,credito_15,3.65
2017-07-18,PROV-08,SKU-169101,CLEANING,52,9.59,498.68,10,51.76,0.9954,credito_15,10.19
2017-07-18,PROV-08,SKU-169104,CLEANING,29,9.36,271.44,8,29,1,credito_15,4.31
2017-07-18,PROV-08,SKU-171890,CLEANING,152,10.02,1523.04,8,143.9,0.9467,credito_15,0.71
2017-07-18,PROV-08,SKU-176411,CLEANING,23,16.05,369.15,8,23,1,credito_15,10.1
2017-07-18,PROV-08,SKU-208498,CLEANING,200,19.45,3890,9,197.86,0.9893,credito_15,6.98
2017-07-18,PROV-08,SKU-209085,CLEANING,233,4.68,1090.44,5,222.95,0.9569,credito_15,11.82
2017-07-18,PROV-08,SKU-214381,CLEANING,793,9.45,7493.85,5,759.59,0.9579,credito_15,8.83
2017-07-18,PROV-08,SKU-214859,CLEANING,398,22.21,8839.58,10,379.5,0.9535,credito_15,3.39
2017-07-18,PROV-08,SKU-214860,CLEANING,237,16.03,3799.11,6,222.1,0.9371,credito_15,9.67
2017-07-18,PROV-08,SKU-214862,CLEANING,196,4.59,899.64,7,170.16,0.8682,credito_15,10.81
2017-07-18,PROV-08,SKU-218726,CLEANING,51,13.04,665.04,6,49.32,0.9671,credito_15,3.89
2017-07-18,PROV-08,SKU-218728,CLEANING,98,8.65,847.7,6,91.68,0.9355,credito_15,9.61
2017-07-18,PROV-08,SKU-221506,CLEANING,717,13.87,9944.79,5,685.8,0.9565,credito_15,2.57
2017-07-18,PROV-08,SKU-224081,CLEANING,188,20.04,3767.52,5,188,1,credito_15,1.26
2017-07-18,PROV-08,SKU-226126,CLEANING,200,22.27,4454,9,174.65,0.8732,credito_15,8.28
2017-07-18,PROV-08,SKU-252970,CLEANING,239,8.03,1919.17,8,239,1,credito_15,1.41
2017-07-18,PROV-08,SKU-252972,CLEANING,232,4,928,7,219.79,0.9474,credito_15,8.15
2017-07-18,PROV-08,SKU-258376,CLEANING,820,12.72,10430.4,4,760.92,0.928,credito_15,9.61
2017-07-18,PROV-09,SKU-122095,DAIRY,312,6.17,1925.04,7,287.58,0.9217,contado,4.2
2017-07-18,PROV-09,SKU-123347,DAIRY,260,16.24,4222.4,10,233.04,0.8963,contado,2.47
2017-07-18,PROV-09,SKU-129635,DAIRY,738,21.54,15896.52,7,655.21,0.8878,contado,4.3
2017-07-18,PROV-09,SKU-1427659,DAIRY,2823,20.77,58633.71,6,2540.6,0.9,contado,5.87
2017-07-18,PROV-09,SKU-158842,DAIRY,140,19.63,2748.2,6,127.11,0.9079,contado,7.14
2017-07-18,PROV-09,SKU-164088,DAIRY,252,6.09,1534.68,9,245.69,0.975,contado,0.61
2017-07-18,PROV-09,SKU-173113,DAIRY,77,13.89,1069.53,8,65.3,0.8481,contado,0.57
2017-07-18,PROV-09,SKU-179615,DAIRY,505,23.7,11968.5,8,476.91,0.9444,contado,11.16
2017-07-18,PROV-09,SKU-205486,DAIRY,148,22.33,3304.84,9,139.22,0.9407,contado,8.22
2017-07-18,PROV-10,SKU-108696,DELI,267,14.5,3871.5,8,242.92,0.9098,credito_15,6.85
2017-07-18,PROV-10,SKU-108698,DELI,200,4.36,872,8,192.04,0.9602,credito_15,0.37
2017-07-18,PROV-10,SKU-108701,DELI,203,8.18,1660.54,5,203,1,credito_15,1.35
2017-07-18,PROV-10,SKU-208426,DELI,134,18.13,2429.42,7,134,1,credito_15,9.7
2017-07-18,PROV-10,SKU-220613,DELI,219,5.5,1204.5,11,219,1,credito_15,10.64
2017-07-18,PROV-11,SKU-108833,EGGS,110,13.17,1448.7,7,102.31,0.9301,credito_30,9.82
2017-07-18,PROV-11,SKU-127547,EGGS,292,21.95,6409.4,10,283.51,0.9709,credito_30,10.18
2017-07-18,PROV-11,SKU-158680,EGGS,310,15.57,4826.7,6,310,1,credito_30,3.92
2017-07-18,PROV-11,SKU-208384,EGGS,945,13.6,12852,9,868.51,0.9191,credito_30,7.81
2017-07-18,PROV-11,SKU-208386,EGGS,378,17.06,6448.68,8,330.72,0.8749,credito_30,6.32
2017-07-18,PROV-11,SKU-227111,EGGS,240,15.75,3780,9,224.07,0.9336,credito_30,5.65
2017-07-18,PROV-11,SKU-258268,EGGS,444,3.54,1571.76,8,392.27,0.8835,credito_30,0.73
2017-07-18,PROV-12,SKU-258411,FROZEN FOODS,188,20.23,3803.24,4,188,1,credito_15,9.84
2017-07-18,PROV-13,SKU-103520,GROCERY I,138,24.61,3396.18,11,138,1,credito_15,4.19
2017-07-18,PROV-13,SKU-105574,GROCERY I,297,1.76,522.72,11,266.86,0.8985,credito_15,10.52
2017-07-18,PROV-13,SKU-105575,GROCERY I,171,20.25,3462.75,11,162.33,0.9493,credito_15,5.98
2017-07-18,PROV-13,SKU-105576,GROCERY I,792,13.13,10398.96,10,760.77,0.9606,credito_15,5.21
2017-07-18,PROV-13,SKU-105577,GROCERY I,93,8.29,770.97,8,93,1,credito_15,10.66
2017-07-18,PROV-13,SKU-105693,GROCERY I,60,1.51,90.6,7,60,1,credito_15,5.73
2017-07-18,PROV-13,SKU-105737,GROCERY I,187,12.04,2251.48,11,187,1,credito_15,7.51
2017-07-18,PROV-13,SKU-105857,GROCERY I,556,22.71,12626.76,10,556,1,credito_15,9.17
2017-07-18,PROV-13,SKU-106716,GROCERY I,287,16.92,4856.04,8,268.48,0.9355,credito_15,5.05
2017-07-18,PROV-13,SKU-108079,GROCERY I,149,24.15,3598.35,9,147.84,0.9922,credito_15,9.51
2017-07-18,PROV-13,SKU-108797,GROCERY I,260,23.15,6019,10,237.71,0.9143,credito_15,4.03
2017-07-18,PROV-13,SKU-108862,GROCERY I,48,17.93,860.64,12,43.35,0.9031,credito_15,1.47
2017-07-18,PROV-13,SKU-111223,GROCERY I,703,17.97,12632.91,10,656.54,0.9339,credito_15,4.17
2017-07-18,PROV-13,SKU-111397,GROCERY I,323,10.24,3307.52,7,280.49,0.8684,credito_15,2.23
2017-07-18,PROV-13,SKU-112830,GROCERY I,318,10.99,3494.82,7,306.41,0.9636,credito_15,1.42
2017-07-18,PROV-13,SKU-114790,GROCERY I,755,24.29,18338.95,12,730.4,0.9674,credito_15,6.65
2017-07-18,PROV-13,SKU-115611,GROCERY I,1233,22.31,27508.23,6,1121.89,0.9099,credito_15,4.13
2017-07-18,PROV-13,SKU-115693,GROCERY I,473,23.46,11096.58,10,375.7,0.7943,credito_15,5.42
2017-07-18,PROV-13,SKU-115720,GROCERY I,478,21.56,10305.68,7,478,1,credito_15,0.01
2017-07-18,PROV-13,SKU-115850,GROCERY I,718,16.03,11509.54,10,671.68,0.9355,credito_15,11.94
2017-07-18,PROV-13,SKU-115891,GROCERY I,251,15.3,3840.3,8,251,1,credito_15,11.14
2017-07-18,PROV-13,SKU-115892,GROCERY I,701,10.31,7227.31,9,679.24,0.969,credito_15,1.29
2017-07-18,PROV-13,SKU-115893,GROCERY I,454,7.16,3250.64,8,387.32,0.8531,credito_15,5.62
2017-07-18,PROV-13,SKU-115894,GROCERY I,1329,4.91,6525.39,12,1329,1,credito_15,4.29
2017-07-18,PROV-13,SKU-116017,GROCERY I,1313,5.48,7195.24,8,1231.37,0.9378,credito_15,5.71
2017-07-18,PROV-13,SKU-116018,GROCERY I,478,9.79,4679.62,6,473.06,0.9897,credito_15,2.31
2017-07-18,PROV-13,SKU-116279,GROCERY I,153,7.96,1217.88,10,147.26,0.9625,credito_15,11.83
2017-07-18,PROV-13,SKU-122419,GROCERY I,153,21.05,3220.65,11,136.41,0.8916,credito_15,0.79
2017-07-18,PROV-13,SKU-123601,GROCERY I,357,20.21,7214.97,11,332.69,0.9319,credito_15,10.66
2017-07-18,PROV-13,SKU-123602,GROCERY I,211,21.56,4549.16,12,211,1,credito_15,4.51
2017-07-18,PROV-13,SKU-123927,GROCERY I,36,12.89,464.04,8,36,1,credito_15,1.78
2017-07-18,PROV-13,SKU-125430,GROCERY I,673,5.35,3600.55,12,673,1,credito_15,11.1
2017-07-18,PROV-13,SKU-127534,GROCERY I,79,9.78,772.62,12,77.26,0.978,credito_15,1.96
2017-07-18,PROV-13,SKU-129296,GROCERY I,224,17.27,3868.48,7,209.69,0.9361,credito_15,5.98
2017-07-18,PROV-13,SKU-129297,GROCERY I,398,6.14,2443.72,9,368.96,0.927,credito_15,0.68
2017-07-18,PROV-13,SKU-129759,GROCERY I,119,20.22,2406.18,8,117.47,0.9871,credito_15,9.17
2017-07-18,PROV-13,SKU-153267,GROCERY I,488,14.59,7119.92,8,398.77,0.8172,credito_15,4.1
2017-07-18,PROV-13,SKU-155499,GROCERY I,166,11.6,1925.6,9,160.43,0.9664,credito_15,7.31
2017-07-18,PROV-13,SKU-155500,GROCERY I,1137,5.43,6173.91,9,1059.66,0.932,credito_15,1.26
2017-07-18,PROV-13,SKU-155600,GROCERY I,71,13.97,991.87,9,64.12,0.9031,credito_15,11.42
2017-07-18,PROV-13,SKU-155601,GROCERY I,68,17.53,1192.04,6,60.54,0.8903,credito_15,9.96
2017-07-18,PROV-13,SKU-155607,GROCERY I,55,13.99,769.45,10,52.27,0.9504,credito_15,2.31
2017-07-18,PROV-13,SKU-155610,GROCERY I,140,1.62,226.8,9,140,1,credito_15,9.27
2017-07-18,PROV-13,SKU-155621,GROCERY I,135,15.2,2052,6,120.78,0.8947,credito_15,0.65
2017-07-18,PROV-13,SKU-155625,GROCERY I,115,20.43,2349.45,7,104.36,0.9075,credito_15,7.65
2017-07-18,PROV-13,SKU-157956,GROCERY I,202,22.53,4551.06,7,195.66,0.9686,credito_15,9.68
2017-07-18,PROV-13,SKU-158875,GROCERY I,167,10.06,1680.02,8,154.56,0.9255,credito_15,0.02
2017-07-18,PROV-13,SKU-162066,GROCERY I,504,22.92,11551.68,8,504,1,credito_15,10.68
2017-07-18,PROV-13,SKU-164036,GROCERY I,317,10.4,3296.8,6,305.79,0.9646,credito_15,11.11
2017-07-18,PROV-13,SKU-164037,GROCERY I,246,20.02,4924.92,11,233.74,0.9502,credito_15,8.62
2017-07-18,PROV-13,SKU-165594,GROCERY I,670,15.04,10076.8,9,670,1,credito_15,5.83
2017-07-18,PROV-13,SKU-165693,GROCERY I,521,4.38,2281.98,9,462.57,0.8879,credito_15,0.75
2017-07-18,PROV-13,SKU-165704,GROCERY I,965,24.86,23989.9,6,934.41,0.9683,credito_15,8.69
2017-07-18,PROV-13,SKU-165705,GROCERY I,238,12.35,2939.3,10,225.48,0.9474,credito_15,9.51
2017-07-18,PROV-13,SKU-165727,GROCERY I,103,21.7,2235.1,7,90.37,0.8774,credito_15,4.98
2017-07-18,PROV-13,SKU-165988,GROCERY I,586,24.95,14620.7,12,542.29,0.9254,credito_15,9.69
2017-07-18,PROV-13,SKU-168989,GROCERY I,136,5.77,784.72,8,124.25,0.9136,credito_15,2.11
2017-07-18,PROV-13,SKU-169028,GROCERY I,122,3.63,442.86,11,116.82,0.9575,credito_15,0.37
2017-07-18,PROV-13,SKU-170791,GROCERY I,396,7.87,3116.52,9,391.08,0.9876,credito_15,4.61
2017-07-18,PROV-13,SKU-172184,GROCERY I,233,15.9,3704.7,10,217.6,0.9339,credito_15,9.62
2017-07-18,PROV-13,SKU-172343,GROCERY I,229,22.32,5111.28,12,215.71,0.942,credito_15,6.56
2017-07-18,PROV-13,SKU-173111,GROCERY I,273,18.85,5146.05,11,241.11,0.8832,credito_15,11.89
2017-07-18,PROV-13,SKU-177395,GROCERY I,331,18.86,6242.66,8,331,1,credito_15,5.91
2017-07-18,PROV-13,SKU-179274,GROCERY I,461,4.25,1959.25,10,409.13,0.8875,credito_15,3
2017-07-18,PROV-13,SKU-179564,GROCERY I,36,7.98,287.28,11,30.52,0.8478,credito_15,7.45
2017-07-18,PROV-13,SKU-179579,GROCERY I,123,16.68,2051.64,10,119.95,0.9752,credito_15,11.68
2017-07-18,PROV-13,SKU-205381,GROCERY I,61,10.63,648.43,10,61,1,credito_15,5.53
2017-07-18,PROV-13,SKU-205387,GROCERY I,556,24.72,13744.32,10,520.83,0.9367,credito_15,8.55
2017-07-18,PROV-13,SKU-205557,GROCERY I,100,8.19,819,9,96.14,0.9614,credito_15,8.16
2017-07-18,PROV-13,SKU-207857,GROCERY I,1178,8.15,9600.7,9,1153.8,0.9795,credito_15,0.78
2017-07-18,PROV-13,SKU-208514,GROCERY I,363,23.73,8613.99,7,363,1,credito_15,6.96
2017-07-18,PROV-13,SKU-208659,GROCERY I,171,19.11,3267.81,9,171,1,credito_15,5.12
2017-07-18,PROV-13,SKU-208699,GROCERY I,147,6.33,930.51,10,134.52,0.9151,credito_15,9.02
2017-07-18,PROV-13,SKU-210798,GROCERY I,248,22.64,5614.72,7,220.06,0.8873,credito_15,9.54
2017-07-18,PROV-13,SKU-211203,GROCERY I,861,20.69,17814.09,9,836.75,0.9718,credito_15,8.7
2017-07-18,PROV-13,SKU-211205,GROCERY I,460,11.7,5382,8,460,1,credito_15,11.59
2017-07-18,PROV-13,SKU-211206,GROCERY I,314,12.84,4031.76,8,314,1,credito_15,4.3
2017-07-18,PROV-13,SKU-211999,GROCERY I,155,22,3410,12,155,1,credito_15,0.75
2017-07-18,PROV-13,SKU-212550,GROCERY I,114,11.44,1304.16,12,109.52,0.9607,credito_15,5.17
2017-07-18,PROV-13,SKU-212552,GROCERY I,204,17.57,3584.28,7,187.51,0.9192,credito_15,0.47
2017-07-18,PROV-13,SKU-213066,GROCERY I,328,21.09,6917.52,6,314.23,0.958,credito_15,7.3
2017-07-18,PROV-13,SKU-213652,GROCERY I,595,10.28,6116.6,8,567.06,0.953,credito_15,1.62
2017-07-18,PROV-13,SKU-213653,GROCERY I,311,22.82,7097.02,9,311,1,credito_15,7.03
2017-07-18,PROV-13,SKU-213788,GROCERY I,256,15.73,4026.88,9,234.49,0.916,credito_15,11.41
2017-07-18,PROV-13,SKU-215303,GROCERY I,225,22.99,5172.75,7,188.55,0.838,credito_15,1.73
2017-07-18,PROV-13,SKU-215304,GROCERY I,149,20.98,3126.02,9,131.99,0.8858,credito_15,0.46
2017-07-18,PROV-13,SKU-215327,GROCERY I,435,4.39,1909.65,7,405.44,0.932,credito_15,11.74
2017-07-18,PROV-13,SKU-215331,GROCERY I,913,20.73,18926.49,12,802.22,0.8787,credito_15,0.29
2017-07-18,PROV-13,SKU-215332,GROCERY I,466,18.14,8453.24,8,417.79,0.8965,credito_15,7.61
2017-07-18,PROV-13,SKU-215352,GROCERY I,1283,19.77,25364.91,7,1248.92,0.9734,credito_15,0.19
2017-07-18,PROV-13,SKU-215356,GROCERY I,170,7.24,1230.8,6,170,1,credito_15,3.19
2017-07-18,PROV-13,SKU-215896,GROCERY I,617,13.91,8582.47,8,573.21,0.929,credito_15,7.71
2017-07-18,PROV-13,SKU-217827,GROCERY I,31,2.53,78.43,7,30.78,0.9929,credito_15,2.77
2017-07-18,PROV-13,SKU-220432,GROCERY I,460,17.17,7898.2,10,451.03,0.9805,credito_15,4.63
2017-07-18,PROV-13,SKU-220435,GROCERY I,1687,21.06,35528.22,11,1575.51,0.9339,credito_15,11.82
2017-07-18,PROV-13,SKU-222879,GROCERY I,908,8.88,8063.04,9,717.93,0.7907,credito_15,2.65
2017-07-18,PROV-13,SKU-222975,GROCERY I,694,16.35,11346.9,10,679.31,0.9788,credito_15,1.16
2017-07-18,PROV-13,SKU-223068,GROCERY I,118,17.11,2018.98,7,113.15,0.9589,credito_15,7.04
2017-07-18,PROV-13,SKU-223136,GROCERY I,526,15.36,8079.36,6,523.76,0.9957,credito_15,6.68
2017-07-18,PROV-13,SKU-223434,GROCERY I,359,11.22,4027.98,12,335.6,0.9348,credito_15,4.5
2017-07-18,PROV-13,SKU-223463,GROCERY I,135,15.36,2073.6,8,133.17,0.9864,credito_15,1.2
2017-07-18,PROV-13,SKU-229368,GROCERY I,142,19.18,2723.56,6,130.7,0.9204,credito_15,4.44
2017-07-18,PROV-13,SKU-253145,GROCERY I,128,5.87,751.36,11,115.69,0.9038,credito_15,10.33
2017-07-18,PROV-13,SKU-255161,GROCERY I,143,17.46,2496.78,10,129.21,0.9036,credito_15,11.28
2017-07-18,PROV-13,SKU-255198,GROCERY I,176,8.35,1469.6,6,176,1,credito_15,4.74
2017-07-18,PROV-13,SKU-255199,GROCERY I,303,20.85,6317.55,11,303,1,credito_15,11.45
2017-07-18,PROV-13,SKU-255202,GROCERY I,118,8.12,958.16,11,113.24,0.9597,credito_15,7.57
2017-07-18,PROV-13,SKU-258395,GROCERY I,100,7.79,779,10,95.62,0.9562,credito_15,4.92
2017-07-18,PROV-13,SKU-258396,GROCERY I,622,16.42,10213.24,10,552.73,0.8886,credito_15,0.78
2017-07-18,PROV-13,SKU-314384,GROCERY I,2373,4.03,9563.19,7,2139.72,0.9017,credito_15,6.66
2017-07-18,PROV-13,SKU-364606,GROCERY I,3055,22.34,68248.7,6,2863.98,0.9375,credito_15,3.71
2017-07-18,PROV-14,SKU-167437,GROCERY II,169,21.71,3668.99,8,169,1,credito_30,10.63
2017-07-18,PROV-14,SKU-210520,GROCERY II,16,21.47,343.52,4,15.15,0.9469,credito_30,6.79
2017-07-18,PROV-18,SKU-250782,HOME APPLIANCES,26,22.99,597.74,9,24.14,0.9285,contado,7.75
2017-07-18,PROV-22,SKU-115847,LINGERIE,16,24.3,388.8,11,14.25,0.8906,contado,3.39
2017-07-18,PROV-22,SKU-177050,LINGERIE,13,19.6,254.8,8,10.6,0.8154,contado,7.94
2017-07-18,PROV-22,SKU-215468,LINGERIE,25,5.11,127.75,9,20.25,0.81,contado,7.72
2017-07-18,PROV-25,SKU-205209,MEATS,187.89,3.26,612.52,10,172.18,0.9164,credito_30,1.36
2017-07-18,PROV-25,SKU-584028,MEATS,3138.23,24.29,76227.61,12,3095.43,0.9864,credito_30,3.56
2017-07-18,PROV-26,SKU-114799,PERSONAL CARE,203,11.47,2328.41,3,189.03,0.9312,contado,10.15
2017-07-18,PROV-26,SKU-114800,PERSONAL CARE,265,21.01,5567.65,3,227.64,0.859,contado,0.3
2017-07-18,PROV-29,SKU-108831,POULTRY,411.11,13.2,5426.65,5,367.18,0.8931,credito_15,3.37
2017-07-18,PROV-29,SKU-159156,POULTRY,399.18,24.7,9859.75,4,375.39,0.9404,credito_15,11.37
2017-07-18,PROV-29,SKU-208539,POULTRY,129.45,9.37,1212.95,2,112.73,0.8708,credito_15,5.37
2017-07-18,PROV-31,SKU-1473410,PRODUCE,3297.48,20.04,66081.5,4,2542.52,0.771,credito_30,7.81
2017-07-18,PROV-31,SKU-1473474,PRODUCE,8864.64,10.26,90951.2,4,8367.93,0.944,credito_30,7.85
2017-07-18,PROV-31,SKU-1502392,PRODUCE,2677.59,5.27,14110.9,10,2391.29,0.8931,credito_30,7.28
2017-07-18,PROV-31,SKU-1503844,PRODUCE,10197.87,2.17,22129.38,7,9445.29,0.9262,credito_30,8.42
2017-07-18,PROV-31,SKU-1503847,PRODUCE,1824.18,8.42,15359.6,10,1686.24,0.9244,credito_30,7.56
2017-07-18,PROV-31,SKU-1584575,PRODUCE,2761,3.25,8973.25,7,2449.99,0.8874,credito_30,11.81
2017-07-18,PROV-31,SKU-1642399,PRODUCE,3406.49,24.92,84889.73,8,2693.79,0.7908,credito_30,6.89
2017-07-18,PROV-31,SKU-1686656,PRODUCE,2615,8.68,22698.2,7,2085.5,0.7975,credito_30,11.97
2017-07-18,PROV-31,SKU-1695835,PRODUCE,3178.87,5.86,18628.18,8,2909.68,0.9153,credito_30,8.88
2017-07-18,PROV-31,SKU-1751174,PRODUCE,2321.76,10.13,23519.43,7,2051.66,0.8837,credito_30,6.69
2017-07-18,PROV-31,SKU-1926217,PRODUCE,2555,6.14,15687.7,9,2297.56,0.8992,credito_30,5.65
2017-07-18,PROV-33,SKU-252698,SEAFOOD,241.95,7.5,1814.62,6,228.37,0.9439,contado,11.52
2017-07-25,PROV-01,SKU-121964,AUTOMOTIVE,24,3.38,81.12,11,24,1,contado,1.52
2017-07-25,PROV-01,SKU-172995,AUTOMOTIVE,66,6.73,444.18,10,62.97,0.9541,contado,5.33
2017-07-25,PROV-04,SKU-1047679,BEVERAGES,5475,22.41,122694.75,2,5257.32,0.9602,credito_15,10.65
2017-07-25,PROV-04,SKU-119624,BEVERAGES,680,2.86,1944.8,7,634.42,0.933,credito_15,7.65
2017-07-25,PROV-04,SKU-1430040,BEVERAGES,2529,9.67,24455.43,2,2184.94,0.864,credito_15,8.28
2017-07-25,PROV-04,SKU-1463992,BEVERAGES,9747,20.67,201470.49,3,8777.42,0.9005,credito_15,8.32
2017-07-25,PROV-04,SKU-1463993,BEVERAGES,6542,8.61,56326.62,2,6528.94,0.998,credito_15,9.69
2017-07-25,PROV-04,SKU-165550,BEVERAGES,355,10.86,3855.3,8,296.91,0.8364,credito_15,3.29
2017-07-25,PROV-04,SKU-165551,BEVERAGES,105,24.82,2606.1,3,96.97,0.9235,credito_15,5.98
2017-07-25,PROV-04,SKU-165553,BEVERAGES,158,2.93,462.94,5,145.59,0.9215,credito_15,1.86
2017-07-25,PROV-04,SKU-174081,BEVERAGES,198,7.23,1431.54,3,194.76,0.9836,credito_15,8.87
2017-07-25,PROV-04,SKU-2006812,BEVERAGES,11514,19.22,221299.08,7,9810.32,0.852,credito_15,5.04
2017-07-25,PROV-04,SKU-2042941,BEVERAGES,12745,10.12,128979.4,7,10281.67,0.8067,credito_15,10.03
2017-07-25,PROV-04,SKU-2042947,BEVERAGES,12788,17.61,225196.68,4,11023.98,0.8621,credito_15,3.19
2017-07-25,PROV-04,SKU-219147,BEVERAGES,339,16.82,5701.98,8,282.1,0.8322,credito_15,4.33
2017-07-25,PROV-04,SKU-219150,BEVERAGES,1665,1.52,2530.8,5,1406.1,0.8445,credito_15,7.8
2017-07-25,PROV-04,SKU-219152,BEVERAGES,42,23.63,992.46,5,36.24,0.8629,credito_15,2.42
2017-07-25,PROV-04,SKU-257848,BEVERAGES,229,5.96,1364.84,3,200.75,0.8766,credito_15,0.96
2017-07-25,PROV-04,SKU-364738,BEVERAGES,3193,14.62,46681.66,7,2759.91,0.8644,credito_15,4
2017-07-25,PROV-04,SKU-819932,BEVERAGES,4689,20.65,96827.85,7,4471.02,0.9535,credito_15,6.63
2017-07-25,PROV-06,SKU-103665,BREAD/BAKERY,179,8.68,1553.72,5,159.07,0.8887,credito_15,1.27
2017-07-25,PROV-06,SKU-1333307,BREAD/BAKERY,1754,11.69,20504.26,5,1754,1,credito_15,9.77
2017-07-25,PROV-06,SKU-153239,BREAD/BAKERY,188,9.2,1729.6,5,173.92,0.9251,credito_15,1.27
2017-07-25,PROV-06,SKU-153395,BREAD/BAKERY,131,14.3,1873.3,7,114.25,0.8721,credito_15,9.97
2017-07-25,PROV-06,SKU-153398,BREAD/BAKERY,73,10.58,772.34,9,69.39,0.9505,credito_15,8.01
2017-07-25,PROV-06,SKU-165718,BREAD/BAKERY,449,8.98,4032.02,6,414.19,0.9225,credito_15,7.62
2017-07-25,PROV-06,SKU-215370,BREAD/BAKERY,283,19.96,5648.68,6,243.17,0.8593,credito_15,8.45
2017-07-25,PROV-06,SKU-253103,BREAD/BAKERY,79,2.6,205.4,6,72.38,0.9162,credito_15,6.65
2017-07-25,PROV-08,SKU-103501,CLEANING,184,9.62,1770.08,10,174.1,0.9462,credito_15,8.69
2017-07-25,PROV-08,SKU-108786,CLEANING,531,4.58,2431.98,9,488.96,0.9208,credito_15,3.46
2017-07-25,PROV-08,SKU-108952,CLEANING,208,10.81,2248.48,6,188.01,0.9039,credito_15,6.92
2017-07-25,PROV-08,SKU-115267,CLEANING,323,1.77,571.71,4,318.09,0.9848,credito_15,11.54
2017-07-25,PROV-08,SKU-116311,CLEANING,36,17.2,619.2,9,35.91,0.9975,credito_15,0.69
2017-07-25,PROV-08,SKU-119023,CLEANING,113,24.77,2799.01,9,113,1,credito_15,8.23
2017-07-25,PROV-08,SKU-119024,CLEANING,249,6.05,1506.45,8,242.98,0.9758,credito_15,11.59
2017-07-25,PROV-08,SKU-119026,CLEANING,450,8.19,3685.5,7,435.5,0.9678,credito_15,2.94
2017-07-25,PROV-08,SKU-119187,CLEANING,131,13.85,1814.35,7,131,1,credito_15,7.41
2017-07-25,PROV-08,SKU-119191,CLEANING,128,15.12,1935.36,6,117.03,0.9143,credito_15,0.56
2017-07-25,PROV-08,SKU-119193,CLEANING,96,13.08,1255.68,6,84.07,0.8757,credito_15,7.88
2017-07-25,PROV-08,SKU-122425,CLEANING,98,8.09,792.82,9,98,1,credito_15,5.18
2017-07-25,PROV-08,SKU-153078,CLEANING,152,6.87,1044.24,10,151.86,0.9991,credito_15,3.4
2017-07-25,PROV-08,SKU-158788,CLEANING,256,22.36,5724.16,4,256,1,credito_15,7.19
2017-07-25,PROV-08,SKU-158789,CLEANING,496,24.65,12226.4,10,496,1,credito_15,4.87
2017-07-25,PROV-08,SKU-158956,CLEANING,291,24.55,7144.05,10,291,1,credito_15,11.34
2017-07-25,PROV-08,SKU-159242,CLEANING,312,2.52,786.24,5,286.81,0.9193,credito_15,3.16
2017-07-25,PROV-08,SKU-164647,CLEANING,8465,18.9,159988.5,4,8130.13,0.9604,credito_15,5.65
2017-07-25,PROV-08,SKU-168927,CLEANING,510,6.22,3172.2,7,505.94,0.992,credito_15,2.36
2017-07-25,PROV-08,SKU-168930,CLEANING,584,2.51,1465.84,5,571.62,0.9788,credito_15,10.16
2017-07-25,PROV-08,SKU-168931,CLEANING,167,3.83,639.61,10,161.06,0.9644,credito_15,3.65
2017-07-25,PROV-08,SKU-169101,CLEANING,44,9.59,421.96,5,44,1,credito_15,10.19
2017-07-25,PROV-08,SKU-169104,CLEANING,14,9.36,131.04,6,13.4,0.9571,credito_15,4.31
2017-07-25,PROV-08,SKU-171890,CLEANING,127,10.02,1272.54,4,121.76,0.9587,credito_15,0.71
2017-07-25,PROV-08,SKU-176411,CLEANING,20,16.05,321,8,19.19,0.9595,credito_15,10.1
2017-07-25,PROV-08,SKU-208498,CLEANING,243,19.45,4726.35,10,231.59,0.953,credito_15,6.98
2017-07-25,PROV-08,SKU-209085,CLEANING,264,4.68,1235.52,9,241.02,0.913,credito_15,11.82
2017-07-25,PROV-08,SKU-214381,CLEANING,709,9.45,6700.05,4,655.71,0.9248,credito_15,8.83
2017-07-25,PROV-08,SKU-214859,CLEANING,521,22.21,11571.41,4,482.67,0.9264,credito_15,3.39
2017-07-25,PROV-08,SKU-214860,CLEANING,293,16.03,4696.79,8,276.42,0.9434,credito_15,9.67
2017-07-25,PROV-08,SKU-214862,CLEANING,231,4.59,1060.29,6,231,1,credito_15,10.81
2017-07-25,PROV-08,SKU-218726,CLEANING,87,13.04,1134.48,4,82.1,0.9437,credito_15,3.89
2017-07-25,PROV-08,SKU-218728,CLEANING,116,8.65,1003.4,10,116,1,credito_15,9.61
2017-07-25,PROV-08,SKU-221506,CLEANING,842,13.87,11678.54,6,772.99,0.918,credito_15,2.57
2017-07-25,PROV-08,SKU-224081,CLEANING,306,20.04,6132.24,6,284.36,0.9293,credito_15,1.26
2017-07-25,PROV-08,SKU-226126,CLEANING,235,22.27,5233.45,5,228.89,0.974,credito_15,8.28
2017-07-25,PROV-08,SKU-252970,CLEANING,282,8.03,2264.46,8,262.61,0.9312,credito_15,1.41
2017-07-25,PROV-08,SKU-252972,CLEANING,255,4,1020,8,248.87,0.976,credito_15,8.15
2017-07-25,PROV-08,SKU-258376,CLEANING,684,12.72,8700.48,10,684,1,credito_15,9.61
2017-07-25,PROV-09,SKU-122095,DAIRY,320,6.17,1974.4,9,296.33,0.926,contado,4.2
2017-07-25,PROV-09,SKU-123347,DAIRY,266,16.24,4319.84,7,261.53,0.9832,contado,2.47
2017-07-25,PROV-09,SKU-129635,DAIRY,799,21.54,17210.46,10,696.95,0.8723,contado,4.3
2017-07-25,PROV-09,SKU-1427659,DAIRY,2835,20.77,58882.95,9,2431.38,0.8576,contado,5.87
2017-07-25,PROV-09,SKU-158842,DAIRY,138,19.63,2708.94,12,128.28,0.9296,contado,7.14
2017-07-25,PROV-09,SKU-164088,DAIRY,233,6.09,1418.97,8,202.8,0.8704,contado,0.61
2017-07-25,PROV-09,SKU-173113,DAIRY,83,13.89,1152.87,9,70.3,0.847,contado,0.57
2017-07-25,PROV-09,SKU-179615,DAIRY,467,23.7,11067.9,8,467,1,contado,11.16
2017-07-25,PROV-09,SKU-205486,DAIRY,143,22.33,3193.19,9,133.28,0.932,contado,8.22
2017-07-25,PROV-10,SKU-108696,DELI,321,14.5,4654.5,7,309.69,0.9648,credito_15,6.85
2017-07-25,PROV-10,SKU-108698,DELI,192,4.36,837.12,9,166.55,0.8674,credito_15,0.37
2017-07-25,PROV-10,SKU-108701,DELI,233,8.18,1905.94,6,223.95,0.9612,credito_15,1.35
2017-07-25,PROV-10,SKU-208426,DELI,115,18.13,2084.95,7,110.22,0.9584,credito_15,9.7
2017-07-25,PROV-10,SKU-220613,DELI,239,5.5,1314.5,5,235.33,0.9846,credito_15,10.64
2017-07-25,PROV-11,SKU-108833,EGGS,106,13.17,1396.02,9,83.23,0.7852,credito_30,9.82
2017-07-25,PROV-11,SKU-127547,EGGS,268,21.95,5882.6,7,250.95,0.9364,credito_30,10.18
2017-07-25,PROV-11,SKU-158680,EGGS,363,15.57,5651.91,7,343.82,0.9472,credito_30,3.92
2017-07-25,PROV-11,SKU-208384,EGGS,990,13.6,13464,11,875.64,0.8845,credito_30,7.81
2017-07-25,PROV-11,SKU-208386,EGGS,367,17.06,6261.02,7,357.99,0.9754,credito_30,6.32
2017-07-25,PROV-11,SKU-227111,EGGS,244,15.75,3843,11,221.23,0.9067,credito_30,5.65
2017-07-25,PROV-11,SKU-258268,EGGS,459,3.54,1624.86,9,442.94,0.965,credito_30,0.73
2017-07-25,PROV-12,SKU-258411,FROZEN FOODS,152,20.23,3074.96,8,145.2,0.9553,credito_15,9.84
2017-07-25,PROV-13,SKU-103520,GROCERY I,149,24.61,3666.89,6,149,1,credito_15,4.19
2017-07-25,PROV-13,SKU-105574,GROCERY I,294,1.76,517.44,10,285.21,0.9701,credito_15,10.52
2017-07-25,PROV-13,SKU-105575,GROCERY I,143,20.25,2895.75,7,133.57,0.9341,credito_15,5.98
2017-07-25,PROV-13,SKU-105576,GROCERY I,858,13.13,11265.54,6,740.01,0.8625,credito_15,5.21
2017-07-25,PROV-13,SKU-105577,GROCERY I,116,8.29,961.64,10,114.64,0.9883,credito_15,10.66
2017-07-25,PROV-13,SKU-105693,GROCERY I,72,1.51,108.72,12,68.91,0.9571,credito_15,5.73
2017-07-25,PROV-13,SKU-105737,GROCERY I,245,12.04,2949.8,11,245,1,credito_15,7.51
2017-07-25,PROV-13,SKU-105857,GROCERY I,558,22.71,12672.18,8,513.25,0.9198,credito_15,9.17
2017-07-25,PROV-13,SKU-106716,GROCERY I,359,16.92,6074.28,8,327.93,0.9135,credito_15,5.05
2017-07-25,PROV-13,SKU-108079,GROCERY I,132,24.15,3187.8,10,114.81,0.8698,credito_15,9.51
2017-07-25,PROV-13,SKU-108797,GROCERY I,342,23.15,7917.3,9,342,1,credito_15,4.03
2017-07-25,PROV-13,SKU-108862,GROCERY I,53,17.93,950.29,9,51.75,0.9764,credito_15,1.47
2017-07-25,PROV-13,SKU-111223,GROCERY I,777,17.97,13962.69,11,755.65,0.9725,credito_15,4.17
2017-07-25,PROV-13,SKU-111397,GROCERY I,220,10.24,2252.8,6,211.16,0.9598,credito_15,2.23
2017-07-25,PROV-13,SKU-112830,GROCERY I,324,10.99,3560.76,8,283.36,0.8746,credito_15,1.42
2017-07-25,PROV-13,SKU-114790,GROCERY I,704,24.29,17100.16,8,659.59,0.9369,credito_15,6.65
2017-07-25,PROV-13,SKU-115611,GROCERY I,1178,22.31,26281.18,9,1048.18,0.8898,credito_15,4.13
2017-07-25,PROV-13,SKU-115693,GROCERY I,302,23.46,7084.92,7,288.63,0.9557,credito_15,5.42
2017-07-25,PROV-13,SKU-115720,GROCERY I,393,21.56,8473.08,10,358.77,0.9129,credito_15,0.01
2017-07-25,PROV-13,SKU-115850,GROCERY I,822,16.03,13176.66,10,822,1,credito_15,11.94
2017-07-25,PROV-13,SKU-115891,GROCERY I,580,15.3,8874,12,510.19,0.8796,credito_15,11.14
2017-07-25,PROV-13,SKU-115892,GROCERY I,671,10.31,6918.01,9,642.55,0.9576,credito_15,1.29
2017-07-25,PROV-13,SKU-115893,GROCERY I,917,7.16,6565.72,6,875.98,0.9553,credito_15,5.62
2017-07-25,PROV-13,SKU-115894,GROCERY I,1133,4.91,5563.03,6,1092.2,0.964,credito_15,4.29
2017-07-25,PROV-13,SKU-116017,GROCERY I,1146,5.48,6280.08,7,1107.03,0.966,credito_15,5.71
2017-07-25,PROV-13,SKU-116018,GROCERY I,444,9.79,4346.76,6,444,1,credito_15,2.31
2017-07-25,PROV-13,SKU-116279,GROCERY I,157,7.96,1249.72,11,157,1,credito_15,11.83
2017-07-25,PROV-13,SKU-122419,GROCERY I,162,21.05,3410.1,11,162,1,credito_15,0.79
2017-07-25,PROV-13,SKU-123601,GROCERY I,421,20.21,8508.41,9,420.95,0.9999,credito_15,10.66
2017-07-25,PROV-13,SKU-123602,GROCERY I,238,21.56,5131.28,12,230.53,0.9686,credito_15,4.51
2017-07-25,PROV-13,SKU-123927,GROCERY I,57,12.89,734.73,11,54.18,0.9505,credito_15,1.78
2017-07-25,PROV-13,SKU-125430,GROCERY I,898,5.35,4804.3,6,813.57,0.906,credito_15,11.1
2017-07-25,PROV-13,SKU-127534,GROCERY I,123,9.78,1202.94,11,122.45,0.9955,credito_15,1.96
2017-07-25,PROV-13,SKU-129296,GROCERY I,266,17.27,4593.82,9,247.97,0.9322,credito_15,5.98
2017-07-25,PROV-13,SKU-129297,GROCERY I,365,6.14,2241.1,9,325.9,0.8929,credito_15,0.68
2017-07-25,PROV-13,SKU-129759,GROCERY I,132,20.22,2669.04,10,122.8,0.9303,credito_15,9.17
2017-07-25,PROV-13,SKU-153267,GROCERY I,536,14.59,7820.24,8,481.66,0.8986,credito_15,4.1
2017-07-25,PROV-13,SKU-155499,GROCERY I,45,11.6,522,9,41.82,0.9293,credito_15,7.31
2017-07-25,PROV-13,SKU-155500,GROCERY I,1158,5.43,6287.94,9,1082.94,0.9352,credito_15,1.26
2017-07-25,PROV-13,SKU-155600,GROCERY I,72,13.97,1005.84,11,66.28,0.9206,credito_15,11.42
2017-07-25,PROV-13,SKU-155601,GROCERY I,80,17.53,1402.4,12,72.51,0.9064,credito_15,9.96
2017-07-25,PROV-13,SKU-155607,GROCERY I,60,13.99,839.4,10,54.02,0.9003,credito_15,2.31
2017-07-25,PROV-13,SKU-155610,GROCERY I,159,1.62,257.58,9,135.79,0.854,credito_15,9.27
2017-07-25,PROV-13,SKU-155621,GROCERY I,157,15.2,2386.4,10,147.98,0.9425,credito_15,0.65
2017-07-25,PROV-13,SKU-155625,GROCERY I,93,20.43,1899.99,11,76.63,0.824,credito_15,7.65
2017-07-25,PROV-13,SKU-157956,GROCERY I,184,22.53,4145.52,6,166.84,0.9067,credito_15,9.68
2017-07-25,PROV-13,SKU-158875,GROCERY I,129,10.06,1297.74,8,116.31,0.9016,credito_15,0.02
2017-07-25,PROV-13,SKU-162066,GROCERY I,506,22.92,11597.52,12,460.03,0.9092,credito_15,10.68
2017-07-25,PROV-13,SKU-164036,GROCERY I,294,10.4,3057.6,9,285.64,0.9716,credito_15,11.11
2017-07-25,PROV-13,SKU-164037,GROCERY I,259,20.02,5185.18,7,259,1,credito_15,8.62
2017-07-25,PROV-13,SKU-165594,GROCERY I,690,15.04,10377.6,11,690,1,credito_15,5.83
2017-07-25,PROV-13,SKU-165693,GROCERY I,466,4.38,2041.08,8,423.43,0.9086,credito_15,0.75
2017-07-25,PROV-13,SKU-165704,GROCERY I,1745,24.86,43380.7,6,1722.2,0.9869,credito_15,8.69
2017-07-25,PROV-13,SKU-165705,GROCERY I,200,12.35,2470,8,200,1,credito_15,9.51
2017-07-25,PROV-13,SKU-165727,GROCERY I,140,21.7,3038,12,125.6,0.8971,credito_15,4.98
2017-07-25,PROV-13,SKU-165988,GROCERY I,564,24.95,14071.8,11,560.99,0.9947,credito_15,9.69
2017-07-25,PROV-13,SKU-168989,GROCERY I,135,5.77,778.95,12,129.62,0.9601,credito_15,2.11
2017-07-25,PROV-13,SKU-169028,GROCERY I,148,3.63,537.24,9,148,1,credito_15,0.37
2017-07-25,PROV-13,SKU-170791,GROCERY I,1006,7.87,7917.22,12,943.71,0.9381,credito_15,4.61
2017-07-25,PROV-13,SKU-172184,GROCERY I,250,15.9,3975,12,239.52,0.9581,credito_15,9.62
2017-07-25,PROV-13,SKU-172343,GROCERY I,206,22.32,4597.92,11,190.43,0.9244,credito_15,6.56
2017-07-25,PROV-13,SKU-173111,GROCERY I,290,18.85,5466.5,9,262.68,0.9058,credito_15,11.89
2017-07-25,PROV-13,SKU-177395,GROCERY I,314,18.86,5922.04,12,313.22,0.9975,credito_15,5.91
2017-07-25,PROV-13,SKU-179274,GROCERY I,437,4.25,1857.25,11,421.88,0.9654,credito_15,3
2017-07-25,PROV-13,SKU-179564,GROCERY I,49,7.98,391.02,9,41.54,0.8478,credito_15,7.45
2017-07-25,PROV-13,SKU-179579,GROCERY I,166,16.68,2768.88,6,163.16,0.9829,credito_15,11.68
2017-07-25,PROV-13,SKU-205381,GROCERY I,70,10.63,744.1,6,70,1,credito_15,5.53
2017-07-25,PROV-13,SKU-205387,GROCERY I,482,24.72,11915.04,9,457.24,0.9486,credito_15,8.55
2017-07-25,PROV-13,SKU-205557,GROCERY I,98,8.19,802.62,9,91.84,0.9371,credito_15,8.16
2017-07-25,PROV-13,SKU-207857,GROCERY I,1597,8.15,13015.55,10,1395.88,0.8741,credito_15,0.78
2017-07-25,PROV-13,SKU-208514,GROCERY I,378,23.73,8969.94,11,334.36,0.8846,credito_15,6.96
2017-07-25,PROV-13,SKU-208659,GROCERY I,181,19.11,3458.91,11,181,1,credito_15,5.12
2017-07-25,PROV-13,SKU-208699,GROCERY I,132,6.33,835.56,12,116.71,0.8842,credito_15,9.02
2017-07-25,PROV-13,SKU-210798,GROCERY I,305,22.64,6905.2,9,305,1,credito_15,9.54
2017-07-25,PROV-13,SKU-211203,GROCERY I,841,20.69,17400.29,10,756.66,0.8997,credito_15,8.7
2017-07-25,PROV-13,SKU-211205,GROCERY I,484,11.7,5662.8,9,450.54,0.9309,credito_15,11.59
2017-07-25,PROV-13,SKU-211206,GROCERY I,327,12.84,4198.68,10,327,1,credito_15,4.3
2017-07-25,PROV-13,SKU-211999,GROCERY I,114,22,2508,9,114,1,credito_15,0.75
2017-07-25,PROV-13,SKU-212550,GROCERY I,157,11.44,1796.08,7,148.31,0.9446,credito_15,5.17
2017-07-25,PROV-13,SKU-212552,GROCERY I,251,17.57,4410.07,12,226.04,0.9006,credito_15,0.47
2017-07-25,PROV-13,SKU-213066,GROCERY I,323,21.09,6812.07,11,301.62,0.9338,credito_15,7.3
2017-07-25,PROV-13,SKU-213652,GROCERY I,520,10.28,5345.6,12,491.71,0.9456,credito_15,1.62
2017-07-25,PROV-13,SKU-213653,GROCERY I,355,22.82,8101.1,8,355,1,credito_15,7.03
2017-07-25,PROV-13,SKU-213788,GROCERY I,258,15.73,4058.34,10,248.52,0.9633,credito_15,11.41
2017-07-25,PROV-13,SKU-215303,GROCERY I,277,22.99,6368.23,11,277,1,credito_15,1.73
2017-07-25,PROV-13,SKU-215304,GROCERY I,175,20.98,3671.5,6,175,1,credito_15,0.46
2017-07-25,PROV-13,SKU-215327,GROCERY I,193,4.39,847.27,7,189.24,0.9805,credito_15,11.74
2017-07-25,PROV-13,SKU-215331,GROCERY I,1044,20.73,21642.12,7,1044,1,credito_15,0.29
2017-07-25,PROV-13,SKU-215332,GROCERY I,587,18.14,10648.18,12,545.06,0.9286,credito_15,7.61
2017-07-25,PROV-13,SKU-215352,GROCERY I,1027,19.77,20303.79,9,1027,1,credito_15,0.19
2017-07-25,PROV-13,SKU-215356,GROCERY I,180,7.24,1303.2,11,175.65,0.9758,credito_15,3.19
2017-07-25,PROV-13,SKU-215896,GROCERY I,632,13.91,8791.12,10,603.68,0.9552,credito_15,7.71
2017-07-25,PROV-13,SKU-217827,GROCERY I,39,2.53,98.67,7,37.95,0.9731,credito_15,2.77
2017-07-25,PROV-13,SKU-220432,GROCERY I,380,17.17,6524.6,10,362.27,0.9533,credito_15,4.63
2017-07-25,PROV-13,SKU-220435,GROCERY I,1809,21.06,38097.54,6,1809,1,credito_15,11.82
2017-07-25,PROV-13,SKU-222879,GROCERY I,1079,8.88,9581.52,11,961.41,0.891,credito_15,2.65
2017-07-25,PROV-13,SKU-222975,GROCERY I,636,16.35,10398.6,9,559.61,0.8799,credito_15,1.16
2017-07-25,PROV-13,SKU-223068,GROCERY I,157,17.11,2686.27,7,154.86,0.9864,credito_15,7.04
2017-07-25,PROV-13,SKU-223136,GROCERY I,540,15.36,8294.4,7,513.68,0.9513,credito_15,6.68
2017-07-25,PROV-13,SKU-223434,GROCERY I,428,11.22,4802.16,7,397.08,0.9278,credito_15,4.5
2017-07-25,PROV-13,SKU-223463,GROCERY I,153,15.36,2350.08,10,153,1,credito_15,1.2
2017-07-25,PROV-13,SKU-229368,GROCERY I,192,19.18,3682.56,10,184.39,0.9604,credito_15,4.44
2017-07-25,PROV-13,SKU-253145,GROCERY I,119,5.87,698.53,9,118.27,0.9939,credito_15,10.33
2017-07-25,PROV-13,SKU-255161,GROCERY I,168,17.46,2933.28,7,141.37,0.8415,credito_15,11.28
2017-07-25,PROV-13,SKU-255198,GROCERY I,195,8.35,1628.25,7,184.87,0.9481,credito_15,4.74
2017-07-25,PROV-13,SKU-255199,GROCERY I,293,20.85,6109.05,9,285.26,0.9736,credito_15,11.45
2017-07-25,PROV-13,SKU-255202,GROCERY I,2,8.12,16.24,8,1.87,0.935,credito_15,7.57
2017-07-25,PROV-13,SKU-258395,GROCERY I,235,7.79,1830.65,7,235,1,credito_15,4.92
2017-07-25,PROV-13,SKU-258396,GROCERY I,617,16.42,10131.14,8,520.23,0.8432,credito_15,0.78
2017-07-25,PROV-13,SKU-314384,GROCERY I,2384,4.03,9607.52,12,2127.78,0.8925,credito_15,6.66
2017-07-25,PROV-13,SKU-364606,GROCERY I,2794,22.34,62417.96,12,2619.45,0.9375,credito_15,3.71
2017-07-25,PROV-14,SKU-167437,GROCERY II,262,21.71,5688.02,3,243.16,0.9281,credito_30,10.63
2017-07-25,PROV-14,SKU-210520,GROCERY II,16,21.47,343.52,8,15.15,0.9469,credito_30,6.79
2017-07-25,PROV-18,SKU-250782,HOME APPLIANCES,29,22.99,666.71,11,24.92,0.8593,contado,7.75
2017-07-25,PROV-22,SKU-115847,LINGERIE,18,24.3,437.4,9,18,1,contado,3.39
2017-07-25,PROV-22,SKU-177050,LINGERIE,16,19.6,313.6,8,12.75,0.7969,contado,7.94
2017-07-25,PROV-22,SKU-215468,LINGERIE,38,5.11,194.18,9,37.25,0.9803,contado,7.72
2017-07-25,PROV-25,SKU-205209,MEATS,176.26,3.26,574.61,13,174.4,0.9894,credito_30,1.36
2017-07-25,PROV-25,SKU-584028,MEATS,2035.84,24.29,49450.55,9,2007.48,0.9861,credito_30,3.56
2017-07-25,PROV-26,SKU-114799,PERSONAL CARE,218,11.47,2500.46,6,180,0.8257,contado,10.15
2017-07-25,PROV-26,SKU-114800,PERSONAL CARE,272,21.01,5714.72,6,243.1,0.8938,contado,0.3
2017-07-25,PROV-29,SKU-108831,POULTRY,472.35,13.2,6235.02,6,458.27,0.9702,credito_15,3.37
2017-07-25,PROV-29,SKU-159156,POULTRY,402.45,24.7,9940.52,3,392.64,0.9756,credito_15,11.37
2017-07-25,PROV-29,SKU-208539,POULTRY,174.64,9.37,1636.38,3,163.75,0.9376,credito_15,5.37
2017-07-25,PROV-31,SKU-1473410,PRODUCE,3289.08,20.04,65913.16,10,2783.77,0.8464,credito_30,7.81
2017-07-25,PROV-31,SKU-1473474,PRODUCE,8723.42,10.26,89502.29,8,7750.83,0.8885,credito_30,7.85
2017-07-25,PROV-31,SKU-1502392,PRODUCE,2714.69,5.27,14306.42,4,2080.7,0.7665,credito_30,7.28
2017-07-25,PROV-31,SKU-1503844,PRODUCE,10786.61,2.17,23406.94,6,9434.76,0.8747,credito_30,8.42
2017-07-25,PROV-31,SKU-1503847,PRODUCE,2808.14,8.42,23644.54,5,2509.53,0.8937,credito_30,7.56
2017-07-25,PROV-31,SKU-1584575,PRODUCE,2726,3.25,8859.5,4,2636.72,0.9672,credito_30,11.81
2017-07-25,PROV-31,SKU-1642399,PRODUCE,3043.22,24.92,75837.04,10,2821.9,0.9273,credito_30,6.89
2017-07-25,PROV-31,SKU-1686656,PRODUCE,2386,8.68,20710.48,9,2227.27,0.9335,credito_30,11.97
2017-07-25,PROV-31,SKU-1695835,PRODUCE,2950.03,5.86,17287.18,5,2713.65,0.9199,credito_30,8.88
2017-07-25,PROV-31,SKU-1751174,PRODUCE,2384.08,10.13,24150.73,6,1812.65,0.7603,credito_30,6.69
2017-07-25,PROV-31,SKU-1926217,PRODUCE,2563,6.14,15736.82,6,2128.82,0.8306,credito_30,5.65
2017-07-25,PROV-33,SKU-252698,SEAFOOD,216.99,7.5,1627.43,7,205.82,0.9485,contado,11.52
2017-08-01,PROV-01,SKU-121964,AUTOMOTIVE,22,3.38,74.36,9,21.09,0.9586,contado,1.52
2017-08-01,PROV-01,SKU-172995,AUTOMOTIVE,47,6.73,316.31,12,47,1,contado,5.33
2017-08-01,PROV-04,SKU-1047679,BEVERAGES,7879,22.41,176568.39,5,7210.78,0.9152,credito_15,10.65
2017-08-01,PROV-04,SKU-119624,BEVERAGES,685,2.86,1959.1,8,685,1,credito_15,7.65
2017-08-01,PROV-04,SKU-1430040,BEVERAGES,3323,9.67,32133.41,4,3294.15,0.9913,credito_15,8.28
2017-08-01,PROV-04,SKU-1463992,BEVERAGES,10816,20.67,223566.72,6,9783.58,0.9045,credito_15,8.32
2017-08-01,PROV-04,SKU-1463993,BEVERAGES,7312,8.61,62956.32,8,6655.76,0.9103,credito_15,9.69
2017-08-01,PROV-04,SKU-165550,BEVERAGES,363,10.86,3942.18,5,347.45,0.9572,credito_15,3.29
2017-08-01,PROV-04,SKU-165551,BEVERAGES,99,24.82,2457.18,8,89.7,0.9061,credito_15,5.98
2017-08-01,PROV-04,SKU-165553,BEVERAGES,161,2.93,471.73,7,135.53,0.8418,credito_15,1.86
2017-08-01,PROV-04,SKU-174081,BEVERAGES,205,7.23,1482.15,5,169.97,0.8291,credito_15,8.87
2017-08-01,PROV-04,SKU-2006812,BEVERAGES,4348,19.22,83568.56,2,4119.65,0.9475,credito_15,5.04
2017-08-01,PROV-04,SKU-2042941,BEVERAGES,8534,10.12,86364.08,3,8156.06,0.9557,credito_15,10.03
2017-08-01,PROV-04,SKU-2042947,BEVERAGES,7284,17.61,128271.24,5,5924.97,0.8134,credito_15,3.19
2017-08-01,PROV-04,SKU-219147,BEVERAGES,389,16.82,6542.98,7,389,1,credito_15,4.33
2017-08-01,PROV-04,SKU-219150,BEVERAGES,2064,1.52,3137.28,4,1849.25,0.896,credito_15,7.8
2017-08-01,PROV-04,SKU-219152,BEVERAGES,84,23.63,1984.92,2,82.84,0.9862,credito_15,2.42
2017-08-01,PROV-04,SKU-257848,BEVERAGES,254,5.96,1513.84,7,254,1,credito_15,0.96
2017-08-01,PROV-04,SKU-364738,BEVERAGES,2237,14.62,32704.94,7,2107.55,0.9421,credito_15,4
2017-08-01,PROV-04,SKU-819932,BEVERAGES,5863,20.65,121070.95,5,4766.95,0.8131,credito_15,6.63
2017-08-01,PROV-06,SKU-103665,BREAD/BAKERY,219,8.68,1900.92,5,206.08,0.941,credito_15,1.27
2017-08-01,PROV-06,SKU-1333307,BREAD/BAKERY,1762,11.69,20597.78,8,1479.9,0.8399,credito_15,9.77
2017-08-01,PROV-06,SKU-153239,BREAD/BAKERY,193,9.2,1775.6,8,185.78,0.9626,credito_15,1.27
2017-08-01,PROV-06,SKU-153395,BREAD/BAKERY,144,14.3,2059.2,9,139.05,0.9656,credito_15,9.97
2017-08-01,PROV-06,SKU-153398,BREAD/BAKERY,67,10.58,708.86,6,65.2,0.9731,credito_15,8.01
2017-08-01,PROV-06,SKU-165718,BREAD/BAKERY,376,8.98,3376.48,7,265.13,0.7051,credito_15,7.62
2017-08-01,PROV-06,SKU-215370,BREAD/BAKERY,414,19.96,8263.44,4,376.54,0.9095,credito_15,8.45
2017-08-01,PROV-06,SKU-253103,BREAD/BAKERY,104,2.6,270.4,4,95.8,0.9212,credito_15,6.65
2017-08-01,PROV-08,SKU-103501,CLEANING,221,9.62,2126.02,10,201.33,0.911,credito_15,8.69
2017-08-01,PROV-08,SKU-108786,CLEANING,670,4.58,3068.6,4,670,1,credito_15,3.46
2017-08-01,PROV-08,SKU-108952,CLEANING,223,10.81,2410.63,5,218.12,0.9781,credito_15,6.92
2017-08-01,PROV-08,SKU-115267,CLEANING,461,1.77,815.97,8,461,1,credito_15,11.54
2017-08-01,PROV-08,SKU-116311,CLEANING,72,17.2,1238.4,9,70.05,0.9729,credito_15,0.69
2017-08-01,PROV-08,SKU-119023,CLEANING,146,24.77,3616.42,5,146,1,credito_15,8.23
2017-08-01,PROV-08,SKU-119024,CLEANING,285,6.05,1724.25,7,285,1,credito_15,11.59
2017-08-01,PROV-08,SKU-119026,CLEANING,574,8.19,4701.06,4,520.19,0.9063,credito_15,2.94
2017-08-01,PROV-08,SKU-119187,CLEANING,181,13.85,2506.85,5,181,1,credito_15,7.41
2017-08-01,PROV-08,SKU-119191,CLEANING,236,15.12,3568.32,7,223.18,0.9457,credito_15,0.56
2017-08-01,PROV-08,SKU-119193,CLEANING,115,13.08,1504.2,8,115,1,credito_15,7.88
2017-08-01,PROV-08,SKU-122425,CLEANING,111,8.09,897.99,10,103.03,0.9282,credito_15,5.18
2017-08-01,PROV-08,SKU-153078,CLEANING,178,6.87,1222.86,5,174.37,0.9796,credito_15,3.4
2017-08-01,PROV-08,SKU-158788,CLEANING,342,22.36,7647.12,10,295.15,0.863,credito_15,7.19
2017-08-01,PROV-08,SKU-158789,CLEANING,524,24.65,12916.6,10,492.47,0.9398,credito_15,4.87
2017-08-01,PROV-08,SKU-158956,CLEANING,319,24.55,7831.45,9,314.61,0.9862,credito_15,11.34
2017-08-01,PROV-08,SKU-159242,CLEANING,387,2.52,975.24,4,387,1,credito_15,3.16
2017-08-01,PROV-08,SKU-164647,CLEANING,2527,18.9,47760.3,5,2139.72,0.8467,credito_15,5.65
2017-08-01,PROV-08,SKU-168927,CLEANING,595,6.22,3700.9,9,559.14,0.9397,credito_15,2.36
2017-08-01,PROV-08,SKU-168930,CLEANING,758,2.51,1902.58,8,705.07,0.9302,credito_15,10.16
2017-08-01,PROV-08,SKU-168931,CLEANING,248,3.83,949.84,4,219.21,0.8839,credito_15,3.65
2017-08-01,PROV-08,SKU-169101,CLEANING,74,9.59,709.66,5,74,1,credito_15,10.19
2017-08-01,PROV-08,SKU-169104,CLEANING,26,9.36,243.36,6,25.33,0.9742,credito_15,4.31
2017-08-01,PROV-08,SKU-171890,CLEANING,146,10.02,1462.92,5,138.99,0.952,credito_15,0.71
2017-08-01,PROV-08,SKU-176411,CLEANING,28,16.05,449.4,8,27.25,0.9732,credito_15,10.1
2017-08-01,PROV-08,SKU-208498,CLEANING,254,19.45,4940.3,6,216.57,0.8526,credito_15,6.98
2017-08-01,PROV-08,SKU-209085,CLEANING,282,4.68,1319.76,7,235.52,0.8352,credito_15,11.82
2017-08-01,PROV-08,SKU-214381,CLEANING,631,9.45,5962.95,10,627.32,0.9942,credito_15,8.83
2017-08-01,PROV-08,SKU-214859,CLEANING,304,22.21,6751.84,9,272.5,0.8964,credito_15,3.39
2017-08-01,PROV-08,SKU-214860,CLEANING,257,16.03,4119.71,6,241.1,0.9381,credito_15,9.67
2017-08-01,PROV-08,SKU-214862,CLEANING,326,4.59,1496.34,7,306.32,0.9396,credito_15,10.81
2017-08-01,PROV-08,SKU-218726,CLEANING,99,13.04,1290.96,10,93.09,0.9403,credito_15,3.89
2017-08-01,PROV-08,SKU-218728,CLEANING,136,8.65,1176.4,9,135.72,0.9979,credito_15,9.61
2017-08-01,PROV-08,SKU-221506,CLEANING,211,13.87,2926.57,4,197.18,0.9345,credito_15,2.57
2017-08-01,PROV-08,SKU-224081,CLEANING,332,20.04,6653.28,10,332,1,credito_15,1.26
2017-08-01,PROV-08,SKU-226126,CLEANING,322,22.27,7170.94,8,322,1,credito_15,8.28
2017-08-01,PROV-08,SKU-252970,CLEANING,241,8.03,1935.23,7,241,1,credito_15,1.41
2017-08-01,PROV-08,SKU-252972,CLEANING,252,4,1008,10,213.26,0.8463,credito_15,8.15
2017-08-01,PROV-08,SKU-258376,CLEANING,1034,12.72,13152.48,10,1002.96,0.97,credito_15,9.61
2017-08-01,PROV-09,SKU-122095,DAIRY,166,6.17,1024.22,8,166,1,contado,4.2
2017-08-01,PROV-09,SKU-123347,DAIRY,263,16.24,4271.12,11,263,1,contado,2.47
2017-08-01,PROV-09,SKU-129635,DAIRY,885,21.54,19062.9,12,878.33,0.9925,contado,4.3
2017-08-01,PROV-09,SKU-1427659,DAIRY,2914,20.77,60523.78,10,2592.92,0.8898,contado,5.87
2017-08-01,PROV-09,SKU-158842,DAIRY,173,19.63,3395.99,10,165.37,0.9559,contado,7.14
2017-08-01,PROV-09,SKU-164088,DAIRY,286,6.09,1741.74,8,262.32,0.9172,contado,0.61
2017-08-01,PROV-09,SKU-173113,DAIRY,85,13.89,1180.65,8,85,1,contado,0.57
2017-08-01,PROV-09,SKU-179615,DAIRY,514,23.7,12181.8,11,442.02,0.86,contado,11.16
2017-08-01,PROV-09,SKU-205486,DAIRY,144,22.33,3215.52,6,142.76,0.9914,contado,8.22
2017-08-01,PROV-10,SKU-108696,DELI,297,14.5,4306.5,10,297,1,credito_15,6.85
2017-08-01,PROV-10,SKU-108698,DELI,225,4.36,981,10,225,1,credito_15,0.37
2017-08-01,PROV-10,SKU-108701,DELI,353,8.18,2887.54,9,328.2,0.9297,credito_15,1.35
2017-08-01,PROV-10,SKU-208426,DELI,158,18.13,2864.54,5,156.07,0.9878,credito_15,9.7
2017-08-01,PROV-10,SKU-220613,DELI,129,5.5,709.5,7,129,1,credito_15,10.64
2017-08-01,PROV-11,SKU-108833,EGGS,155,13.17,2041.35,9,137.33,0.886,credito_30,9.82
2017-08-01,PROV-11,SKU-127547,EGGS,272,21.95,5970.4,11,260.53,0.9578,credito_30,10.18
2017-08-01,PROV-11,SKU-158680,EGGS,363,15.57,5651.91,10,342.18,0.9426,credito_30,3.92
2017-08-01,PROV-11,SKU-208384,EGGS,1022,13.6,13899.2,9,1022,1,credito_30,7.81
2017-08-01,PROV-11,SKU-208386,EGGS,399,17.06,6806.94,8,356.61,0.8938,credito_30,6.32
2017-08-01,PROV-11,SKU-227111,EGGS,264,15.75,4158,6,234.96,0.89,credito_30,5.65
2017-08-01,PROV-11,SKU-258268,EGGS,396,3.54,1401.84,7,353.72,0.8932,credito_30,0.73
2017-08-01,PROV-12,SKU-258411,FROZEN FOODS,197,20.23,3985.31,9,188.6,0.9574,credito_15,9.84
2017-08-01,PROV-13,SKU-103520,GROCERY I,164,24.61,4036.04,8,138.46,0.8443,credito_15,4.19
2017-08-01,PROV-13,SKU-105574,GROCERY I,362,1.76,637.12,8,362,1,credito_15,10.52
2017-08-01,PROV-13,SKU-105575,GROCERY I,1015,20.25,20553.75,8,1011.29,0.9963,credito_15,5.98
2017-08-01,PROV-13,SKU-105576,GROCERY I,1260,13.13,16543.8,12,1259.14,0.9993,credito_15,5.21
2017-08-01,PROV-13,SKU-105577,GROCERY I,104,8.29,862.16,10,104,1,credito_15,10.66
2017-08-01,PROV-13,SKU-105693,GROCERY I,80,1.51,120.8,12,80,1,credito_15,5.73
2017-08-01,PROV-13,SKU-105737,GROCERY I,212,12.04,2552.48,8,195.19,0.9207,credito_15,7.51
2017-08-01,PROV-13,SKU-105857,GROCERY I,643,22.71,14602.53,11,603.87,0.9391,credito_15,9.17
2017-08-01,PROV-13,SKU-106716,GROCERY I,444,16.92,7512.48,8,432.52,0.9741,credito_15,5.05
2017-08-01,PROV-13,SKU-108079,GROCERY I,151,24.15,3646.65,7,143.31,0.9491,credito_15,9.51
2017-08-01,PROV-13,SKU-108797,GROCERY I,607,23.15,14052.05,10,529.3,0.872,credito_15,4.03
2017-08-01,PROV-13,SKU-108862,GROCERY I,61,17.93,1093.73,11,61,1,credito_15,1.47
2017-08-01,PROV-13,SKU-111223,GROCERY I,1005,17.97,18059.85,11,830.54,0.8264,credito_15,4.17
2017-08-01,PROV-13,SKU-111397,GROCERY I,193,10.24,1976.32,6,190.81,0.9887,credito_15,2.23
2017-08-01,PROV-13,SKU-112830,GROCERY I,266,10.99,2923.34,12,248.81,0.9354,credito_15,1.42
2017-08-01,PROV-13,SKU-114790,GROCERY I,937,24.29,22759.73,10,801.77,0.8557,credito_15,6.65
2017-08-01,PROV-13,SKU-115611,GROCERY I,1259,22.31,28088.29,8,1059.98,0.8419,credito_15,4.13
2017-08-01,PROV-13,SKU-115693,GROCERY I,267,23.46,6263.82,11,248.84,0.932,credito_15,5.42
2017-08-01,PROV-13,SKU-115720,GROCERY I,315,21.56,6791.4,6,311.59,0.9892,credito_15,0.01
2017-08-01,PROV-13,SKU-115850,GROCERY I,1134,16.03,18178.02,11,1085.45,0.9572,credito_15,11.94
2017-08-01,PROV-13,SKU-115891,GROCERY I,559,15.3,8552.7,12,550.25,0.9843,credito_15,11.14
2017-08-01,PROV-13,SKU-115892,GROCERY I,845,10.31,8711.95,9,815.49,0.9651,credito_15,1.29
2017-08-01,PROV-13,SKU-115893,GROCERY I,1223,7.16,8756.68,6,1223,1,credito_15,5.62
2017-08-01,PROV-13,SKU-115894,GROCERY I,1279,4.91,6279.89,7,1162.36,0.9088,credito_15,4.29
2017-08-01,PROV-13,SKU-116017,GROCERY I,1512,5.48,8285.76,11,1512,1,credito_15,5.71
2017-08-01,PROV-13,SKU-116018,GROCERY I,595,9.79,5825.05,7,505.06,0.8488,credito_15,2.31
2017-08-01,PROV-13,SKU-116279,GROCERY I,204,7.96,1623.84,10,195.14,0.9566,credito_15,11.83
2017-08-01,PROV-13,SKU-122419,GROCERY I,200,21.05,4210,9,194.55,0.9728,credito_15,0.79
2017-08-01,PROV-13,SKU-123601,GROCERY I,616,20.21,12449.36,6,547.98,0.8896,credito_15,10.66
2017-08-01,PROV-13,SKU-123602,GROCERY I,266,21.56,5734.96,9,266,1,credito_15,4.51
2017-08-01,PROV-13,SKU-123927,GROCERY I,64,12.89,824.96,9,61.89,0.967,credito_15,1.78
2017-08-01,PROV-13,SKU-125430,GROCERY I,983,5.35,5259.05,7,882.18,0.8974,credito_15,11.1
2017-08-01,PROV-13,SKU-127534,GROCERY I,150,9.78,1467,6,150,1,credito_15,1.96
2017-08-01,PROV-13,SKU-129296,GROCERY I,307,17.27,5301.89,6,286.31,0.9326,credito_15,5.98
2017-08-01,PROV-13,SKU-129297,GROCERY I,268,6.14,1645.52,7,268,1,credito_15,0.68
2017-08-01,PROV-13,SKU-129759,GROCERY I,187,20.22,3781.14,6,181.41,0.9701,credito_15,9.17
2017-08-01,PROV-13,SKU-153267,GROCERY I,543,14.59,7922.37,9,543,1,credito_15,4.1
2017-08-01,PROV-13,SKU-155499,GROCERY I,79,11.6,916.4,9,72.79,0.9214,credito_15,7.31
2017-08-01,PROV-13,SKU-155500,GROCERY I,1524,5.43,8275.32,7,1346.05,0.8832,credito_15,1.26
2017-08-01,PROV-13,SKU-155600,GROCERY I,118,13.97,1648.46,11,108.06,0.9158,credito_15,11.42
2017-08-01,PROV-13,SKU-155601,GROCERY I,92,17.53,1612.76,9,85.53,0.9297,credito_15,9.96
2017-08-01,PROV-13,SKU-155607,GROCERY I,84,13.99,1175.16,10,73.86,0.8793,credito_15,2.31
2017-08-01,PROV-13,SKU-155610,GROCERY I,196,1.62,317.52,9,195.31,0.9965,credito_15,9.27
2017-08-01,PROV-13,SKU-155621,GROCERY I,182,15.2,2766.4,11,163.94,0.9008,credito_15,0.65
2017-08-01,PROV-13,SKU-155625,GROCERY I,119,20.43,2431.17,9,119,1,credito_15,7.65
2017-08-01,PROV-13,SKU-157956,GROCERY I,197,22.53,4438.41,7,185.5,0.9416,credito_15,9.68
2017-08-01,PROV-13,SKU-158875,GROCERY I,139,10.06,1398.34,10,126.43,0.9096,credito_15,0.02
2017-08-01,PROV-13,SKU-162066,GROCERY I,547,22.92,12537.24,10,469.9,0.859,credito_15,10.68
2017-08-01,PROV-13,SKU-164036,GROCERY I,331,10.4,3442.4,11,269.83,0.8152,credito_15,11.11
2017-08-01,PROV-13,SKU-164037,GROCERY I,303,20.02,6066.06,12,276.49,0.9125,credito_15,8.62
2017-08-01,PROV-13,SKU-165594,GROCERY I,749,15.04,11264.96,10,686.88,0.9171,credito_15,5.83
2017-08-01,PROV-13,SKU-165693,GROCERY I,456,4.38,1997.28,7,451.19,0.9895,credito_15,0.75
2017-08-01,PROV-13,SKU-165704,GROCERY I,1492,24.86,37091.12,7,1336.24,0.8956,credito_15,8.69
2017-08-01,PROV-13,SKU-165705,GROCERY I,263,12.35,3248.05,8,246.16,0.936,credito_15,9.51
2017-08-01,PROV-13,SKU-165727,GROCERY I,211,21.7,4578.7,6,211,1,credito_15,4.98
2017-08-01,PROV-13,SKU-165988,GROCERY I,769,24.95,19186.55,8,767.47,0.998,credito_15,9.69
2017-08-01,PROV-13,SKU-168989,GROCERY I,144,5.77,830.88,10,136.12,0.9453,credito_15,2.11
2017-08-01,PROV-13,SKU-169028,GROCERY I,197,3.63,715.11,8,163.2,0.8284,credito_15,0.37
2017-08-01,PROV-13,SKU-170791,GROCERY I,481,7.87,3785.47,10,412.51,0.8576,credito_15,4.61
2017-08-01,PROV-13,SKU-172184,GROCERY I,351,15.9,5580.9,7,340.94,0.9713,credito_15,9.62
2017-08-01,PROV-13,SKU-172343,GROCERY I,437,22.32,9753.84,12,390.9,0.8945,credito_15,6.56
2017-08-01,PROV-13,SKU-173111,GROCERY I,322,18.85,6069.7,12,302.49,0.9394,credito_15,11.89
2017-08-01,PROV-13,SKU-177395,GROCERY I,344,18.86,6487.84,12,344,1,credito_15,5.91
2017-08-01,PROV-13,SKU-179274,GROCERY I,430,4.25,1827.5,12,394.71,0.9179,credito_15,3
2017-08-01,PROV-13,SKU-179564,GROCERY I,48,7.98,383.04,12,47.65,0.9927,credito_15,7.45
2017-08-01,PROV-13,SKU-179579,GROCERY I,154,16.68,2568.72,10,138.08,0.8966,credito_15,11.68
2017-08-01,PROV-13,SKU-205381,GROCERY I,111,10.63,1179.93,7,95.5,0.8604,credito_15,5.53
2017-08-01,PROV-13,SKU-205387,GROCERY I,566,24.72,13991.52,9,533.54,0.9427,credito_15,8.55
2017-08-01,PROV-13,SKU-205557,GROCERY I,115,8.19,941.85,12,105.66,0.9188,credito_15,8.16
2017-08-01,PROV-13,SKU-207857,GROCERY I,1342,8.15,10937.3,7,1241.08,0.9248,credito_15,0.78
2017-08-01,PROV-13,SKU-208514,GROCERY I,408,23.73,9681.84,7,391.33,0.9591,credito_15,6.96
2017-08-01,PROV-13,SKU-208659,GROCERY I,131,19.11,2503.41,9,131,1,credito_15,5.12
2017-08-01,PROV-13,SKU-208699,GROCERY I,153,6.33,968.49,11,153,1,credito_15,9.02
2017-08-01,PROV-13,SKU-210798,GROCERY I,307,22.64,6950.48,7,293.87,0.9572,credito_15,9.54
2017-08-01,PROV-13,SKU-211203,GROCERY I,1024,20.69,21186.56,11,1022.44,0.9985,credito_15,8.7
2017-08-01,PROV-13,SKU-211205,GROCERY I,617,11.7,7218.9,9,617,1,credito_15,11.59
2017-08-01,PROV-13,SKU-211206,GROCERY I,386,12.84,4956.24,9,364.93,0.9454,credito_15,4.3
2017-08-01,PROV-13,SKU-211999,GROCERY I,145,22,3190,6,128.95,0.8893,credito_15,0.75
2017-08-01,PROV-13,SKU-212550,GROCERY I,122,11.44,1395.68,6,98.81,0.8099,credito_15,5.17
2017-08-01,PROV-13,SKU-212552,GROCERY I,303,17.57,5323.71,10,299.33,0.9879,credito_15,0.47
2017-08-01,PROV-13,SKU-213066,GROCERY I,370,21.09,7803.3,6,309.85,0.8374,credito_15,7.3
2017-08-01,PROV-13,SKU-213652,GROCERY I,577,10.28,5931.56,8,548.02,0.9498,credito_15,1.62
2017-08-01,PROV-13,SKU-213653,GROCERY I,340,22.82,7758.8,10,311.03,0.9148,credito_15,7.03
2017-08-01,PROV-13,SKU-213788,GROCERY I,320,15.73,5033.6,9,263,0.8219,credito_15,11.41
2017-08-01,PROV-13,SKU-215303,GROCERY I,305,22.99,7011.95,6,305,1,credito_15,1.73
2017-08-01,PROV-13,SKU-215304,GROCERY I,245,20.98,5140.1,12,222.99,0.9102,credito_15,0.46
2017-08-01,PROV-13,SKU-215327,GROCERY I,693,4.39,3042.27,6,587.27,0.8474,credito_15,11.74
2017-08-01,PROV-13,SKU-215331,GROCERY I,1116,20.73,23134.68,9,1101.09,0.9866,credito_15,0.29
2017-08-01,PROV-13,SKU-215332,GROCERY I,668,18.14,12117.52,6,658.76,0.9862,credito_15,7.61
2017-08-01,PROV-13,SKU-215352,GROCERY I,1198,19.77,23684.46,8,1139.81,0.9514,credito_15,0.19
2017-08-01,PROV-13,SKU-215356,GROCERY I,247,7.24,1788.28,6,247,1,credito_15,3.19
2017-08-01,PROV-13,SKU-215896,GROCERY I,806,13.91,11211.46,10,722.83,0.8968,credito_15,7.71
2017-08-01,PROV-13,SKU-217827,GROCERY I,8,2.53,20.24,10,7.34,0.9175,credito_15,2.77
2017-08-01,PROV-13,SKU-220432,GROCERY I,695,17.17,11933.15,11,692.69,0.9967,credito_15,4.63
2017-08-01,PROV-13,SKU-220435,GROCERY I,2222,21.06,46795.32,7,2010.18,0.9047,credito_15,11.82
2017-08-01,PROV-13,SKU-222879,GROCERY I,1289,8.88,11446.32,8,1160.66,0.9004,credito_15,2.65
2017-08-01,PROV-13,SKU-222975,GROCERY I,686,16.35,11216.1,8,668.89,0.9751,credito_15,1.16
2017-08-01,PROV-13,SKU-223068,GROCERY I,178,17.11,3045.58,7,178,1,credito_15,7.04
2017-08-01,PROV-13,SKU-223136,GROCERY I,776,15.36,11919.36,9,696.34,0.8973,credito_15,6.68
2017-08-01,PROV-13,SKU-223434,GROCERY I,577,11.22,6473.94,9,517.61,0.8971,credito_15,4.5
2017-08-01,PROV-13,SKU-223463,GROCERY I,162,15.36,2488.32,11,162,1,credito_15,1.2
2017-08-01,PROV-13,SKU-229368,GROCERY I,219,19.18,4200.42,6,193.55,0.8838,credito_15,4.44
2017-08-01,PROV-13,SKU-253145,GROCERY I,167,5.87,980.29,11,166.46,0.9968,credito_15,10.33
2017-08-01,PROV-13,SKU-255161,GROCERY I,182,17.46,3177.72,6,176.18,0.968,credito_15,11.28
2017-08-01,PROV-13,SKU-255198,GROCERY I,296,8.35,2471.6,7,281.3,0.9503,credito_15,4.74
2017-08-01,PROV-13,SKU-255199,GROCERY I,128,20.85,2668.8,6,110.53,0.8635,credito_15,11.45
2017-08-01,PROV-13,SKU-255202,GROCERY I,493,8.12,4003.16,6,493,1,credito_15,7.57
2017-08-01,PROV-13,SKU-258395,GROCERY I,269,7.79,2095.51,11,263.74,0.9804,credito_15,4.92
2017-08-01,PROV-13,SKU-258396,GROCERY I,717,16.42,11773.14,8,666.3,0.9293,credito_15,0.78
2017-08-01,PROV-13,SKU-314384,GROCERY I,3020,4.03,12170.6,11,3020,1,credito_15,6.66
2017-08-01,PROV-13,SKU-364606,GROCERY I,3336,22.34,74526.24,9,3336,1,credito_15,3.71
2017-08-01,PROV-14,SKU-167437,GROCERY II,243,21.71,5275.53,6,241.61,0.9943,credito_30,10.63
2017-08-01,PROV-14,SKU-210520,GROCERY II,10,21.47,214.7,7,9.2,0.92,credito_30,6.79
2017-08-01,PROV-18,SKU-250782,HOME APPLIANCES,23,22.99,528.77,7,21.5,0.9348,contado,7.75
2017-08-01,PROV-22,SKU-115847,LINGERIE,27,24.3,656.1,6,20.86,0.7726,contado,3.39
2017-08-01,PROV-22,SKU-177050,LINGERIE,21,19.6,411.6,7,19.23,0.9157,contado,7.94
2017-08-01,PROV-22,SKU-215468,LINGERIE,58,5.11,296.38,7,51.57,0.8891,contado,7.72
2017-08-01,PROV-25,SKU-205209,MEATS,214.2,3.26,698.29,12,201.84,0.9423,credito_30,1.36
2017-08-01,PROV-25,SKU-584028,MEATS,2031.37,24.29,49341.98,11,1924.3,0.9473,credito_30,3.56
2017-08-01,PROV-26,SKU-114799,PERSONAL CARE,278,11.47,3188.66,6,247.71,0.891,contado,10.15
2017-08-01,PROV-26,SKU-114800,PERSONAL CARE,272,21.01,5714.72,2,243.68,0.8959,contado,0.3
2017-08-01,PROV-29,SKU-108831,POULTRY,528.32,13.2,6973.82,6,475.87,0.9007,credito_15,3.37
2017-08-01,PROV-29,SKU-159156,POULTRY,272.38,24.7,6727.79,8,223.27,0.8197,credito_15,11.37
2017-08-01,PROV-29,SKU-208539,POULTRY,185.94,9.37,1742.26,8,185.94,1,credito_15,5.37
2017-08-01,PROV-31,SKU-1473410,PRODUCE,3388.96,20.04,67914.76,8,2688.55,0.7933,credito_30,7.81
2017-08-01,PROV-31,SKU-1473474,PRODUCE,8613.08,10.26,88370.2,4,7665.12,0.8899,credito_30,7.85
2017-08-01,PROV-31,SKU-1502392,PRODUCE,2935.66,5.27,15470.93,8,2671.94,0.9102,credito_30,7.28
2017-08-01,PROV-31,SKU-1503844,PRODUCE,11235.3,2.17,24380.6,6,9761.81,0.8689,credito_30,8.42
2017-08-01,PROV-31,SKU-1503847,PRODUCE,3070.74,8.42,25855.63,7,2713.4,0.8836,credito_30,7.56
2017-08-01,PROV-31,SKU-1584575,PRODUCE,2792,3.25,9074,4,2479.56,0.8881,credito_30,11.81
2017-08-01,PROV-31,SKU-1642399,PRODUCE,3003.81,24.92,74854.95,5,2697.19,0.8979,credito_30,6.89
2017-08-01,PROV-31,SKU-1686656,PRODUCE,2595,8.68,22524.6,6,2115.29,0.8151,credito_30,11.97
2017-08-01,PROV-31,SKU-1695835,PRODUCE,3355.55,5.86,19663.52,7,3242.86,0.9664,credito_30,8.88
2017-08-01,PROV-31,SKU-1751174,PRODUCE,2617.14,10.13,26511.63,8,2581.06,0.9862,credito_30,6.69
2017-08-01,PROV-31,SKU-1926217,PRODUCE,2726,6.14,16737.64,8,2478.44,0.9092,credito_30,5.65
2017-08-01,PROV-33,SKU-252698,SEAFOOD,213.2,7.5,1599,6,193.71,0.9086,contado,11.52
2017-08-08,PROV-01,SKU-121964,AUTOMOTIVE,24,3.38,81.12,9,20.04,0.835,contado,1.52
2017-08-08,PROV-01,SKU-172995,AUTOMOTIVE,35,6.73,235.55,6,33.06,0.9446,contado,5.33
2017-08-08,PROV-04,SKU-1047679,BEVERAGES,5901,22.41,132241.41,2,5314.01,0.9005,credito_15,10.65
2017-08-08,PROV-04,SKU-119624,BEVERAGES,623,2.86,1781.78,4,572.9,0.9196,credito_15,7.65
2017-08-08,PROV-04,SKU-1430040,BEVERAGES,2310,9.67,22337.7,4,2210.28,0.9568,credito_15,8.28
2017-08-08,PROV-04,SKU-1463992,BEVERAGES,8689,20.67,179601.63,6,8689,1,credito_15,8.32
2017-08-08,PROV-04,SKU-1463993,BEVERAGES,6252,8.61,53829.72,7,5752.29,0.9201,credito_15,9.69
2017-08-08,PROV-04,SKU-165550,BEVERAGES,277,10.86,3008.22,5,245.65,0.8868,credito_15,3.29
2017-08-08,PROV-04,SKU-165551,BEVERAGES,86,24.82,2134.52,3,75.34,0.876,credito_15,5.98
2017-08-08,PROV-04,SKU-165553,BEVERAGES,122,2.93,357.46,4,115.78,0.949,credito_15,1.86
2017-08-08,PROV-04,SKU-174081,BEVERAGES,179,7.23,1294.17,6,162.1,0.9056,credito_15,8.87
2017-08-08,PROV-04,SKU-2006812,BEVERAGES,5805,19.22,111572.1,5,4949.84,0.8527,credito_15,5.04
2017-08-08,PROV-04,SKU-2042941,BEVERAGES,7346,10.12,74341.52,6,6077.48,0.8273,credito_15,10.03
2017-08-08,PROV-04,SKU-2042947,BEVERAGES,5926,17.61,104356.86,3,5797.93,0.9784,credito_15,3.19
2017-08-08,PROV-04,SKU-219147,BEVERAGES,339,16.82,5701.98,8,313.87,0.9259,credito_15,4.33
2017-08-08,PROV-04,SKU-219150,BEVERAGES,1792,1.52,2723.84,8,1634.9,0.9123,credito_15,7.8
2017-08-08,PROV-04,SKU-219152,BEVERAGES,277,23.63,6545.51,5,259.48,0.9368,credito_15,2.42
2017-08-08,PROV-04,SKU-257848,BEVERAGES,253,5.96,1507.88,7,234.53,0.927,credito_15,0.96
2017-08-08,PROV-04,SKU-364738,BEVERAGES,1524,14.62,22280.88,8,1362.24,0.8939,credito_15,4
2017-08-08,PROV-04,SKU-819932,BEVERAGES,4702,20.65,97096.3,6,4438.07,0.9439,credito_15,6.63
2017-08-08,PROV-06,SKU-103665,BREAD/BAKERY,189,8.68,1640.52,5,178.12,0.9424,credito_15,1.27
2017-08-08,PROV-06,SKU-1333307,BREAD/BAKERY,1857,11.69,21708.33,5,1857,1,credito_15,9.77
2017-08-08,PROV-06,SKU-153239,BREAD/BAKERY,150,9.2,1380,7,144,0.96,credito_15,1.27
2017-08-08,PROV-06,SKU-153395,BREAD/BAKERY,122,14.3,1744.6,9,122,1,credito_15,9.97
2017-08-08,PROV-06,SKU-153398,BREAD/BAKERY,75,10.58,793.5,4,64.72,0.8629,credito_15,8.01
2017-08-08,PROV-06,SKU-165718,BREAD/BAKERY,441,8.98,3960.18,5,373.04,0.8459,credito_15,7.62
2017-08-08,PROV-06,SKU-215370,BREAD/BAKERY,361,19.96,7205.56,8,352.53,0.9765,credito_15,8.45
2017-08-08,PROV-06,SKU-253103,BREAD/BAKERY,84,2.6,218.4,7,75.48,0.8986,credito_15,6.65
2017-08-08,PROV-08,SKU-103501,CLEANING,157,9.62,1510.34,5,155.88,0.9929,credito_15,8.69
2017-08-08,PROV-08,SKU-108786,CLEANING,487,4.58,2230.46,8,423.65,0.8699,credito_15,3.46
2017-08-08,PROV-08,SKU-108952,CLEANING,195,10.81,2107.95,7,191.16,0.9803,credito_15,6.92
2017-08-08,PROV-08,SKU-115267,CLEANING,307,1.77,543.39,7,277.03,0.9024,credito_15,11.54
2017-08-08,PROV-08,SKU-116311,CLEANING,38,17.2,653.6,6,32.68,0.86,credito_15,0.69
2017-08-08,PROV-08,SKU-119023,CLEANING,90,24.77,2229.3,7,90,1,credito_15,8.23
2017-08-08,PROV-08,SKU-119024,CLEANING,239,6.05,1445.95,4,199.57,0.835,credito_15,11.59
2017-08-08,PROV-08,SKU-119026,CLEANING,479,8.19,3923.01,6,477.09,0.996,credito_15,2.94
2017-08-08,PROV-08,SKU-119187,CLEANING,164,13.85,2271.4,8,158.42,0.966,credito_15,7.41
2017-08-08,PROV-08,SKU-119191,CLEANING,182,15.12,2751.84,4,182,1,credito_15,0.56
2017-08-08,PROV-08,SKU-119193,CLEANING,60,13.08,784.8,10,52.95,0.8825,credito_15,7.88
2017-08-08,PROV-08,SKU-122425,CLEANING,93,8.09,752.37,5,93,1,credito_15,5.18
2017-08-08,PROV-08,SKU-153078,CLEANING,157,6.87,1078.59,10,157,1,credito_15,3.4
2017-08-08,PROV-08,SKU-158788,CLEANING,284,22.36,6350.24,9,284,1,credito_15,7.19
2017-08-08,PROV-08,SKU-158789,CLEANING,593,24.65,14617.45,8,593,1,credito_15,4.87
2017-08-08,PROV-08,SKU-158956,CLEANING,203,24.55,4983.65,10,203,1,credito_15,11.34
2017-08-08,PROV-08,SKU-159242,CLEANING,256,2.52,645.12,4,256,1,credito_15,3.16
2017-08-08,PROV-08,SKU-164647,CLEANING,274,18.9,5178.6,5,272.07,0.993,credito_15,5.65
2017-08-08,PROV-08,SKU-168927,CLEANING,445,6.22,2767.9,10,445,1,credito_15,2.36
2017-08-08,PROV-08,SKU-168930,CLEANING,587,2.51,1473.37,7,540.78,0.9213,credito_15,10.16
2017-08-08,PROV-08,SKU-168931,CLEANING,184,3.83,704.72,10,184,1,credito_15,3.65
2017-08-08,PROV-08,SKU-169101,CLEANING,45,9.59,431.55,9,45,1,credito_15,10.19
2017-08-08,PROV-08,SKU-169104,CLEANING,13,9.36,121.68,9,11.87,0.9131,credito_15,4.31
2017-08-08,PROV-08,SKU-171890,CLEANING,146,10.02,1462.92,6,146,1,credito_15,0.71
2017-08-08,PROV-08,SKU-176411,CLEANING,15,16.05,240.75,5,15,1,credito_15,10.1
2017-08-08,PROV-08,SKU-208498,CLEANING,224,19.45,4356.8,9,220.84,0.9859,credito_15,6.98
2017-08-08,PROV-08,SKU-209085,CLEANING,205,4.68,959.4,10,205,1,credito_15,11.82
2017-08-08,PROV-08,SKU-214381,CLEANING,424,9.45,4006.8,6,400.98,0.9457,credito_15,8.83
2017-08-08,PROV-08,SKU-214859,CLEANING,184,22.21,4086.64,10,177.38,0.964,credito_15,3.39
2017-08-08,PROV-08,SKU-214860,CLEANING,266,16.03,4263.98,4,266,1,credito_15,9.67
2017-08-08,PROV-08,SKU-214862,CLEANING,208,4.59,954.72,4,208,1,credito_15,10.81
2017-08-08,PROV-08,SKU-218726,CLEANING,83,13.04,1082.32,4,83,1,credito_15,3.89
2017-08-08,PROV-08,SKU-218728,CLEANING,64,8.65,553.6,6,60.8,0.95,credito_15,9.61
2017-08-08,PROV-08,SKU-221506,CLEANING,146,13.87,2025.02,8,141.26,0.9675,credito_15,2.57
2017-08-08,PROV-08,SKU-224081,CLEANING,274,20.04,5490.96,10,274,1,credito_15,1.26
2017-08-08,PROV-08,SKU-226126,CLEANING,303,22.27,6747.81,4,303,1,credito_15,8.28
2017-08-08,PROV-08,SKU-252970,CLEANING,204,8.03,1638.12,4,204,1,credito_15,1.41
2017-08-08,PROV-08,SKU-252972,CLEANING,191,4,764,6,183.96,0.9631,credito_15,8.15
2017-08-08,PROV-08,SKU-258376,CLEANING,613,12.72,7797.36,4,613,1,credito_15,9.61
2017-08-08,PROV-09,SKU-122095,DAIRY,138,6.17,851.46,7,111.34,0.8068,contado,4.2
2017-08-08,PROV-09,SKU-123347,DAIRY,217,16.24,3524.08,12,209.28,0.9644,contado,2.47
2017-08-08,PROV-09,SKU-129635,DAIRY,685,21.54,14754.9,11,563.99,0.8233,contado,4.3
2017-08-08,PROV-09,SKU-1427659,DAIRY,2640,20.77,54832.8,8,2549.82,0.9658,contado,5.87
2017-08-08,PROV-09,SKU-158842,DAIRY,206,19.63,4043.78,8,206,1,contado,7.14
2017-08-08,PROV-09,SKU-164088,DAIRY,245,6.09,1492.05,11,206.88,0.8444,contado,0.61
2017-08-08,PROV-09,SKU-173113,DAIRY,58,13.89,805.62,10,49.81,0.8588,contado,0.57
2017-08-08,PROV-09,SKU-179615,DAIRY,457,23.7,10830.9,12,435.5,0.953,contado,11.16
2017-08-08,PROV-09,SKU-205486,DAIRY,127,22.33,2835.91,7,114.76,0.9036,contado,8.22
2017-08-08,PROV-10,SKU-108696,DELI,229,14.5,3320.5,10,225.79,0.986,credito_15,6.85
2017-08-08,PROV-10,SKU-108698,DELI,190,4.36,828.4,8,190,1,credito_15,0.37
2017-08-08,PROV-10,SKU-108701,DELI,261,8.18,2134.98,8,259.02,0.9924,credito_15,1.35
2017-08-08,PROV-10,SKU-208426,DELI,125,18.13,2266.25,8,123.18,0.9854,credito_15,9.7
2017-08-08,PROV-10,SKU-220613,DELI,103,5.5,566.5,8,93.67,0.9094,credito_15,10.64
2017-08-08,PROV-11,SKU-108833,EGGS,124,13.17,1633.08,10,114.96,0.9271,credito_30,9.82
2017-08-08,PROV-11,SKU-127547,EGGS,245,21.95,5377.75,12,216.1,0.882,credito_30,10.18
2017-08-08,PROV-11,SKU-158680,EGGS,337,15.57,5247.09,8,315.16,0.9352,credito_30,3.92
2017-08-08,PROV-11,SKU-208384,EGGS,798,13.6,10852.8,11,721.91,0.9046,credito_30,7.81
2017-08-08,PROV-11,SKU-208386,EGGS,333,17.06,5680.98,12,295.8,0.8883,credito_30,6.32
2017-08-08,PROV-11,SKU-227111,EGGS,266,15.75,4189.5,12,228.39,0.8586,credito_30,5.65
2017-08-08,PROV-11,SKU-258268,EGGS,334,3.54,1182.36,10,324.15,0.9705,credito_30,0.73
2017-08-08,PROV-12,SKU-258411,FROZEN FOODS,205,20.23,4147.15,7,205,1,credito_15,9.84
2017-08-08,PROV-13,SKU-103520,GROCERY I,126,24.61,3100.86,6,118.82,0.943,credito_15,4.19
2017-08-08,PROV-13,SKU-105574,GROCERY I,283,1.76,498.08,12,257.58,0.9102,credito_15,10.52
2017-08-08,PROV-13,SKU-105575,GROCERY I,1022,20.25,20695.5,6,1022,1,credito_15,5.98
2017-08-08,PROV-13,SKU-105576,GROCERY I,854,13.13,11213.02,6,778.54,0.9116,credito_15,5.21
2017-08-08,PROV-13,SKU-105577,GROCERY I,68,8.29,563.72,9,62.85,0.9243,credito_15,10.66
2017-08-08,PROV-13,SKU-105693,GROCERY I,76,1.51,114.76,7,62.98,0.8287,credito_15,5.73
2017-08-08,PROV-13,SKU-105737,GROCERY I,144,12.04,1733.76,10,123.85,0.8601,credito_15,7.51
2017-08-08,PROV-13,SKU-105857,GROCERY I,574,22.71,13035.54,9,543.66,0.9471,credito_15,9.17
2017-08-08,PROV-13,SKU-106716,GROCERY I,331,16.92,5600.52,9,304.79,0.9208,credito_15,5.05
2017-08-08,PROV-13,SKU-108079,GROCERY I,160,24.15,3864,7,152.5,0.9531,credito_15,9.51
2017-08-08,PROV-13,SKU-108797,GROCERY I,623,23.15,14422.45,7,617.16,0.9906,credito_15,4.03
2017-08-08,PROV-13,SKU-108862,GROCERY I,44,17.93,788.92,11,40.9,0.9295,credito_15,1.47
2017-08-08,PROV-13,SKU-111223,GROCERY I,800,17.97,14376,11,777.63,0.972,credito_15,4.17
2017-08-08,PROV-13,SKU-111397,GROCERY I,204,10.24,2088.96,12,185.81,0.9108,credito_15,2.23
2017-08-08,PROV-13,SKU-112830,GROCERY I,175,10.99,1923.25,11,164.59,0.9405,credito_15,1.42
2017-08-08,PROV-13,SKU-114790,GROCERY I,722,24.29,17537.38,11,694.62,0.9621,credito_15,6.65
2017-08-08,PROV-13,SKU-115611,GROCERY I,1015,22.31,22644.65,9,997.09,0.9824,credito_15,4.13
2017-08-08,PROV-13,SKU-115693,GROCERY I,260,23.46,6099.6,6,243.72,0.9374,credito_15,5.42
2017-08-08,PROV-13,SKU-115720,GROCERY I,218,21.56,4700.08,9,213.98,0.9816,credito_15,0.01
2017-08-08,PROV-13,SKU-115850,GROCERY I,716,16.03,11477.48,7,716,1,credito_15,11.94
2017-08-08,PROV-13,SKU-115891,GROCERY I,816,15.3,12484.8,11,695.07,0.8518,credito_15,11.14
2017-08-08,PROV-13,SKU-115892,GROCERY I,614,10.31,6330.34,11,565.32,0.9207,credito_15,1.29
2017-08-08,PROV-13,SKU-115893,GROCERY I,1164,7.16,8334.24,12,1132.49,0.9729,credito_15,5.62
2017-08-08,PROV-13,SKU-115894,GROCERY I,5292,4.91,25983.72,8,5292,1,credito_15,4.29
2017-08-08,PROV-13,SKU-116017,GROCERY I,999,5.48,5474.52,10,999,1,credito_15,5.71
2017-08-08,PROV-13,SKU-116018,GROCERY I,421,9.79,4121.59,8,421,1,credito_15,2.31
2017-08-08,PROV-13,SKU-116279,GROCERY I,169,7.96,1345.24,11,141.19,0.8354,credito_15,11.83
2017-08-08,PROV-13,SKU-122419,GROCERY I,129,21.05,2715.45,9,115.63,0.8964,credito_15,0.79
2017-08-08,PROV-13,SKU-123601,GROCERY I,427,20.21,8629.67,11,358.45,0.8395,credito_15,10.66
2017-08-08,PROV-13,SKU-123602,GROCERY I,235,21.56,5066.6,7,216.9,0.923,credito_15,4.51
2017-08-08,PROV-13,SKU-123927,GROCERY I,48,12.89,618.72,10,47.39,0.9873,credito_15,1.78
2017-08-08,PROV-13,SKU-125430,GROCERY I,897,5.35,4798.95,8,890.85,0.9931,credito_15,11.1
2017-08-08,PROV-13,SKU-127534,GROCERY I,121,9.78,1183.38,9,102.62,0.8481,credito_15,1.96
2017-08-08,PROV-13,SKU-129296,GROCERY I,262,17.27,4524.74,8,248.22,0.9474,credito_15,5.98
2017-08-08,PROV-13,SKU-129297,GROCERY I,227,6.14,1393.78,11,219.54,0.9671,credito_15,0.68
2017-08-08,PROV-13,SKU-129759,GROCERY I,146,20.22,2952.12,11,131.15,0.8983,credito_15,9.17
2017-08-08,PROV-13,SKU-153267,GROCERY I,487,14.59,7105.33,6,435.89,0.8951,credito_15,4.1
2017-08-08,PROV-13,SKU-155499,GROCERY I,230,11.6,2668,10,219.39,0.9539,credito_15,7.31
2017-08-08,PROV-13,SKU-155500,GROCERY I,1062,5.43,5766.66,10,996.51,0.9383,credito_15,1.26
2017-08-08,PROV-13,SKU-155600,GROCERY I,86,13.97,1201.42,11,86,1,credito_15,11.42
2017-08-08,PROV-13,SKU-155601,GROCERY I,73,17.53,1279.69,12,73,1,credito_15,9.96
2017-08-08,PROV-13,SKU-155607,GROCERY I,56,13.99,783.44,10,56,1,credito_15,2.31
2017-08-08,PROV-13,SKU-155610,GROCERY I,138,1.62,223.56,9,138,1,credito_15,9.27
2017-08-08,PROV-13,SKU-155621,GROCERY I,105,15.2,1596,12,105,1,credito_15,0.65
2017-08-08,PROV-13,SKU-155625,GROCERY I,106,20.43,2165.58,6,100.99,0.9527,credito_15,7.65
2017-08-08,PROV-13,SKU-157956,GROCERY I,194,22.53,4370.82,11,175.97,0.9071,credito_15,9.68
2017-08-08,PROV-13,SKU-158875,GROCERY I,154,10.06,1549.24,8,153.35,0.9958,credito_15,0.02
2017-08-08,PROV-13,SKU-162066,GROCERY I,454,22.92,10405.68,12,433.31,0.9544,credito_15,10.68
2017-08-08,PROV-13,SKU-164036,GROCERY I,252,10.4,2620.8,11,231.21,0.9175,credito_15,11.11
2017-08-08,PROV-13,SKU-164037,GROCERY I,242,20.02,4844.84,8,242,1,credito_15,8.62
2017-08-08,PROV-13,SKU-165594,GROCERY I,659,15.04,9911.36,7,575.01,0.8725,credito_15,5.83
2017-08-08,PROV-13,SKU-165693,GROCERY I,318,4.38,1392.84,9,269.58,0.8477,credito_15,0.75
2017-08-08,PROV-13,SKU-165704,GROCERY I,2129,24.86,52926.94,6,1961.71,0.9214,credito_15,8.69
2017-08-08,PROV-13,SKU-165705,GROCERY I,266,12.35,3285.1,11,235.87,0.8867,credito_15,9.51
2017-08-08,PROV-13,SKU-165727,GROCERY I,186,21.7,4036.2,11,176.33,0.948,credito_15,4.98
2017-08-08,PROV-13,SKU-165988,GROCERY I,474,24.95,11826.3,9,417.46,0.8807,credito_15,9.69
2017-08-08,PROV-13,SKU-168989,GROCERY I,112,5.77,646.24,7,112,1,credito_15,2.11
2017-08-08,PROV-13,SKU-169028,GROCERY I,137,3.63,497.31,11,137,1,credito_15,0.37
2017-08-08,PROV-13,SKU-170791,GROCERY I,1006,7.87,7917.22,6,893.95,0.8886,credito_15,4.61
2017-08-08,PROV-13,SKU-172184,GROCERY I,238,15.9,3784.2,11,222.66,0.9355,credito_15,9.62
2017-08-08,PROV-13,SKU-172343,GROCERY I,269,22.32,6004.08,8,265.92,0.9886,credito_15,6.56
2017-08-08,PROV-13,SKU-173111,GROCERY I,236,18.85,4448.6,6,212.51,0.9005,credito_15,11.89
2017-08-08,PROV-13,SKU-177395,GROCERY I,293,18.86,5525.98,9,260.86,0.8903,credito_15,5.91
2017-08-08,PROV-13,SKU-179274,GROCERY I,328,4.25,1394,10,300.21,0.9153,credito_15,3
2017-08-08,PROV-13,SKU-179564,GROCERY I,36,7.98,287.28,7,36,1,credito_15,7.45
2017-08-08,PROV-13,SKU-179579,GROCERY I,136,16.68,2268.48,12,134.48,0.9888,credito_15,11.68
2017-08-08,PROV-13,SKU-205381,GROCERY I,82,10.63,871.66,6,72.96,0.8898,credito_15,5.53
2017-08-08,PROV-13,SKU-205387,GROCERY I,470,24.72,11618.4,7,443.89,0.9444,credito_15,8.55
2017-08-08,PROV-13,SKU-205557,GROCERY I,77,8.19,630.63,9,75.1,0.9753,credito_15,8.16
2017-08-08,PROV-13,SKU-207857,GROCERY I,964,8.15,7856.6,11,935.9,0.9709,credito_15,0.78
2017-08-08,PROV-13,SKU-208514,GROCERY I,340,23.73,8068.2,8,325.26,0.9566,credito_15,6.96
2017-08-08,PROV-13,SKU-208659,GROCERY I,141,19.11,2694.51,12,132.24,0.9379,credito_15,5.12
2017-08-08,PROV-13,SKU-208699,GROCERY I,122,6.33,772.26,11,122,1,credito_15,9.02
2017-08-08,PROV-13,SKU-210798,GROCERY I,280,22.64,6339.2,8,269.82,0.9636,credito_15,9.54
2017-08-08,PROV-13,SKU-211203,GROCERY I,824,20.69,17048.56,12,751.21,0.9117,credito_15,8.7
2017-08-08,PROV-13,SKU-211205,GROCERY I,474,11.7,5545.8,12,465.15,0.9813,credito_15,11.59
2017-08-08,PROV-13,SKU-211206,GROCERY I,322,12.84,4134.48,11,300.74,0.934,credito_15,4.3
2017-08-08,PROV-13,SKU-211999,GROCERY I,115,22,2530,11,107.62,0.9358,credito_15,0.75
2017-08-08,PROV-13,SKU-212550,GROCERY I,125,11.44,1430,12,124.8,0.9984,credito_15,5.17
2017-08-08,PROV-13,SKU-212552,GROCERY I,273,17.57,4796.61,11,252.03,0.9232,credito_15,0.47
2017-08-08,PROV-13,SKU-213066,GROCERY I,273,21.09,5757.57,9,273,1,credito_15,7.3
2017-08-08,PROV-13,SKU-213652,GROCERY I,452,10.28,4646.56,8,452,1,credito_15,1.62
2017-08-08,PROV-13,SKU-213653,GROCERY I,233,22.82,5317.06,10,220.92,0.9482,credito_15,7.03
2017-08-08,PROV-13,SKU-213788,GROCERY I,214,15.73,3366.22,12,211.73,0.9894,credito_15,11.41
2017-08-08,PROV-13,SKU-215303,GROCERY I,253,22.99,5816.47,10,230.86,0.9125,credito_15,1.73
2017-08-08,PROV-13,SKU-215304,GROCERY I,165,20.98,3461.7,12,165,1,credito_15,0.46
2017-08-08,PROV-13,SKU-215327,GROCERY I,544,4.39,2388.16,11,541.44,0.9953,credito_15,11.74
2017-08-08,PROV-13,SKU-215331,GROCERY I,1106,20.73,22927.38,6,1059.05,0.9575,credito_15,0.29
2017-08-08,PROV-13,SKU-215332,GROCERY I,573,18.14,10394.22,10,573,1,credito_15,7.61
2017-08-08,PROV-13,SKU-215352,GROCERY I,1169,19.77,23111.13,7,1011.58,0.8653,credito_15,0.19
2017-08-08,PROV-13,SKU-215356,GROCERY I,129,7.24,933.96,9,125.16,0.9702,credito_15,3.19
2017-08-08,PROV-13,SKU-215896,GROCERY I,610,13.91,8485.1,11,572.42,0.9384,credito_15,7.71
2017-08-08,PROV-13,SKU-217827,GROCERY I,4,2.53,10.12,8,3.59,0.8975,credito_15,2.77
2017-08-08,PROV-13,SKU-220432,GROCERY I,449,17.17,7709.33,9,449,1,credito_15,4.63
2017-08-08,PROV-13,SKU-220435,GROCERY I,1489,21.06,31358.34,10,1473.84,0.9898,credito_15,11.82
2017-08-08,PROV-13,SKU-222879,GROCERY I,1008,8.88,8951.04,10,1008,1,credito_15,2.65
2017-08-08,PROV-13,SKU-222975,GROCERY I,618,16.35,10104.3,10,580.34,0.9391,credito_15,1.16
2017-08-08,PROV-13,SKU-223068,GROCERY I,131,17.11,2241.41,8,122.56,0.9356,credito_15,7.04
2017-08-08,PROV-13,SKU-223136,GROCERY I,586,15.36,9000.96,10,551.81,0.9417,credito_15,6.68
2017-08-08,PROV-13,SKU-223434,GROCERY I,385,11.22,4319.7,6,385,1,credito_15,4.5
2017-08-08,PROV-13,SKU-223463,GROCERY I,154,15.36,2365.44,10,135.76,0.8816,credito_15,1.2
2017-08-08,PROV-13,SKU-229368,GROCERY I,160,19.18,3068.8,12,150.75,0.9422,credito_15,4.44
2017-08-08,PROV-13,SKU-253145,GROCERY I,126,5.87,739.62,8,126,1,credito_15,10.33
2017-08-08,PROV-13,SKU-255161,GROCERY I,128,17.46,2234.88,9,124,0.9688,credito_15,11.28
2017-08-08,PROV-13,SKU-255198,GROCERY I,153,8.35,1277.55,12,153,1,credito_15,4.74
2017-08-08,PROV-13,SKU-255199,GROCERY I,96,20.85,2001.6,11,96,1,credito_15,11.45
2017-08-08,PROV-13,SKU-255202,GROCERY I,421,8.12,3418.52,11,395.86,0.9403,credito_15,7.57
2017-08-08,PROV-13,SKU-258395,GROCERY I,255,7.79,1986.45,12,232.51,0.9118,credito_15,4.92
2017-08-08,PROV-13,SKU-258396,GROCERY I,595,16.42,9769.9,9,547.22,0.9197,credito_15,0.78
2017-08-08,PROV-13,SKU-314384,GROCERY I,2303,4.03,9281.09,12,2103.54,0.9134,credito_15,6.66
2017-08-08,PROV-13,SKU-364606,GROCERY I,2344,22.34,52364.96,7,2344,1,credito_15,3.71
2017-08-08,PROV-14,SKU-167437,GROCERY II,243,21.71,5275.53,9,243,1,credito_30,10.63
2017-08-08,PROV-14,SKU-210520,GROCERY II,10,21.47,214.7,9,8.99,0.899,credito_30,6.79
2017-08-08,PROV-18,SKU-250782,HOME APPLIANCES,14,22.99,321.86,10,12.94,0.9243,contado,7.75
2017-08-08,PROV-22,SKU-115847,LINGERIE,10,24.3,243,11,8.27,0.827,contado,3.39
2017-08-08,PROV-22,SKU-177050,LINGERIE,12,19.6,235.2,7,10.71,0.8925,contado,7.94
2017-08-08,PROV-22,SKU-215468,LINGERIE,70,5.11,357.7,6,59.31,0.8473,contado,7.72
2017-08-08,PROV-25,SKU-205209,MEATS,196.9,3.26,641.89,7,195.26,0.9917,credito_30,1.36
2017-08-08,PROV-25,SKU-584028,MEATS,1726.14,24.29,41927.94,13,1710.07,0.9907,credito_30,3.56
2017-08-08,PROV-26,SKU-114799,PERSONAL CARE,247,11.47,2833.09,6,235.78,0.9546,contado,10.15
2017-08-08,PROV-26,SKU-114800,PERSONAL CARE,318,21.01,6681.18,1,264.65,0.8322,contado,0.3
2017-08-08,PROV-29,SKU-108831,POULTRY,380.95,13.2,5028.54,7,375.88,0.9867,credito_15,3.37
2017-08-08,PROV-29,SKU-159156,POULTRY,165.31,24.7,4083.16,5,135.98,0.8226,credito_15,11.37
2017-08-08,PROV-29,SKU-208539,POULTRY,155.81,9.37,1459.94,6,136.39,0.8754,credito_15,5.37
2017-08-08,PROV-31,SKU-1473410,PRODUCE,3015.4,20.04,60428.61,9,2976.69,0.9872,credito_30,7.81
2017-08-08,PROV-31,SKU-1473474,PRODUCE,8201.44,10.26,84146.78,10,8047.69,0.9813,credito_30,7.85
2017-08-08,PROV-31,SKU-1502392,PRODUCE,2637.03,5.27,13897.15,5,2251.7,0.8539,credito_30,7.28
2017-08-08,PROV-31,SKU-1503844,PRODUCE,10245.86,2.17,22233.52,5,8816.9,0.8605,credito_30,8.42
2017-08-08,PROV-31,SKU-1503847,PRODUCE,2305.52,8.42,19412.48,5,1945.12,0.8437,credito_30,7.56
2017-08-08,PROV-31,SKU-1584575,PRODUCE,2275,3.25,7393.75,6,2068.05,0.909,credito_30,11.81
2017-08-08,PROV-31,SKU-1642399,PRODUCE,2758.36,24.92,68738.33,10,2618.65,0.9494,credito_30,6.89
2017-08-08,PROV-31,SKU-1686656,PRODUCE,2333,8.68,20250.44,6,2310.31,0.9903,credito_30,11.97
2017-08-08,PROV-31,SKU-1695835,PRODUCE,3082.17,5.86,18061.52,6,2516.2,0.8164,credito_30,8.88
2017-08-08,PROV-31,SKU-1751174,PRODUCE,2300.31,10.13,23302.14,8,1969.24,0.8561,credito_30,6.69
2017-08-08,PROV-31,SKU-1926217,PRODUCE,2331,6.14,14312.34,7,2251.04,0.9657,credito_30,5.65
2017-08-08,PROV-33,SKU-252698,SEAFOOD,153.38,7.5,1150.35,9,135.72,0.8849,contado,11.52
2017-08-15,PROV-01,SKU-121964,AUTOMOTIVE,4,3.38,13.52,9,3.61,0.9025,contado,1.52
2017-08-15,PROV-01,SKU-172995,AUTOMOTIVE,8,6.73,53.84,11,7.65,0.9562,contado,5.33
2017-08-15,PROV-04,SKU-1047679,BEVERAGES,799,22.41,17905.59,6,731.94,0.9161,credito_15,10.65
2017-08-15,PROV-04,SKU-119624,BEVERAGES,43,2.86,122.98,2,38.38,0.8926,credito_15,7.65
2017-08-15,PROV-04,SKU-1430040,BEVERAGES,277,9.67,2678.59,4,239.13,0.8633,credito_15,8.28
2017-08-15,PROV-04,SKU-1463992,BEVERAGES,1109,20.67,22923.03,4,1034.31,0.9327,credito_15,8.32
2017-08-15,PROV-04,SKU-1463993,BEVERAGES,787,8.61,6776.07,7,753.39,0.9573,credito_15,9.69
2017-08-15,PROV-04,SKU-165550,BEVERAGES,50,10.86,543,2,48.57,0.9714,credito_15,3.29
2017-08-15,PROV-04,SKU-165551,BEVERAGES,64,24.82,1588.48,6,54.73,0.8552,credito_15,5.98
2017-08-15,PROV-04,SKU-165553,BEVERAGES,5,2.93,14.65,7,4.38,0.876,credito_15,1.86
2017-08-15,PROV-04,SKU-174081,BEVERAGES,26,7.23,187.98,5,22.55,0.8673,credito_15,8.87
2017-08-15,PROV-04,SKU-2006812,BEVERAGES,531,19.22,10205.82,8,501.33,0.9441,credito_15,5.04
2017-08-15,PROV-04,SKU-2042941,BEVERAGES,981,10.12,9927.72,4,908.74,0.9263,credito_15,10.03
2017-08-15,PROV-04,SKU-2042947,BEVERAGES,861,17.61,15162.21,2,741.48,0.8612,credito_15,3.19
2017-08-15,PROV-04,SKU-219147,BEVERAGES,32,16.82,538.24,6,29.98,0.9369,credito_15,4.33
2017-08-15,PROV-04,SKU-219150,BEVERAGES,75,1.52,114,6,67.94,0.9059,credito_15,7.8
2017-08-15,PROV-04,SKU-219152,BEVERAGES,45,23.63,1063.35,3,39.38,0.8751,credito_15,2.42
2017-08-15,PROV-04,SKU-257848,BEVERAGES,32,5.96,190.72,2,29.84,0.9325,credito_15,0.96
2017-08-15,PROV-04,SKU-364738,BEVERAGES,234,14.62,3421.08,3,229.24,0.9797,credito_15,4
2017-08-15,PROV-04,SKU-819932,BEVERAGES,710,20.65,14661.5,2,641.45,0.9035,credito_15,6.63
2017-08-15,PROV-06,SKU-103665,BREAD/BAKERY,29,8.68,251.72,8,24.19,0.8341,credito_15,1.27
2017-08-15,PROV-06,SKU-1333307,BREAD/BAKERY,237,11.69,2770.53,6,234.36,0.9889,credito_15,9.77
2017-08-15,PROV-06,SKU-153239,BREAD/BAKERY,26,9.2,239.2,7,25.47,0.9796,credito_15,1.27
2017-08-15,PROV-06,SKU-153395,BREAD/BAKERY,19,14.3,271.7,8,16.13,0.8489,credito_15,9.97
2017-08-15,PROV-06,SKU-153398,BREAD/BAKERY,6,10.58,63.48,6,5.55,0.925,credito_15,8.01
2017-08-15,PROV-06,SKU-165718,BREAD/BAKERY,53,8.98,475.94,10,51.21,0.9662,credito_15,7.62
2017-08-15,PROV-06,SKU-215370,BREAD/BAKERY,40,19.96,798.4,9,34.42,0.8605,credito_15,8.45
2017-08-15,PROV-06,SKU-253103,BREAD/BAKERY,11,2.6,28.6,4,8.68,0.7891,credito_15,6.65
2017-08-15,PROV-08,SKU-103501,CLEANING,26,9.62,250.12,8,24.67,0.9488,credito_15,8.69
2017-08-15,PROV-08,SKU-108786,CLEANING,74,4.58,338.92,8,74,1,credito_15,3.46
2017-08-15,PROV-08,SKU-108952,CLEANING,28,10.81,302.68,5,28,1,credito_15,6.92
2017-08-15,PROV-08,SKU-115267,CLEANING,59,1.77,104.43,8,52.05,0.8822,credito_15,11.54
2017-08-15,PROV-08,SKU-116311,CLEANING,8,17.2,137.6,7,8,1,credito_15,0.69
2017-08-15,PROV-08,SKU-119023,CLEANING,20,24.77,495.4,8,19.15,0.9575,credito_15,8.23
2017-08-15,PROV-08,SKU-119024,CLEANING,39,6.05,235.95,6,37,0.9487,credito_15,11.59
2017-08-15,PROV-08,SKU-119026,CLEANING,50,8.19,409.5,6,49.88,0.9976,credito_15,2.94
2017-08-15,PROV-08,SKU-119187,CLEANING,17,13.85,235.45,10,16.65,0.9794,credito_15,7.41
2017-08-15,PROV-08,SKU-119191,CLEANING,36,15.12,544.32,8,31.42,0.8728,credito_15,0.56
2017-08-15,PROV-08,SKU-119193,CLEANING,14,13.08,183.12,6,12.86,0.9186,credito_15,7.88
2017-08-15,PROV-08,SKU-122425,CLEANING,13,8.09,105.17,6,11.94,0.9185,credito_15,5.18
2017-08-15,PROV-08,SKU-153078,CLEANING,21,6.87,144.27,8,19.91,0.9481,credito_15,3.4
2017-08-15,PROV-08,SKU-158788,CLEANING,49,22.36,1095.64,7,42.54,0.8682,credito_15,7.19
2017-08-15,PROV-08,SKU-158789,CLEANING,49,24.65,1207.85,5,49,1,credito_15,4.87
2017-08-15,PROV-08,SKU-158956,CLEANING,44,24.55,1080.2,7,41.36,0.94,credito_15,11.34
2017-08-15,PROV-08,SKU-159242,CLEANING,32,2.52,80.64,10,31.49,0.9841,credito_15,3.16
2017-08-15,PROV-08,SKU-164647,CLEANING,2,18.9,37.8,9,1.72,0.86,credito_15,5.65
2017-08-15,PROV-08,SKU-168927,CLEANING,67,6.22,416.74,4,59.27,0.8846,credito_15,2.36
2017-08-15,PROV-08,SKU-168930,CLEANING,81,2.51,203.31,7,80.38,0.9923,credito_15,10.16
2017-08-15,PROV-08,SKU-168931,CLEANING,34,3.83,130.22,7,31.2,0.9176,credito_15,3.65
2017-08-15,PROV-08,SKU-169101,CLEANING,15,9.59,143.85,5,13.65,0.91,credito_15,10.19
2017-08-15,PROV-08,SKU-169104,CLEANING,3,9.36,28.08,4,3,1,credito_15,4.31
2017-08-15,PROV-08,SKU-171890,CLEANING,17,10.02,170.34,4,16.3,0.9588,credito_15,0.71
2017-08-15,PROV-08,SKU-176411,CLEANING,3,16.05,48.15,10,2.95,0.9833,credito_15,10.1
2017-08-15,PROV-08,SKU-208498,CLEANING,45,19.45,875.25,4,38.18,0.8484,credito_15,6.98
2017-08-15,PROV-08,SKU-209085,CLEANING,39,4.68,182.52,4,35.45,0.909,credito_15,11.82
2017-08-15,PROV-08,SKU-214381,CLEANING,44,9.45,415.8,10,44,1,credito_15,8.83
2017-08-15,PROV-08,SKU-214859,CLEANING,28,22.21,621.88,7,26.72,0.9543,credito_15,3.39
2017-08-15,PROV-08,SKU-214860,CLEANING,18,16.03,288.54,4,18,1,credito_15,9.67
2017-08-15,PROV-08,SKU-214862,CLEANING,27,4.59,123.93,4,27,1,credito_15,10.81
2017-08-15,PROV-08,SKU-218726,CLEANING,7,13.04,91.28,10,7,1,credito_15,3.89
2017-08-15,PROV-08,SKU-218728,CLEANING,16,8.65,138.4,7,16,1,credito_15,9.61
2017-08-15,PROV-08,SKU-221506,CLEANING,23,13.87,319.01,10,21.28,0.9252,credito_15,2.57
2017-08-15,PROV-08,SKU-224081,CLEANING,58,20.04,1162.32,6,56.23,0.9695,credito_15,1.26
2017-08-15,PROV-08,SKU-226126,CLEANING,58,22.27,1291.66,6,58,1,credito_15,8.28
2017-08-15,PROV-08,SKU-252970,CLEANING,30,8.03,240.9,5,28.02,0.934,credito_15,1.41
2017-08-15,PROV-08,SKU-252972,CLEANING,31,4,124,9,27.52,0.8877,credito_15,8.15
2017-08-15,PROV-08,SKU-258376,CLEANING,124,12.72,1577.28,9,124,1,credito_15,9.61
2017-08-15,PROV-09,SKU-122095,DAIRY,23,6.17,141.91,11,21.94,0.9539,contado,4.2
2017-08-15,PROV-09,SKU-123347,DAIRY,35,16.24,568.4,10,33.12,0.9463,contado,2.47
2017-08-15,PROV-09,SKU-129635,DAIRY,102,21.54,2197.08,7,91.15,0.8936,contado,4.3
2017-08-15,PROV-09,SKU-1427659,DAIRY,321,20.77,6667.17,11,283.34,0.8827,contado,5.87
2017-08-15,PROV-09,SKU-158842,DAIRY,46,19.63,902.98,9,44.92,0.9765,contado,7.14
2017-08-15,PROV-09,SKU-164088,DAIRY,25,6.09,152.25,7,25,1,contado,0.61
2017-08-15,PROV-09,SKU-173113,DAIRY,9,13.89,125.01,10,8.18,0.9089,contado,0.57
2017-08-15,PROV-09,SKU-179615,DAIRY,62,23.7,1469.4,12,62,1,contado,11.16
2017-08-15,PROV-09,SKU-205486,DAIRY,18,22.33,401.94,10,17.18,0.9544,contado,8.22
2017-08-15,PROV-10,SKU-108696,DELI,44,14.5,638,11,44,1,credito_15,6.85
2017-08-15,PROV-10,SKU-108698,DELI,35,4.36,152.6,6,34.24,0.9783,credito_15,0.37
2017-08-15,PROV-10,SKU-108701,DELI,28,8.18,229.04,11,25.92,0.9257,credito_15,1.35
2017-08-15,PROV-10,SKU-208426,DELI,19,18.13,344.47,7,18.17,0.9563,credito_15,9.7
2017-08-15,PROV-10,SKU-220613,DELI,13,5.5,71.5,11,12.71,0.9777,credito_15,10.64
2017-08-15,PROV-11,SKU-108833,EGGS,16,13.17,210.72,8,15.82,0.9888,credito_30,9.82
2017-08-15,PROV-11,SKU-127547,EGGS,38,21.95,834.1,6,29.97,0.7887,credito_30,10.18
2017-08-15,PROV-11,SKU-158680,EGGS,46,15.57,716.22,7,41.71,0.9067,credito_30,3.92
2017-08-15,PROV-11,SKU-208384,EGGS,150,13.6,2040,8,136.63,0.9109,credito_30,7.81
2017-08-15,PROV-11,SKU-208386,EGGS,41,17.06,699.46,10,39.25,0.9573,credito_30,6.32
2017-08-15,PROV-11,SKU-227111,EGGS,32,15.75,504,12,27.46,0.8581,credito_30,5.65
2017-08-15,PROV-11,SKU-258268,EGGS,46,3.54,162.84,8,41.16,0.8948,credito_30,0.73
2017-08-15,PROV-12,SKU-258411,FROZEN FOODS,20,20.23,404.6,5,18.36,0.918,credito_15,9.84
2017-08-15,PROV-13,SKU-103520,GROCERY I,14,24.61,344.54,10,13.92,0.9943,credito_15,4.19
2017-08-15,PROV-13,SKU-105574,GROCERY I,36,1.76,63.36,8,34.4,0.9556,credito_15,10.52
2017-08-15,PROV-13,SKU-105575,GROCERY I,121,20.25,2450.25,6,120.01,0.9918,credito_15,5.98
2017-08-15,PROV-13,SKU-105576,GROCERY I,116,13.13,1523.08,6,102.02,0.8795,credito_15,5.21
2017-08-15,PROV-13,SKU-105577,GROCERY I,7,8.29,58.03,12,6.17,0.8814,credito_15,10.66
2017-08-15,PROV-13,SKU-105693,GROCERY I,14,1.51,21.14,7,12.66,0.9043,credito_15,5.73
2017-08-15,PROV-13,SKU-105737,GROCERY I,33,12.04,397.32,6,32.72,0.9915,credito_15,7.51
2017-08-15,PROV-13,SKU-105857,GROCERY I,89,22.71,2021.19,9,76.37,0.8581,credito_15,9.17
2017-08-15,PROV-13,SKU-106716,GROCERY I,54,16.92,913.68,9,52.66,0.9752,credito_15,5.05
2017-08-15,PROV-13,SKU-108079,GROCERY I,22,24.15,531.3,9,20.08,0.9127,credito_15,9.51
2017-08-15,PROV-13,SKU-108797,GROCERY I,102,23.15,2361.3,8,100.34,0.9837,credito_15,4.03
2017-08-15,PROV-13,SKU-108862,GROCERY I,10,17.93,179.3,9,8.91,0.891,credito_15,1.47
2017-08-15,PROV-13,SKU-111223,GROCERY I,116,17.97,2084.52,6,116,1,credito_15,4.17
2017-08-15,PROV-13,SKU-111397,GROCERY I,30,10.24,307.2,10,29.55,0.985,credito_15,2.23
2017-08-15,PROV-13,SKU-112830,GROCERY I,22,10.99,241.78,6,21.41,0.9732,credito_15,1.42
2017-08-15,PROV-13,SKU-114790,GROCERY I,111,24.29,2696.19,9,91.19,0.8215,credito_15,6.65
2017-08-15,PROV-13,SKU-115611,GROCERY I,199,22.31,4439.69,6,199,1,credito_15,4.13
2017-08-15,PROV-13,SKU-115693,GROCERY I,40,23.46,938.4,10,38.81,0.9702,credito_15,5.42
2017-08-15,PROV-13,SKU-115720,GROCERY I,27,21.56,582.12,11,24.93,0.9233,credito_15,0.01
2017-08-15,PROV-13,SKU-115850,GROCERY I,97,16.03,1554.91,10,94.74,0.9767,credito_15,11.94
2017-08-15,PROV-13,SKU-115891,GROCERY I,69,15.3,1055.7,8,63.36,0.9183,credito_15,11.14
2017-08-15,PROV-13,SKU-115892,GROCERY I,127,10.31,1309.37,7,114.91,0.9048,credito_15,1.29
2017-08-15,PROV-13,SKU-115893,GROCERY I,167,7.16,1195.72,12,157.06,0.9405,credito_15,5.62
2017-08-15,PROV-13,SKU-115894,GROCERY I,180,4.91,883.8,11,150.13,0.8341,credito_15,4.29
2017-08-15,PROV-13,SKU-116017,GROCERY I,168,5.48,920.64,12,157.59,0.938,credito_15,5.71
2017-08-15,PROV-13,SKU-116018,GROCERY I,78,9.79,763.62,8,78,1,credito_15,2.31
2017-08-15,PROV-13,SKU-116279,GROCERY I,40,7.96,318.4,12,37.97,0.9492,credito_15,11.83
2017-08-15,PROV-13,SKU-122419,GROCERY I,8,21.05,168.4,11,6.73,0.8412,credito_15,0.79
2017-08-15,PROV-13,SKU-123601,GROCERY I,74,20.21,1495.54,7,74,1,credito_15,10.66
2017-08-15,PROV-13,SKU-123602,GROCERY I,28,21.56,603.68,10,27.72,0.99,credito_15,4.51
2017-08-15,PROV-13,SKU-123927,GROCERY I,5,12.89,64.45,9,4.57,0.914,credito_15,1.78
2017-08-15,PROV-13,SKU-125430,GROCERY I,92,5.35,492.2,10,92,1,credito_15,11.1
2017-08-15,PROV-13,SKU-127534,GROCERY I,20,9.78,195.6,6,19.32,0.966,credito_15,1.96
2017-08-15,PROV-13,SKU-129296,GROCERY I,29,17.27,500.83,11,26.08,0.8993,credito_15,5.98
2017-08-15,PROV-13,SKU-129297,GROCERY I,29,6.14,178.06,12,27.08,0.9338,credito_15,0.68
2017-08-15,PROV-13,SKU-129759,GROCERY I,18,20.22,363.96,10,16.8,0.9333,credito_15,9.17
2017-08-15,PROV-13,SKU-153267,GROCERY I,63,14.59,919.17,6,53.47,0.8487,credito_15,4.1
2017-08-15,PROV-13,SKU-155499,GROCERY I,26,11.6,301.6,8,25.97,0.9988,credito_15,7.31
2017-08-15,PROV-13,SKU-155500,GROCERY I,257,5.43,1395.51,6,222.85,0.8671,credito_15,1.26
2017-08-15,PROV-13,SKU-155600,GROCERY I,8,13.97,111.76,8,7.11,0.8888,credito_15,11.42
2017-08-15,PROV-13,SKU-155601,GROCERY I,12,17.53,210.36,9,11.65,0.9708,credito_15,9.96
2017-08-15,PROV-13,SKU-155607,GROCERY I,6,13.99,83.94,9,5.37,0.895,credito_15,2.31
2017-08-15,PROV-13,SKU-155610,GROCERY I,25,1.62,40.5,11,21.68,0.8672,credito_15,9.27
2017-08-15,PROV-13,SKU-155621,GROCERY I,26,15.2,395.2,10,23.47,0.9027,credito_15,0.65
2017-08-15,PROV-13,SKU-155625,GROCERY I,17,20.43,347.31,10,16.1,0.9471,credito_15,7.65
2017-08-15,PROV-13,SKU-157956,GROCERY I,20,22.53,450.6,9,19.59,0.9795,credito_15,9.68
2017-08-15,PROV-13,SKU-158875,GROCERY I,22,10.06,221.32,7,20.54,0.9336,credito_15,0.02
2017-08-15,PROV-13,SKU-162066,GROCERY I,63,22.92,1443.96,6,57.77,0.917,credito_15,10.68
2017-08-15,PROV-13,SKU-164036,GROCERY I,48,10.4,499.2,11,44.95,0.9365,credito_15,11.11
2017-08-15,PROV-13,SKU-164037,GROCERY I,33,20.02,660.66,7,33,1,credito_15,8.62
2017-08-15,PROV-13,SKU-165594,GROCERY I,144,15.04,2165.76,12,142.03,0.9863,credito_15,5.83
2017-08-15,PROV-13,SKU-165693,GROCERY I,31,4.38,135.78,12,25.92,0.8361,credito_15,0.75
2017-08-15,PROV-13,SKU-165704,GROCERY I,392,24.86,9745.12,12,377.64,0.9634,credito_15,8.69
2017-08-15,PROV-13,SKU-165705,GROCERY I,30,12.35,370.5,6,25.49,0.8497,credito_15,9.51
2017-08-15,PROV-13,SKU-165727,GROCERY I,38,21.7,824.6,9,34.44,0.9063,credito_15,4.98
2017-08-15,PROV-13,SKU-165988,GROCERY I,68,24.95,1696.6,12,64.68,0.9512,credito_15,9.69
2017-08-15,PROV-13,SKU-168989,GROCERY I,17,5.77,98.09,9,17,1,credito_15,2.11
2017-08-15,PROV-13,SKU-169028,GROCERY I,28,3.63,101.64,8,25.69,0.9175,credito_15,0.37
2017-08-15,PROV-13,SKU-170791,GROCERY I,66,7.87,519.42,10,58.78,0.8906,credito_15,4.61
2017-08-15,PROV-13,SKU-172184,GROCERY I,47,15.9,747.3,6,47,1,credito_15,9.62
2017-08-15,PROV-13,SKU-172343,GROCERY I,39,22.32,870.48,9,37.87,0.971,credito_15,6.56
2017-08-15,PROV-13,SKU-173111,GROCERY I,34,18.85,640.9,9,30.13,0.8862,credito_15,11.89
2017-08-15,PROV-13,SKU-177395,GROCERY I,24,18.86,452.64,6,21.73,0.9054,credito_15,5.91
2017-08-15,PROV-13,SKU-179274,GROCERY I,41,4.25,174.25,8,37.69,0.9193,credito_15,3
2017-08-15,PROV-13,SKU-179564,GROCERY I,3,7.98,23.94,9,2.53,0.8433,credito_15,7.45
2017-08-15,PROV-13,SKU-179579,GROCERY I,18,16.68,300.24,7,18,1,credito_15,11.68
2017-08-15,PROV-13,SKU-205381,GROCERY I,12,10.63,127.56,12,10.95,0.9125,credito_15,5.53
2017-08-15,PROV-13,SKU-205387,GROCERY I,66,24.72,1631.52,12,61,0.9242,credito_15,8.55
2017-08-15,PROV-13,SKU-205557,GROCERY I,12,8.19,98.28,11,10.21,0.8508,credito_15,8.16
2017-08-15,PROV-13,SKU-207857,GROCERY I,153,8.15,1246.95,12,141.21,0.9229,credito_15,0.78
2017-08-15,PROV-13,SKU-208514,GROCERY I,54,23.73,1281.42,10,54,1,credito_15,6.96
2017-08-15,PROV-13,SKU-208659,GROCERY I,13,19.11,248.43,7,11.37,0.8746,credito_15,5.12
2017-08-15,PROV-13,SKU-208699,GROCERY I,18,6.33,113.94,10,16.49,0.9161,credito_15,9.02
2017-08-15,PROV-13,SKU-210798,GROCERY I,47,22.64,1064.08,8,42.19,0.8977,credito_15,9.54
2017-08-15,PROV-13,SKU-211203,GROCERY I,100,20.69,2069,10,100,1,credito_15,8.7
2017-08-15,PROV-13,SKU-211205,GROCERY I,58,11.7,678.6,8,54.57,0.9409,credito_15,11.59
2017-08-15,PROV-13,SKU-211206,GROCERY I,57,12.84,731.88,10,51.62,0.9056,credito_15,4.3
2017-08-15,PROV-13,SKU-211999,GROCERY I,23,22,506,11,22.86,0.9939,credito_15,0.75
2017-08-15,PROV-13,SKU-212550,GROCERY I,21,11.44,240.24,8,19.12,0.9105,credito_15,5.17
2017-08-15,PROV-13,SKU-212552,GROCERY I,27,17.57,474.39,10,26.04,0.9644,credito_15,0.47
2017-08-15,PROV-13,SKU-213066,GROCERY I,53,21.09,1117.77,9,47.65,0.8991,credito_15,7.3
2017-08-15,PROV-13,SKU-213652,GROCERY I,65,10.28,668.2,6,61.55,0.9469,credito_15,1.62
2017-08-15,PROV-13,SKU-213653,GROCERY I,40,22.82,912.8,8,36.1,0.9025,credito_15,7.03
2017-08-15,PROV-13,SKU-213788,GROCERY I,28,15.73,440.44,6,27.62,0.9864,credito_15,11.41
2017-08-15,PROV-13,SKU-215303,GROCERY I,45,22.99,1034.55,7,40.24,0.8942,credito_15,1.73
2017-08-15,PROV-13,SKU-215304,GROCERY I,25,20.98,524.5,6,25,1,credito_15,0.46
2017-08-15,PROV-13,SKU-215327,GROCERY I,78,4.39,342.42,11,65.75,0.8429,credito_15,11.74
2017-08-15,PROV-13,SKU-215331,GROCERY I,156,20.73,3233.88,8,145.4,0.9321,credito_15,0.29
2017-08-15,PROV-13,SKU-215332,GROCERY I,84,18.14,1523.76,8,83.86,0.9983,credito_15,7.61
2017-08-15,PROV-13,SKU-215352,GROCERY I,168,19.77,3321.36,9,166.87,0.9933,credito_15,0.19
2017-08-15,PROV-13,SKU-215356,GROCERY I,9,7.24,65.16,6,9,1,credito_15,3.19
2017-08-15,PROV-13,SKU-215896,GROCERY I,172,13.91,2392.52,7,172,1,credito_15,7.71
2017-08-15,PROV-13,SKU-217827,GROCERY I,1,2.53,2.53,6,1,1,credito_15,2.77
2017-08-15,PROV-13,SKU-220432,GROCERY I,111,17.17,1905.87,12,111,1,credito_15,4.63
2017-08-15,PROV-13,SKU-220435,GROCERY I,184,21.06,3875.04,7,180.53,0.9811,credito_15,11.82
2017-08-15,PROV-13,SKU-222879,GROCERY I,155,8.88,1376.4,8,148.82,0.9601,credito_15,2.65
2017-08-15,PROV-13,SKU-222975,GROCERY I,147,16.35,2403.45,7,133.27,0.9066,credito_15,1.16
2017-08-15,PROV-13,SKU-223068,GROCERY I,18,17.11,307.98,12,17.6,0.9778,credito_15,7.04
2017-08-15,PROV-13,SKU-223136,GROCERY I,96,15.36,1474.56,6,84.9,0.8844,credito_15,6.68
2017-08-15,PROV-13,SKU-223434,GROCERY I,70,11.22,785.4,8,66.91,0.9559,credito_15,4.5
2017-08-15,PROV-13,SKU-223463,GROCERY I,28,15.36,430.08,10,26.66,0.9521,credito_15,1.2
2017-08-15,PROV-13,SKU-229368,GROCERY I,43,19.18,824.74,8,41.53,0.9658,credito_15,4.44
2017-08-15,PROV-13,SKU-253145,GROCERY I,29,5.87,170.23,6,28.78,0.9924,credito_15,10.33
2017-08-15,PROV-13,SKU-255161,GROCERY I,27,17.46,471.42,10,25.04,0.9274,credito_15,11.28
2017-08-15,PROV-13,SKU-255198,GROCERY I,24,8.35,200.4,10,24,1,credito_15,4.74
2017-08-15,PROV-13,SKU-255199,GROCERY I,40,20.85,834,8,38.64,0.966,credito_15,11.45
2017-08-15,PROV-13,SKU-255202,GROCERY I,40,8.12,324.8,7,40,1,credito_15,7.57
2017-08-15,PROV-13,SKU-258395,GROCERY I,37,7.79,288.23,9,36.93,0.9981,credito_15,4.92
2017-08-15,PROV-13,SKU-258396,GROCERY I,101,16.42,1658.42,10,100.66,0.9966,credito_15,0.78
2017-08-15,PROV-13,SKU-314384,GROCERY I,304,4.03,1225.12,12,302,0.9934,credito_15,6.66
2017-08-15,PROV-13,SKU-364606,GROCERY I,404,22.34,9025.36,12,363.2,0.899,credito_15,3.71
2017-08-15,PROV-14,SKU-167437,GROCERY II,25,21.71,542.75,5,24.57,0.9828,credito_30,10.63
2017-08-15,PROV-14,SKU-210520,GROCERY II,1,21.47,21.47,7,0.95,0.95,credito_30,6.79
2017-08-15,PROV-18,SKU-250782,HOME APPLIANCES,1,22.99,22.99,9,0.91,0.91,contado,7.75
2017-08-15,PROV-22,SKU-115847,LINGERIE,1,24.3,24.3,8,1,1,contado,3.39
2017-08-15,PROV-22,SKU-177050,LINGERIE,2,19.6,39.2,10,1.91,0.955,contado,7.94
2017-08-15,PROV-22,SKU-215468,LINGERIE,6,5.11,30.66,7,5.59,0.9317,contado,7.72
2017-08-15,PROV-25,SKU-205209,MEATS,25.75,3.26,83.94,9,25.44,0.988,credito_30,1.36
2017-08-15,PROV-25,SKU-584028,MEATS,257.26,24.29,6248.85,11,241.58,0.939,credito_30,3.56
2017-08-15,PROV-26,SKU-114799,PERSONAL CARE,33,11.47,378.51,2,32.26,0.9776,contado,10.15
2017-08-15,PROV-26,SKU-114800,PERSONAL CARE,25,21.01,525.25,3,23.77,0.9508,contado,0.3
2017-08-15,PROV-29,SKU-108831,POULTRY,38.9,13.2,513.48,6,34.92,0.8977,credito_15,3.37
2017-08-15,PROV-29,SKU-159156,POULTRY,29.57,24.7,730.38,7,25.07,0.8478,credito_15,11.37
2017-08-15,PROV-29,SKU-208539,POULTRY,9.24,9.37,86.58,5,7.64,0.8268,credito_15,5.37
2017-08-15,PROV-31,SKU-1473410,PRODUCE,501.95,20.04,10059.08,7,457.9,0.9122,credito_30,7.81
2017-08-15,PROV-31,SKU-1473474,PRODUCE,1247,10.26,12794.22,9,1055.34,0.8463,credito_30,7.85
2017-08-15,PROV-31,SKU-1502392,PRODUCE,342.65,5.27,1805.77,8,288.42,0.8417,credito_30,7.28
2017-08-15,PROV-31,SKU-1503844,PRODUCE,1370.87,2.17,2974.79,9,1214.76,0.8861,credito_30,8.42
2017-08-15,PROV-31,SKU-1503847,PRODUCE,268.38,8.42,2259.76,10,244.78,0.9121,credito_30,7.56
2017-08-15,PROV-31,SKU-1584575,PRODUCE,281,3.25,913.25,5,246.73,0.878,credito_30,11.81
2017-08-15,PROV-31,SKU-1642399,PRODUCE,448.13,24.92,11167.4,8,388.63,0.8672,credito_30,6.89
2017-08-15,PROV-31,SKU-1686656,PRODUCE,244,8.68,2117.92,4,223.69,0.9168,credito_30,11.97
2017-08-15,PROV-31,SKU-1695835,PRODUCE,379.59,5.86,2224.4,6,299.17,0.7881,credito_30,8.88
2017-08-15,PROV-31,SKU-1751174,PRODUCE,250.06,10.13,2533.11,7,246.34,0.9851,credito_30,6.69
2017-08-15,PROV-31,SKU-1926217,PRODUCE,301,6.14,1848.14,9,259.59,0.8624,credito_30,5.65
2017-08-15,PROV-33,SKU-252698,SEAFOOD,18.26,7.5,136.95,6,17.12,0.9376,contado,11.52
